

============================== 15:28:22.956622 | b14e9442-483c-448e-9701-cdb479dc2784 ==============================
[0m15:28:22.956622 [info ] [Dummy-1   ]: Running with dbt=1.9.4
[0m15:28:22.957572 [debug] [Dummy-1   ]: running dbt with arguments {'printer_width': '80', 'indirect_selection': 'eager', 'write_json': 'True', 'log_cache_events': 'False', 'partial_parse': 'True', 'cache_selected_only': 'False', 'warn_error': 'None', 'debug': 'False', 'profiles_dir': '/tmp/dbt/', 'log_path': '/tmp/dbt/logs', 'version_check': 'True', 'fail_fast': 'False', 'use_colors': 'True', 'use_experimental_parser': 'False', 'no_print': 'None', 'quiet': 'False', 'empty': 'None', 'log_format': 'default', 'invocation_command': 'dbt ', 'introspect': 'True', 'warn_error_options': 'WarnErrorOptions(include=[], exclude=[])', 'target_path': '/tmp/dbt/target/', 'static_parser': 'True', 'send_anonymous_usage_stats': 'False'}
[0m15:28:23.235566 [info ] [Dummy-1   ]: Registered adapter: snowflake=1.9.2
[0m15:28:23.276701 [debug] [Dummy-1   ]: checksum: 53ed91fada2233efb98368d1716b44ab532c83a9c293cf1890b7905d5b45fb25, vars: {}, profile: , target: dev, version: 1.9.4
[0m15:28:23.277820 [info ] [Dummy-1   ]: Unable to do partial parsing because saved manifest not found. Starting full parse.
[0m15:28:25.641538 [debug] [Dummy-1   ]: Wrote artifact WritableManifest to /tmp/dbt/target/manifest.json
[0m15:28:25.643767 [debug] [Dummy-1   ]: Wrote artifact SemanticManifest to /tmp/dbt/target/semantic_manifest.json
[0m15:28:25.688828 [info ] [Dummy-1   ]: Found 21 models, 42 data tests, 3 seeds, 8 sources, 474 macros
[0m15:28:25.692201 [info ] [Dummy-1   ]: 
[0m15:28:25.692866 [info ] [Dummy-1   ]: Concurrency: 4 threads (target='dev')
[0m15:28:25.693456 [info ] [Dummy-1   ]: 
[0m15:28:25.694356 [debug] [Dummy-1   ]: Acquiring new snowflake connection 'master'
[0m15:28:25.700308 [debug] [ThreadPool]: Acquiring new snowflake connection 'list_APC_DEPLOY_DB'
[0m15:28:25.783817 [debug] [ThreadPool]: Using snowflake connection "list_APC_DEPLOY_DB"
[0m15:28:25.784473 [debug] [ThreadPool]: On list_APC_DEPLOY_DB: /* {"app": "dbt", "dbt_version": "1.9.4", "profile_name": "default", "target_name": "dev", "connection_name": "list_APC_DEPLOY_DB"} */
show terse schemas in database APC_DEPLOY_DB
    limit 10000
[0m15:28:25.785010 [debug] [ThreadPool]: Opening a new connection, currently in state init
[0m15:28:26.516799 [debug] [ThreadPool]: SQL status: SUCCESS 8 in 0.732 seconds
[0m15:28:26.521920 [debug] [ThreadPool]: Re-using an available connection from the pool (formerly list_APC_DEPLOY_DB, now list_APC_DEPLOY_DB_DBT_ANALYTICS_DBT_ANALYTICS)
[0m15:28:26.523397 [debug] [ThreadPool]: Acquiring new snowflake connection 'list_APC_DEPLOY_DB_DBT_ANALYTICS'
[0m15:28:26.540833 [debug] [ThreadPool]: Using snowflake connection "list_APC_DEPLOY_DB_DBT_ANALYTICS_DBT_ANALYTICS"
[0m15:28:26.548295 [debug] [ThreadPool]: Using snowflake connection "list_APC_DEPLOY_DB_DBT_ANALYTICS"
[0m15:28:26.549030 [debug] [ThreadPool]: On list_APC_DEPLOY_DB_DBT_ANALYTICS_DBT_ANALYTICS: /* {"app": "dbt", "dbt_version": "1.9.4", "profile_name": "default", "target_name": "dev", "connection_name": "list_APC_DEPLOY_DB_DBT_ANALYTICS_DBT_ANALYTICS"} */
alter session set quoted_identifiers_ignore_case = false;
[0m15:28:26.549662 [debug] [ThreadPool]: On list_APC_DEPLOY_DB_DBT_ANALYTICS: /* {"app": "dbt", "dbt_version": "1.9.4", "profile_name": "default", "target_name": "dev", "connection_name": "list_APC_DEPLOY_DB_DBT_ANALYTICS"} */
alter session set quoted_identifiers_ignore_case = false;
[0m15:28:26.550241 [debug] [ThreadPool]: Opening a new connection, currently in state init
[0m15:28:26.550789 [debug] [ThreadPool]: Opening a new connection, currently in state init
[0m15:28:27.306904 [debug] [ThreadPool]: SQL status: SUCCESS 1 in 0.756 seconds
[0m15:28:27.311697 [debug] [ThreadPool]: Using snowflake connection "list_APC_DEPLOY_DB_DBT_ANALYTICS"
[0m15:28:27.312358 [debug] [ThreadPool]: On list_APC_DEPLOY_DB_DBT_ANALYTICS: /* {"app": "dbt", "dbt_version": "1.9.4", "profile_name": "default", "target_name": "dev", "connection_name": "list_APC_DEPLOY_DB_DBT_ANALYTICS"} */
show objects in APC_DEPLOY_DB.DBT_ANALYTICS
    limit 10000
    
;
[0m15:28:27.374651 [debug] [ThreadPool]: SQL status: SUCCESS 1 in 0.824 seconds
[0m15:28:27.376819 [debug] [ThreadPool]: Using snowflake connection "list_APC_DEPLOY_DB_DBT_ANALYTICS_DBT_ANALYTICS"
[0m15:28:27.377395 [debug] [ThreadPool]: On list_APC_DEPLOY_DB_DBT_ANALYTICS_DBT_ANALYTICS: /* {"app": "dbt", "dbt_version": "1.9.4", "profile_name": "default", "target_name": "dev", "connection_name": "list_APC_DEPLOY_DB_DBT_ANALYTICS_DBT_ANALYTICS"} */
show objects in APC_DEPLOY_DB.DBT_ANALYTICS_DBT_ANALYTICS
    limit 10000
    
;
[0m15:28:27.544300 [debug] [ThreadPool]: SQL status: SUCCESS 21 in 0.231 seconds
[0m15:28:27.547040 [debug] [ThreadPool]: Using snowflake connection "list_APC_DEPLOY_DB_DBT_ANALYTICS"
[0m15:28:27.547638 [debug] [ThreadPool]: On list_APC_DEPLOY_DB_DBT_ANALYTICS: /* {"app": "dbt", "dbt_version": "1.9.4", "profile_name": "default", "target_name": "dev", "connection_name": "list_APC_DEPLOY_DB_DBT_ANALYTICS"} */
alter session unset quoted_identifiers_ignore_case;
[0m15:28:27.559768 [debug] [ThreadPool]: SQL status: SUCCESS 3 in 0.182 seconds
[0m15:28:27.562067 [debug] [ThreadPool]: Using snowflake connection "list_APC_DEPLOY_DB_DBT_ANALYTICS_DBT_ANALYTICS"
[0m15:28:27.562680 [debug] [ThreadPool]: On list_APC_DEPLOY_DB_DBT_ANALYTICS_DBT_ANALYTICS: /* {"app": "dbt", "dbt_version": "1.9.4", "profile_name": "default", "target_name": "dev", "connection_name": "list_APC_DEPLOY_DB_DBT_ANALYTICS_DBT_ANALYTICS"} */
alter session unset quoted_identifiers_ignore_case;
[0m15:28:27.670138 [debug] [ThreadPool]: SQL status: SUCCESS 1 in 0.122 seconds
[0m15:28:27.688018 [debug] [ThreadPool]: SQL status: SUCCESS 1 in 0.125 seconds
[0m15:28:27.700367 [debug] [Thread-2 (]: Began running node seed.apc.cost_component_map
[0m15:28:27.701181 [debug] [Thread-3 (]: Began running node seed.apc.material_type_map
[0m15:28:27.701931 [debug] [Thread-4 (]: Began running node seed.apc.plant_energy_intensity
[0m15:28:27.702738 [info ] [Thread-2 (]: 1 of 3 START seed file DBT_ANALYTICS_DBT_ANALYTICS.cost_component_map .......... [RUN]
[0m15:28:27.703530 [info ] [Thread-3 (]: 2 of 3 START seed file DBT_ANALYTICS_DBT_ANALYTICS.material_type_map ........... [RUN]
[0m15:28:27.704270 [info ] [Thread-4 (]: 3 of 3 START seed file DBT_ANALYTICS_DBT_ANALYTICS.plant_energy_intensity ...... [RUN]
[0m15:28:27.705018 [debug] [Thread-2 (]: Re-using an available connection from the pool (formerly list_APC_DEPLOY_DB_DBT_ANALYTICS_DBT_ANALYTICS, now seed.apc.cost_component_map)
[0m15:28:27.705728 [debug] [Thread-3 (]: Re-using an available connection from the pool (formerly list_APC_DEPLOY_DB_DBT_ANALYTICS, now seed.apc.material_type_map)
[0m15:28:27.706501 [debug] [Thread-4 (]: Acquiring new snowflake connection 'seed.apc.plant_energy_intensity'
[0m15:28:27.707127 [debug] [Thread-2 (]: Began compiling node seed.apc.cost_component_map
[0m15:28:27.707728 [debug] [Thread-3 (]: Began compiling node seed.apc.material_type_map
[0m15:28:27.708303 [debug] [Thread-4 (]: Began compiling node seed.apc.plant_energy_intensity
[0m15:28:27.708999 [debug] [Thread-2 (]: Began executing node seed.apc.cost_component_map
[0m15:28:27.709575 [debug] [Thread-3 (]: Began executing node seed.apc.material_type_map
[0m15:28:27.710175 [debug] [Thread-4 (]: Began executing node seed.apc.plant_energy_intensity
[0m15:28:27.788868 [debug] [Thread-3 (]: Using snowflake connection "seed.apc.material_type_map"
[0m15:28:27.791543 [debug] [Thread-2 (]: Using snowflake connection "seed.apc.cost_component_map"
[0m15:28:27.792537 [debug] [Thread-3 (]: On seed.apc.material_type_map: /* {"app": "dbt", "dbt_version": "1.9.4", "profile_name": "default", "target_name": "dev", "node_id": "seed.apc.material_type_map"} */
BEGIN
[0m15:28:27.800996 [debug] [Thread-4 (]: Using snowflake connection "seed.apc.plant_energy_intensity"
[0m15:28:27.801797 [debug] [Thread-2 (]: On seed.apc.cost_component_map: /* {"app": "dbt", "dbt_version": "1.9.4", "profile_name": "default", "target_name": "dev", "node_id": "seed.apc.cost_component_map"} */
BEGIN
[0m15:28:27.802676 [debug] [Thread-3 (]: Opening a new connection, currently in state init
[0m15:28:27.803462 [debug] [Thread-4 (]: On seed.apc.plant_energy_intensity: /* {"app": "dbt", "dbt_version": "1.9.4", "profile_name": "default", "target_name": "dev", "node_id": "seed.apc.plant_energy_intensity"} */
BEGIN
[0m15:28:27.804199 [debug] [Thread-2 (]: Opening a new connection, currently in state init
[0m15:28:27.805221 [debug] [Thread-4 (]: Opening a new connection, currently in state init
[0m15:28:28.645265 [debug] [Thread-3 (]: SQL status: SUCCESS 1 in 0.842 seconds
[0m15:28:28.647143 [debug] [Thread-4 (]: SQL status: SUCCESS 1 in 0.842 seconds
[0m15:28:28.647968 [debug] [Thread-3 (]: Using snowflake connection "seed.apc.material_type_map"
[0m15:28:28.648998 [debug] [Thread-4 (]: Using snowflake connection "seed.apc.plant_energy_intensity"
[0m15:28:28.650973 [debug] [Thread-2 (]: SQL status: SUCCESS 1 in 0.847 seconds
[0m15:28:28.651728 [debug] [Thread-3 (]: On seed.apc.material_type_map: /* {"app": "dbt", "dbt_version": "1.9.4", "profile_name": "default", "target_name": "dev", "node_id": "seed.apc.material_type_map"} */
truncate table "APC_DEPLOY_DB"."DBT_ANALYTICS_DBT_ANALYTICS"."MATERIAL_TYPE_MAP"
  ;
[0m15:28:28.652492 [debug] [Thread-4 (]: On seed.apc.plant_energy_intensity: /* {"app": "dbt", "dbt_version": "1.9.4", "profile_name": "default", "target_name": "dev", "node_id": "seed.apc.plant_energy_intensity"} */
truncate table "APC_DEPLOY_DB"."DBT_ANALYTICS_DBT_ANALYTICS"."PLANT_ENERGY_INTENSITY"
  ;
[0m15:28:28.653216 [debug] [Thread-2 (]: Using snowflake connection "seed.apc.cost_component_map"
[0m15:28:28.659146 [debug] [Thread-2 (]: On seed.apc.cost_component_map: /* {"app": "dbt", "dbt_version": "1.9.4", "profile_name": "default", "target_name": "dev", "node_id": "seed.apc.cost_component_map"} */
truncate table "APC_DEPLOY_DB"."DBT_ANALYTICS_DBT_ANALYTICS"."COST_COMPONENT_MAP"
  ;
[0m15:28:29.005895 [debug] [Thread-4 (]: SQL status: SUCCESS 1 in 0.348 seconds
[0m15:28:29.006896 [debug] [Thread-4 (]: Using snowflake connection "seed.apc.plant_energy_intensity"
[0m15:28:29.007647 [debug] [Thread-4 (]: On seed.apc.plant_energy_intensity: /* {"app": "dbt", "dbt_version": "1.9.4", "profile_name": "default", "target_name": "dev", "node_id": "seed.apc.plant_energy_intensity"} */
COMMIT
[0m15:28:29.010897 [debug] [Thread-3 (]: SQL status: SUCCESS 1 in 0.357 seconds
[0m15:28:29.011778 [debug] [Thread-3 (]: Using snowflake connection "seed.apc.material_type_map"
[0m15:28:29.012506 [debug] [Thread-3 (]: On seed.apc.material_type_map: /* {"app": "dbt", "dbt_version": "1.9.4", "profile_name": "default", "target_name": "dev", "node_id": "seed.apc.material_type_map"} */
COMMIT
[0m15:28:29.073085 [debug] [Thread-2 (]: SQL status: SUCCESS 1 in 0.413 seconds
[0m15:28:29.074092 [debug] [Thread-2 (]: Using snowflake connection "seed.apc.cost_component_map"
[0m15:28:29.074913 [debug] [Thread-2 (]: On seed.apc.cost_component_map: /* {"app": "dbt", "dbt_version": "1.9.4", "profile_name": "default", "target_name": "dev", "node_id": "seed.apc.cost_component_map"} */
COMMIT
[0m15:28:29.463587 [debug] [Thread-4 (]: SQL status: SUCCESS 1 in 0.455 seconds
[0m15:28:29.478832 [debug] [Thread-4 (]: Using snowflake connection "seed.apc.plant_energy_intensity"
[0m15:28:29.479598 [debug] [Thread-4 (]: On seed.apc.plant_energy_intensity: /* {"app": "dbt", "dbt_version": "1.9.4", "profile_name": "default", "target_name": "dev", "node_id": "seed.apc.plant_energy_intensity"} */
BEGIN
[0m15:28:29.509951 [debug] [Thread-2 (]: SQL status: SUCCESS 1 in 0.434 seconds
[0m15:28:29.512206 [debug] [Thread-2 (]: Using snowflake connection "seed.apc.cost_component_map"
[0m15:28:29.512841 [debug] [Thread-2 (]: On seed.apc.cost_component_map: /* {"app": "dbt", "dbt_version": "1.9.4", "profile_name": "default", "target_name": "dev", "node_id": "seed.apc.cost_component_map"} */
BEGIN
[0m15:28:29.547433 [debug] [Thread-3 (]: SQL status: SUCCESS 1 in 0.534 seconds
[0m15:28:29.549637 [debug] [Thread-3 (]: Using snowflake connection "seed.apc.material_type_map"
[0m15:28:29.550346 [debug] [Thread-3 (]: On seed.apc.material_type_map: /* {"app": "dbt", "dbt_version": "1.9.4", "profile_name": "default", "target_name": "dev", "node_id": "seed.apc.material_type_map"} */
BEGIN
[0m15:28:29.646870 [debug] [Thread-4 (]: SQL status: SUCCESS 1 in 0.166 seconds
[0m15:28:29.647987 [debug] [Thread-4 (]: Using snowflake connection "seed.apc.plant_energy_intensity"
[0m15:28:29.648670 [debug] [Thread-4 (]: On seed.apc.plant_energy_intensity: /* {"app": "dbt", "dbt_version": "1.9.4", "profile_name": "default", "target_name": "dev", "node_id": "seed.apc.plant_energy_intensity"} */
insert into APC_DEPLOY_DB.DBT_ANALYTICS_DBT_ANALYTICS.plant_energy_intensity (plant_code, country, energy_index, mwh_per_unit) values
            (%s,%s,%s,%s),(%s,%s,%s,%s),(%s,%s,%s,%s),(%s,%s,%s,%s),(%s,%s,%s,%s)...
[0m15:28:29.671609 [debug] [Thread-2 (]: SQL status: SUCCESS 1 in 0.158 seconds
[0m15:28:29.672669 [debug] [Thread-2 (]: Using snowflake connection "seed.apc.cost_component_map"
[0m15:28:29.673318 [debug] [Thread-2 (]: On seed.apc.cost_component_map: /* {"app": "dbt", "dbt_version": "1.9.4", "profile_name": "default", "target_name": "dev", "node_id": "seed.apc.cost_component_map"} */
insert into APC_DEPLOY_DB.DBT_ANALYTICS_DBT_ANALYTICS.cost_component_map (element, cost_component) values
            (%s,%s),(%s,%s),(%s,%s),(%s,%s),(%s,%s),(%s,%s),(%s,%s),(%s,%s),(%s,%s)...
[0m15:28:29.710500 [debug] [Thread-3 (]: SQL status: SUCCESS 1 in 0.159 seconds
[0m15:28:29.711506 [debug] [Thread-3 (]: Using snowflake connection "seed.apc.material_type_map"
[0m15:28:29.712114 [debug] [Thread-3 (]: On seed.apc.material_type_map: /* {"app": "dbt", "dbt_version": "1.9.4", "profile_name": "default", "target_name": "dev", "node_id": "seed.apc.material_type_map"} */
insert into APC_DEPLOY_DB.DBT_ANALYTICS_DBT_ANALYTICS.material_type_map (mtart, material_type_desc) values
            (%s,%s),(%s,%s),(%s,%s)...
[0m15:28:30.051874 [debug] [Thread-4 (]: SQL status: SUCCESS 5 in 0.402 seconds
[0m15:28:30.052746 [debug] [Thread-4 (]: Using snowflake connection "seed.apc.plant_energy_intensity"
[0m15:28:30.053382 [debug] [Thread-4 (]: On seed.apc.plant_energy_intensity: /* {"app": "dbt", "dbt_version": "1.9.4", "profile_name": "default", "target_name": "dev", "node_id": "seed.apc.plant_energy_intensity"} */
COMMIT
[0m15:28:30.096036 [debug] [Thread-2 (]: SQL status: SUCCESS 9 in 0.422 seconds
[0m15:28:30.096896 [debug] [Thread-2 (]: Using snowflake connection "seed.apc.cost_component_map"
[0m15:28:30.097533 [debug] [Thread-2 (]: On seed.apc.cost_component_map: /* {"app": "dbt", "dbt_version": "1.9.4", "profile_name": "default", "target_name": "dev", "node_id": "seed.apc.cost_component_map"} */
COMMIT
[0m15:28:30.105974 [debug] [Thread-3 (]: SQL status: SUCCESS 3 in 0.393 seconds
[0m15:28:30.106807 [debug] [Thread-3 (]: Using snowflake connection "seed.apc.material_type_map"
[0m15:28:30.107410 [debug] [Thread-3 (]: On seed.apc.material_type_map: /* {"app": "dbt", "dbt_version": "1.9.4", "profile_name": "default", "target_name": "dev", "node_id": "seed.apc.material_type_map"} */
COMMIT
[0m15:28:30.406315 [debug] [Thread-4 (]: SQL status: SUCCESS 1 in 0.352 seconds
[0m15:28:30.412633 [debug] [Thread-4 (]: Writing runtime SQL for node "seed.apc.plant_energy_intensity"
[0m15:28:30.436405 [info ] [Thread-4 (]: 3 of 3 OK loaded seed file DBT_ANALYTICS_DBT_ANALYTICS.plant_energy_intensity .. [[32mINSERT 5[0m in 2.73s]
[0m15:28:30.437372 [debug] [Thread-4 (]: Finished running node seed.apc.plant_energy_intensity
[0m15:28:30.472526 [debug] [Thread-2 (]: SQL status: SUCCESS 1 in 0.374 seconds
[0m15:28:30.473604 [debug] [Thread-2 (]: Writing runtime SQL for node "seed.apc.cost_component_map"
[0m15:28:30.476656 [info ] [Thread-2 (]: 1 of 3 OK loaded seed file DBT_ANALYTICS_DBT_ANALYTICS.cost_component_map ...... [[32mINSERT 9[0m in 2.77s]
[0m15:28:30.477518 [debug] [Thread-2 (]: Finished running node seed.apc.cost_component_map
[0m15:28:30.489536 [debug] [Thread-3 (]: SQL status: SUCCESS 1 in 0.381 seconds
[0m15:28:30.490592 [debug] [Thread-3 (]: Writing runtime SQL for node "seed.apc.material_type_map"
[0m15:28:30.493577 [info ] [Thread-3 (]: 2 of 3 OK loaded seed file DBT_ANALYTICS_DBT_ANALYTICS.material_type_map ....... [[32mINSERT 3[0m in 2.79s]
[0m15:28:30.494475 [debug] [Thread-3 (]: Finished running node seed.apc.material_type_map
[0m15:28:30.497442 [debug] [Dummy-1   ]: Connection 'master' was properly closed.
[0m15:28:30.501647 [debug] [Dummy-1   ]: Connection 'seed.apc.cost_component_map' was properly closed.
[0m15:28:30.502322 [debug] [Dummy-1   ]: Connection 'seed.apc.material_type_map' was properly closed.
[0m15:28:30.502867 [debug] [Dummy-1   ]: Connection 'seed.apc.plant_energy_intensity' was properly closed.
[0m15:28:30.503512 [info ] [Dummy-1   ]: 
[0m15:28:30.504096 [info ] [Dummy-1   ]: Finished running 3 seeds in 0 hours 0 minutes and 4.81 seconds (4.81s).
[0m15:28:30.505226 [debug] [Dummy-1   ]: Command end result
[0m15:28:30.540619 [debug] [Dummy-1   ]: Wrote artifact WritableManifest to /tmp/dbt/target/manifest.json
[0m15:28:30.543102 [debug] [Dummy-1   ]: Wrote artifact SemanticManifest to /tmp/dbt/target/semantic_manifest.json
[0m15:28:30.549289 [debug] [Dummy-1   ]: Wrote artifact RunExecutionResult to /tmp/dbt/target/run_results.json
[0m15:28:30.549908 [info ] [Dummy-1   ]: 
[0m15:28:30.550670 [info ] [Dummy-1   ]: [32mCompleted successfully[0m
[0m15:28:30.551233 [info ] [Dummy-1   ]: 
[0m15:28:30.551894 [info ] [Dummy-1   ]: Done. PASS=3 WARN=0 ERROR=0 SKIP=0 TOTAL=3
[0m15:28:30.553693 [debug] [Dummy-1   ]: Resource report: {"command_name": "seed", "command_success": true, "command_wall_clock_time": 7.67012, "process_in_blocks": "0", "process_kernel_time": 0.94, "process_mem_max_rss": "511320", "process_out_blocks": "0", "process_user_time": 6.16}
[0m15:28:30.554448 [debug] [Dummy-1   ]: Command `cli seed` succeeded at 15:28:30.554071 after 7.67 seconds
[0m15:28:30.555085 [debug] [Dummy-1   ]: Flushing usage events


============================== 15:28:50.465534 | 1c2cb10e-0bce-436a-9d8d-d66b1cff2266 ==============================
[0m15:28:50.465534 [info ] [Dummy-1   ]: Running with dbt=1.9.4
[0m15:28:50.466478 [debug] [Dummy-1   ]: running dbt with arguments {'printer_width': '80', 'indirect_selection': 'eager', 'log_cache_events': 'False', 'write_json': 'True', 'partial_parse': 'True', 'cache_selected_only': 'False', 'warn_error': 'None', 'fail_fast': 'False', 'debug': 'False', 'log_path': '/tmp/dbt/logs', 'version_check': 'True', 'profiles_dir': '/tmp/dbt/', 'use_colors': 'True', 'use_experimental_parser': 'False', 'no_print': 'None', 'quiet': 'False', 'empty': 'False', 'log_format': 'default', 'introspect': 'True', 'warn_error_options': 'WarnErrorOptions(include=[], exclude=[])', 'static_parser': 'True', 'target_path': '/tmp/dbt/target/', 'invocation_command': 'dbt ', 'send_anonymous_usage_stats': 'False'}
[0m15:28:50.747938 [info ] [Dummy-1   ]: Registered adapter: snowflake=1.9.2
[0m15:28:50.789154 [debug] [Dummy-1   ]: checksum: 53ed91fada2233efb98368d1716b44ab532c83a9c293cf1890b7905d5b45fb25, vars: {}, profile: , target: dev, version: 1.9.4
[0m15:28:51.092574 [debug] [Dummy-1   ]: Partial parsing enabled: 0 files deleted, 0 files added, 0 files changed.
[0m15:28:51.093242 [debug] [Dummy-1   ]: Partial parsing enabled, no changes found, skipping parsing
[0m15:28:51.291114 [debug] [Dummy-1   ]: Wrote artifact WritableManifest to /tmp/dbt/target/manifest.json
[0m15:28:51.293405 [debug] [Dummy-1   ]: Wrote artifact SemanticManifest to /tmp/dbt/target/semantic_manifest.json
[0m15:28:51.339492 [info ] [Dummy-1   ]: Found 21 models, 42 data tests, 3 seeds, 8 sources, 474 macros
[0m15:28:51.343286 [info ] [Dummy-1   ]: 
[0m15:28:51.343940 [info ] [Dummy-1   ]: Concurrency: 4 threads (target='dev')
[0m15:28:51.344488 [info ] [Dummy-1   ]: 
[0m15:28:51.345338 [debug] [Dummy-1   ]: Acquiring new snowflake connection 'master'
[0m15:28:51.352518 [debug] [ThreadPool]: Acquiring new snowflake connection 'list_APC_DEPLOY_DB'
[0m15:28:51.439081 [debug] [ThreadPool]: Using snowflake connection "list_APC_DEPLOY_DB"
[0m15:28:51.439790 [debug] [ThreadPool]: On list_APC_DEPLOY_DB: /* {"app": "dbt", "dbt_version": "1.9.4", "profile_name": "default", "target_name": "dev", "connection_name": "list_APC_DEPLOY_DB"} */
show terse schemas in database APC_DEPLOY_DB
    limit 10000
[0m15:28:51.440369 [debug] [ThreadPool]: Opening a new connection, currently in state init
[0m15:28:52.217347 [debug] [ThreadPool]: SQL status: SUCCESS 8 in 0.777 seconds
[0m15:28:52.222638 [debug] [ThreadPool]: Re-using an available connection from the pool (formerly list_APC_DEPLOY_DB, now list_APC_DEPLOY_DB_DBT_ANALYTICS)
[0m15:28:52.224018 [debug] [ThreadPool]: Acquiring new snowflake connection 'list_APC_DEPLOY_DB_DBT_ANALYTICS_DBT_ANALYTICS'
[0m15:28:52.241245 [debug] [ThreadPool]: Using snowflake connection "list_APC_DEPLOY_DB_DBT_ANALYTICS"
[0m15:28:52.249967 [debug] [ThreadPool]: Using snowflake connection "list_APC_DEPLOY_DB_DBT_ANALYTICS_DBT_ANALYTICS"
[0m15:28:52.250677 [debug] [ThreadPool]: On list_APC_DEPLOY_DB_DBT_ANALYTICS: /* {"app": "dbt", "dbt_version": "1.9.4", "profile_name": "default", "target_name": "dev", "connection_name": "list_APC_DEPLOY_DB_DBT_ANALYTICS"} */
alter session set quoted_identifiers_ignore_case = false;
[0m15:28:52.251296 [debug] [ThreadPool]: On list_APC_DEPLOY_DB_DBT_ANALYTICS_DBT_ANALYTICS: /* {"app": "dbt", "dbt_version": "1.9.4", "profile_name": "default", "target_name": "dev", "connection_name": "list_APC_DEPLOY_DB_DBT_ANALYTICS_DBT_ANALYTICS"} */
alter session set quoted_identifiers_ignore_case = false;
[0m15:28:52.251909 [debug] [ThreadPool]: Opening a new connection, currently in state init
[0m15:28:52.252495 [debug] [ThreadPool]: Opening a new connection, currently in state init
[0m15:28:53.048256 [debug] [ThreadPool]: SQL status: SUCCESS 1 in 0.796 seconds
[0m15:28:53.053100 [debug] [ThreadPool]: Using snowflake connection "list_APC_DEPLOY_DB_DBT_ANALYTICS"
[0m15:28:53.053747 [debug] [ThreadPool]: On list_APC_DEPLOY_DB_DBT_ANALYTICS: /* {"app": "dbt", "dbt_version": "1.9.4", "profile_name": "default", "target_name": "dev", "connection_name": "list_APC_DEPLOY_DB_DBT_ANALYTICS"} */
show objects in APC_DEPLOY_DB.DBT_ANALYTICS
    limit 10000
    
;
[0m15:28:53.070191 [debug] [ThreadPool]: SQL status: SUCCESS 1 in 0.818 seconds
[0m15:28:53.072693 [debug] [ThreadPool]: Using snowflake connection "list_APC_DEPLOY_DB_DBT_ANALYTICS_DBT_ANALYTICS"
[0m15:28:53.073293 [debug] [ThreadPool]: On list_APC_DEPLOY_DB_DBT_ANALYTICS_DBT_ANALYTICS: /* {"app": "dbt", "dbt_version": "1.9.4", "profile_name": "default", "target_name": "dev", "connection_name": "list_APC_DEPLOY_DB_DBT_ANALYTICS_DBT_ANALYTICS"} */
show objects in APC_DEPLOY_DB.DBT_ANALYTICS_DBT_ANALYTICS
    limit 10000
    
;
[0m15:28:53.230978 [debug] [ThreadPool]: SQL status: SUCCESS 21 in 0.177 seconds
[0m15:28:53.233896 [debug] [ThreadPool]: Using snowflake connection "list_APC_DEPLOY_DB_DBT_ANALYTICS"
[0m15:28:53.234558 [debug] [ThreadPool]: On list_APC_DEPLOY_DB_DBT_ANALYTICS: /* {"app": "dbt", "dbt_version": "1.9.4", "profile_name": "default", "target_name": "dev", "connection_name": "list_APC_DEPLOY_DB_DBT_ANALYTICS"} */
alter session unset quoted_identifiers_ignore_case;
[0m15:28:53.253452 [debug] [ThreadPool]: SQL status: SUCCESS 3 in 0.179 seconds
[0m15:28:53.255676 [debug] [ThreadPool]: Using snowflake connection "list_APC_DEPLOY_DB_DBT_ANALYTICS_DBT_ANALYTICS"
[0m15:28:53.256262 [debug] [ThreadPool]: On list_APC_DEPLOY_DB_DBT_ANALYTICS_DBT_ANALYTICS: /* {"app": "dbt", "dbt_version": "1.9.4", "profile_name": "default", "target_name": "dev", "connection_name": "list_APC_DEPLOY_DB_DBT_ANALYTICS_DBT_ANALYTICS"} */
alter session unset quoted_identifiers_ignore_case;
[0m15:28:53.364892 [debug] [ThreadPool]: SQL status: SUCCESS 1 in 0.130 seconds
[0m15:28:53.383227 [debug] [ThreadPool]: SQL status: SUCCESS 1 in 0.126 seconds
[0m15:28:53.392244 [debug] [Thread-2 (]: Began running node model.apc.stg_cost_components
[0m15:28:53.393036 [debug] [Thread-3 (]: Began running node model.apc.stg_energy_prices
[0m15:28:53.393784 [debug] [Thread-4 (]: Began running node model.apc.stg_fx_rates
[0m15:28:53.394551 [debug] [Thread-5 (]: Began running node model.apc.stg_ledger_postings
[0m15:28:53.395331 [info ] [Thread-2 (]: 1 of 21 START sql dynamic_table model DBT_ANALYTICS.stg_cost_components ........ [RUN]
[0m15:28:53.396155 [info ] [Thread-3 (]: 2 of 21 START sql dynamic_table model DBT_ANALYTICS.stg_energy_prices .......... [RUN]
[0m15:28:53.396939 [info ] [Thread-4 (]: 3 of 21 START sql dynamic_table model DBT_ANALYTICS.stg_fx_rates ............... [RUN]
[0m15:28:53.397699 [info ] [Thread-5 (]: 4 of 21 START sql dynamic_table model DBT_ANALYTICS.stg_ledger_postings ........ [RUN]
[0m15:28:53.398494 [debug] [Thread-2 (]: Re-using an available connection from the pool (formerly list_APC_DEPLOY_DB_DBT_ANALYTICS, now model.apc.stg_cost_components)
[0m15:28:53.399210 [debug] [Thread-3 (]: Re-using an available connection from the pool (formerly list_APC_DEPLOY_DB_DBT_ANALYTICS_DBT_ANALYTICS, now model.apc.stg_energy_prices)
[0m15:28:53.399992 [debug] [Thread-4 (]: Acquiring new snowflake connection 'model.apc.stg_fx_rates'
[0m15:28:53.400743 [debug] [Thread-5 (]: Acquiring new snowflake connection 'model.apc.stg_ledger_postings'
[0m15:28:53.401371 [debug] [Thread-2 (]: Began compiling node model.apc.stg_cost_components
[0m15:28:53.402006 [debug] [Thread-3 (]: Began compiling node model.apc.stg_energy_prices
[0m15:28:53.402672 [debug] [Thread-4 (]: Began compiling node model.apc.stg_fx_rates
[0m15:28:53.403288 [debug] [Thread-5 (]: Began compiling node model.apc.stg_ledger_postings
[0m15:28:53.416373 [debug] [Thread-2 (]: Writing injected SQL for node "model.apc.stg_cost_components"
[0m15:28:53.425841 [debug] [Thread-3 (]: Writing injected SQL for node "model.apc.stg_energy_prices"
[0m15:28:53.433829 [debug] [Thread-4 (]: Writing injected SQL for node "model.apc.stg_fx_rates"
[0m15:28:53.441997 [debug] [Thread-5 (]: Writing injected SQL for node "model.apc.stg_ledger_postings"
[0m15:28:53.444016 [debug] [Thread-2 (]: Began executing node model.apc.stg_cost_components
[0m15:28:53.444643 [debug] [Thread-3 (]: Began executing node model.apc.stg_energy_prices
[0m15:28:53.445500 [debug] [Thread-4 (]: Began executing node model.apc.stg_fx_rates
[0m15:28:53.492908 [debug] [Thread-5 (]: Began executing node model.apc.stg_ledger_postings
[0m15:28:53.493988 [debug] [Thread-3 (]: Using snowflake connection "model.apc.stg_energy_prices"
[0m15:28:53.496964 [debug] [Thread-2 (]: Using snowflake connection "model.apc.stg_cost_components"
[0m15:28:53.506421 [debug] [Thread-4 (]: Using snowflake connection "model.apc.stg_fx_rates"
[0m15:28:53.514913 [debug] [Thread-5 (]: Using snowflake connection "model.apc.stg_ledger_postings"
[0m15:28:53.515646 [debug] [Thread-3 (]: On model.apc.stg_energy_prices: /* {"app": "dbt", "dbt_version": "1.9.4", "profile_name": "default", "target_name": "dev", "node_id": "model.apc.stg_energy_prices"} */
alter session set quoted_identifiers_ignore_case = false;
[0m15:28:53.516325 [debug] [Thread-2 (]: On model.apc.stg_cost_components: /* {"app": "dbt", "dbt_version": "1.9.4", "profile_name": "default", "target_name": "dev", "node_id": "model.apc.stg_cost_components"} */
alter session set quoted_identifiers_ignore_case = false;
[0m15:28:53.516982 [debug] [Thread-4 (]: On model.apc.stg_fx_rates: /* {"app": "dbt", "dbt_version": "1.9.4", "profile_name": "default", "target_name": "dev", "node_id": "model.apc.stg_fx_rates"} */
alter session set quoted_identifiers_ignore_case = false;
[0m15:28:53.517600 [debug] [Thread-5 (]: On model.apc.stg_ledger_postings: /* {"app": "dbt", "dbt_version": "1.9.4", "profile_name": "default", "target_name": "dev", "node_id": "model.apc.stg_ledger_postings"} */
alter session set quoted_identifiers_ignore_case = false;
[0m15:28:53.518224 [debug] [Thread-3 (]: Opening a new connection, currently in state init
[0m15:28:53.518953 [debug] [Thread-2 (]: Opening a new connection, currently in state init
[0m15:28:53.519629 [debug] [Thread-4 (]: Opening a new connection, currently in state init
[0m15:28:53.520238 [debug] [Thread-5 (]: Opening a new connection, currently in state init
[0m15:28:54.402656 [debug] [Thread-2 (]: SQL status: SUCCESS 1 in 0.884 seconds
[0m15:28:54.403469 [debug] [Thread-2 (]: Using snowflake connection "model.apc.stg_cost_components"
[0m15:28:54.404161 [debug] [Thread-2 (]: On model.apc.stg_cost_components: /* {"app": "dbt", "dbt_version": "1.9.4", "profile_name": "default", "target_name": "dev", "node_id": "model.apc.stg_cost_components"} */
show dynamic tables
            like 'STG_COST_COMPONENTS'
            in schema APC_DEPLOY_DB.DBT_ANALYTICS
        ;
[0m15:28:54.415022 [debug] [Thread-5 (]: SQL status: SUCCESS 1 in 0.895 seconds
[0m15:28:54.415740 [debug] [Thread-5 (]: Using snowflake connection "model.apc.stg_ledger_postings"
[0m15:28:54.416327 [debug] [Thread-5 (]: On model.apc.stg_ledger_postings: /* {"app": "dbt", "dbt_version": "1.9.4", "profile_name": "default", "target_name": "dev", "node_id": "model.apc.stg_ledger_postings"} */
show dynamic tables
            like 'STG_LEDGER_POSTINGS'
            in schema APC_DEPLOY_DB.DBT_ANALYTICS
        ;
[0m15:28:54.455438 [debug] [Thread-4 (]: SQL status: SUCCESS 1 in 0.936 seconds
[0m15:28:54.456192 [debug] [Thread-4 (]: Using snowflake connection "model.apc.stg_fx_rates"
[0m15:28:54.456893 [debug] [Thread-4 (]: On model.apc.stg_fx_rates: /* {"app": "dbt", "dbt_version": "1.9.4", "profile_name": "default", "target_name": "dev", "node_id": "model.apc.stg_fx_rates"} */
show dynamic tables
            like 'STG_FX_RATES'
            in schema APC_DEPLOY_DB.DBT_ANALYTICS
        ;
[0m15:28:54.464625 [debug] [Thread-3 (]: SQL status: SUCCESS 1 in 0.946 seconds
[0m15:28:54.465367 [debug] [Thread-3 (]: Using snowflake connection "model.apc.stg_energy_prices"
[0m15:28:54.466007 [debug] [Thread-3 (]: On model.apc.stg_energy_prices: /* {"app": "dbt", "dbt_version": "1.9.4", "profile_name": "default", "target_name": "dev", "node_id": "model.apc.stg_energy_prices"} */
show dynamic tables
            like 'STG_ENERGY_PRICES'
            in schema APC_DEPLOY_DB.DBT_ANALYTICS
        ;
[0m15:28:54.726280 [debug] [Thread-3 (]: SQL status: SUCCESS 1 in 0.260 seconds
[0m15:28:54.727061 [debug] [Thread-3 (]: Using snowflake connection "model.apc.stg_energy_prices"
[0m15:28:54.727702 [debug] [Thread-3 (]: On model.apc.stg_energy_prices: /* {"app": "dbt", "dbt_version": "1.9.4", "profile_name": "default", "target_name": "dev", "node_id": "model.apc.stg_energy_prices"} */
select
            "name",
            "schema_name",
            "database_name",
            "text",
            "target_lag",
            "warehouse",
            "refresh_mode"
        from table(result_scan(last_query_id()))
[0m15:28:54.758759 [debug] [Thread-5 (]: SQL status: SUCCESS 1 in 0.342 seconds
[0m15:28:54.760233 [debug] [Thread-2 (]: SQL status: SUCCESS 1 in 0.355 seconds
[0m15:28:54.761195 [debug] [Thread-5 (]: Using snowflake connection "model.apc.stg_ledger_postings"
[0m15:28:54.761924 [debug] [Thread-2 (]: Using snowflake connection "model.apc.stg_cost_components"
[0m15:28:54.762625 [debug] [Thread-5 (]: On model.apc.stg_ledger_postings: /* {"app": "dbt", "dbt_version": "1.9.4", "profile_name": "default", "target_name": "dev", "node_id": "model.apc.stg_ledger_postings"} */
select
            "name",
            "schema_name",
            "database_name",
            "text",
            "target_lag",
            "warehouse",
            "refresh_mode"
        from table(result_scan(last_query_id()))
[0m15:28:54.763318 [debug] [Thread-2 (]: On model.apc.stg_cost_components: /* {"app": "dbt", "dbt_version": "1.9.4", "profile_name": "default", "target_name": "dev", "node_id": "model.apc.stg_cost_components"} */
select
            "name",
            "schema_name",
            "database_name",
            "text",
            "target_lag",
            "warehouse",
            "refresh_mode"
        from table(result_scan(last_query_id()))
[0m15:28:54.797551 [debug] [Thread-4 (]: SQL status: SUCCESS 1 in 0.340 seconds
[0m15:28:54.798387 [debug] [Thread-4 (]: Using snowflake connection "model.apc.stg_fx_rates"
[0m15:28:54.799050 [debug] [Thread-4 (]: On model.apc.stg_fx_rates: /* {"app": "dbt", "dbt_version": "1.9.4", "profile_name": "default", "target_name": "dev", "node_id": "model.apc.stg_fx_rates"} */
select
            "name",
            "schema_name",
            "database_name",
            "text",
            "target_lag",
            "warehouse",
            "refresh_mode"
        from table(result_scan(last_query_id()))
[0m15:28:55.162632 [debug] [Thread-2 (]: SQL status: SUCCESS 1 in 0.398 seconds
[0m15:28:55.169214 [debug] [Thread-2 (]: Applying ALTER to: "APC_DEPLOY_DB"."DBT_ANALYTICS"."STG_COST_COMPONENTS"
[0m15:28:55.169988 [debug] [Thread-2 (]: Applying UPDATE TARGET_LAG to: "APC_DEPLOY_DB"."DBT_ANALYTICS"."STG_COST_COMPONENTS"
[0m15:28:55.173686 [debug] [Thread-2 (]: Writing runtime sql for node "model.apc.stg_cost_components"
[0m15:28:55.174849 [debug] [Thread-2 (]: Using snowflake connection "model.apc.stg_cost_components"
[0m15:28:55.175484 [debug] [Thread-2 (]: On model.apc.stg_cost_components: /* {"app": "dbt", "dbt_version": "1.9.4", "profile_name": "default", "target_name": "dev", "node_id": "model.apc.stg_cost_components"} */
alter dynamic table "APC_DEPLOY_DB"."DBT_ANALYTICS"."STG_COST_COMPONENTS" set
            target_lag = 'downstream'
[0m15:28:55.188093 [debug] [Thread-3 (]: SQL status: SUCCESS 1 in 0.460 seconds
[0m15:28:55.193942 [debug] [Thread-3 (]: Applying ALTER to: "APC_DEPLOY_DB"."DBT_ANALYTICS"."STG_ENERGY_PRICES"
[0m15:28:55.194678 [debug] [Thread-3 (]: Applying UPDATE TARGET_LAG to: "APC_DEPLOY_DB"."DBT_ANALYTICS"."STG_ENERGY_PRICES"
[0m15:28:55.195485 [debug] [Thread-3 (]: Writing runtime sql for node "model.apc.stg_energy_prices"
[0m15:28:55.196456 [debug] [Thread-3 (]: Using snowflake connection "model.apc.stg_energy_prices"
[0m15:28:55.197059 [debug] [Thread-3 (]: On model.apc.stg_energy_prices: /* {"app": "dbt", "dbt_version": "1.9.4", "profile_name": "default", "target_name": "dev", "node_id": "model.apc.stg_energy_prices"} */
alter dynamic table "APC_DEPLOY_DB"."DBT_ANALYTICS"."STG_ENERGY_PRICES" set
            target_lag = 'downstream'
[0m15:28:55.201162 [debug] [Thread-5 (]: SQL status: SUCCESS 1 in 0.437 seconds
[0m15:28:55.203541 [debug] [Thread-5 (]: Applying ALTER to: "APC_DEPLOY_DB"."DBT_ANALYTICS"."STG_LEDGER_POSTINGS"
[0m15:28:55.204192 [debug] [Thread-5 (]: Applying UPDATE TARGET_LAG to: "APC_DEPLOY_DB"."DBT_ANALYTICS"."STG_LEDGER_POSTINGS"
[0m15:28:55.204994 [debug] [Thread-5 (]: Writing runtime sql for node "model.apc.stg_ledger_postings"
[0m15:28:55.205949 [debug] [Thread-5 (]: Using snowflake connection "model.apc.stg_ledger_postings"
[0m15:28:55.206563 [debug] [Thread-5 (]: On model.apc.stg_ledger_postings: /* {"app": "dbt", "dbt_version": "1.9.4", "profile_name": "default", "target_name": "dev", "node_id": "model.apc.stg_ledger_postings"} */
alter dynamic table "APC_DEPLOY_DB"."DBT_ANALYTICS"."STG_LEDGER_POSTINGS" set
            target_lag = 'downstream'
[0m15:28:55.248269 [debug] [Thread-4 (]: SQL status: SUCCESS 1 in 0.448 seconds
[0m15:28:55.250813 [debug] [Thread-4 (]: Applying ALTER to: "APC_DEPLOY_DB"."DBT_ANALYTICS"."STG_FX_RATES"
[0m15:28:55.251495 [debug] [Thread-4 (]: Applying UPDATE TARGET_LAG to: "APC_DEPLOY_DB"."DBT_ANALYTICS"."STG_FX_RATES"
[0m15:28:55.252304 [debug] [Thread-4 (]: Writing runtime sql for node "model.apc.stg_fx_rates"
[0m15:28:55.253268 [debug] [Thread-4 (]: Using snowflake connection "model.apc.stg_fx_rates"
[0m15:28:55.253843 [debug] [Thread-4 (]: On model.apc.stg_fx_rates: /* {"app": "dbt", "dbt_version": "1.9.4", "profile_name": "default", "target_name": "dev", "node_id": "model.apc.stg_fx_rates"} */
alter dynamic table "APC_DEPLOY_DB"."DBT_ANALYTICS"."STG_FX_RATES" set
            target_lag = 'downstream'
[0m15:28:55.362570 [debug] [Thread-2 (]: SQL status: SUCCESS 1 in 0.186 seconds
[0m15:28:55.363803 [debug] [Thread-3 (]: SQL status: SUCCESS 1 in 0.166 seconds
[0m15:28:55.393255 [info ] [Thread-2 (]: 1 of 21 OK created sql dynamic_table model DBT_ANALYTICS.stg_cost_components ... [[32mSUCCESS 1[0m in 1.99s]
[0m15:28:55.394124 [info ] [Thread-3 (]: 2 of 21 OK created sql dynamic_table model DBT_ANALYTICS.stg_energy_prices ..... [[32mSUCCESS 1[0m in 1.99s]
[0m15:28:55.395028 [debug] [Thread-2 (]: Finished running node model.apc.stg_cost_components
[0m15:28:55.395796 [debug] [Thread-3 (]: Finished running node model.apc.stg_energy_prices
[0m15:28:55.396932 [debug] [Thread-2 (]: Began running node model.apc.stg_material_master
[0m15:28:55.398017 [debug] [Thread-3 (]: Began running node model.apc.stg_plant
[0m15:28:55.399083 [info ] [Thread-2 (]: 5 of 21 START sql dynamic_table model DBT_ANALYTICS.stg_material_master ........ [RUN]
[0m15:28:55.400412 [debug] [Thread-5 (]: SQL status: SUCCESS 1 in 0.193 seconds
[0m15:28:55.401168 [info ] [Thread-3 (]: 6 of 21 START sql dynamic_table model DBT_ANALYTICS.stg_plant .................. [RUN]
[0m15:28:55.401964 [debug] [Thread-2 (]: Re-using an available connection from the pool (formerly model.apc.stg_cost_components, now model.apc.stg_material_master)
[0m15:28:55.404925 [info ] [Thread-5 (]: 4 of 21 OK created sql dynamic_table model DBT_ANALYTICS.stg_ledger_postings ... [[32mSUCCESS 1[0m in 2.00s]
[0m15:28:55.405719 [debug] [Thread-3 (]: Re-using an available connection from the pool (formerly model.apc.stg_energy_prices, now model.apc.stg_plant)
[0m15:28:55.409773 [debug] [Thread-2 (]: Began compiling node model.apc.stg_material_master
[0m15:28:55.410748 [debug] [Thread-5 (]: Finished running node model.apc.stg_ledger_postings
[0m15:28:55.411399 [debug] [Thread-3 (]: Began compiling node model.apc.stg_plant
[0m15:28:55.420430 [debug] [Thread-2 (]: Writing injected SQL for node "model.apc.stg_material_master"
[0m15:28:55.421577 [debug] [Thread-5 (]: Began running node model.apc.stg_sd_billing
[0m15:28:55.431244 [debug] [Thread-3 (]: Writing injected SQL for node "model.apc.stg_plant"
[0m15:28:55.432428 [info ] [Thread-5 (]: 7 of 21 START sql dynamic_table model DBT_ANALYTICS.stg_sd_billing ............. [RUN]
[0m15:28:55.433207 [debug] [Thread-2 (]: Began executing node model.apc.stg_material_master
[0m15:28:55.434137 [debug] [Thread-5 (]: Re-using an available connection from the pool (formerly model.apc.stg_ledger_postings, now model.apc.stg_sd_billing)
[0m15:28:55.434970 [debug] [Thread-3 (]: Began executing node model.apc.stg_plant
[0m15:28:55.515997 [debug] [Thread-4 (]: SQL status: SUCCESS 1 in 0.261 seconds
[0m15:28:55.524431 [debug] [Thread-2 (]: Using snowflake connection "model.apc.stg_material_master"
[0m15:28:55.525156 [debug] [Thread-5 (]: Began compiling node model.apc.stg_sd_billing
[0m15:28:55.533817 [debug] [Thread-3 (]: Using snowflake connection "model.apc.stg_plant"
[0m15:28:55.536848 [info ] [Thread-4 (]: 3 of 21 OK created sql dynamic_table model DBT_ANALYTICS.stg_fx_rates .......... [[32mSUCCESS 1[0m in 2.14s]
[0m15:28:55.537590 [debug] [Thread-2 (]: On model.apc.stg_material_master: /* {"app": "dbt", "dbt_version": "1.9.4", "profile_name": "default", "target_name": "dev", "node_id": "model.apc.stg_material_master"} */
alter session set quoted_identifiers_ignore_case = false;
[0m15:28:55.547244 [debug] [Thread-5 (]: Writing injected SQL for node "model.apc.stg_sd_billing"
[0m15:28:55.548024 [debug] [Thread-3 (]: On model.apc.stg_plant: /* {"app": "dbt", "dbt_version": "1.9.4", "profile_name": "default", "target_name": "dev", "node_id": "model.apc.stg_plant"} */
alter session set quoted_identifiers_ignore_case = false;
[0m15:28:55.548968 [debug] [Thread-4 (]: Finished running node model.apc.stg_fx_rates
[0m15:28:55.549637 [debug] [Thread-2 (]: Opening a new connection, currently in state init
[0m15:28:55.550440 [debug] [Thread-3 (]: Opening a new connection, currently in state init
[0m15:28:55.551151 [debug] [Thread-5 (]: Began executing node model.apc.stg_sd_billing
[0m15:28:55.552204 [debug] [Thread-4 (]: Began running node model.apc.stg_standard_price
[0m15:28:55.561403 [debug] [Thread-5 (]: Using snowflake connection "model.apc.stg_sd_billing"
[0m15:28:55.562308 [info ] [Thread-4 (]: 8 of 21 START sql dynamic_table model DBT_ANALYTICS.stg_standard_price ......... [RUN]
[0m15:28:55.563234 [debug] [Thread-5 (]: On model.apc.stg_sd_billing: /* {"app": "dbt", "dbt_version": "1.9.4", "profile_name": "default", "target_name": "dev", "node_id": "model.apc.stg_sd_billing"} */
alter session set quoted_identifiers_ignore_case = false;
[0m15:28:55.564044 [debug] [Thread-4 (]: Re-using an available connection from the pool (formerly model.apc.stg_fx_rates, now model.apc.stg_standard_price)
[0m15:28:55.564677 [debug] [Thread-5 (]: Opening a new connection, currently in state init
[0m15:28:55.565345 [debug] [Thread-4 (]: Began compiling node model.apc.stg_standard_price
[0m15:28:55.575022 [debug] [Thread-4 (]: Writing injected SQL for node "model.apc.stg_standard_price"
[0m15:28:55.575915 [debug] [Thread-4 (]: Began executing node model.apc.stg_standard_price
[0m15:28:55.584394 [debug] [Thread-4 (]: Using snowflake connection "model.apc.stg_standard_price"
[0m15:28:55.585594 [debug] [Thread-4 (]: On model.apc.stg_standard_price: /* {"app": "dbt", "dbt_version": "1.9.4", "profile_name": "default", "target_name": "dev", "node_id": "model.apc.stg_standard_price"} */
alter session set quoted_identifiers_ignore_case = false;
[0m15:28:55.586810 [debug] [Thread-4 (]: Opening a new connection, currently in state init
[0m15:28:56.799582 [debug] [Thread-2 (]: SQL status: SUCCESS 1 in 1.250 seconds
[0m15:28:56.800387 [debug] [Thread-2 (]: Using snowflake connection "model.apc.stg_material_master"
[0m15:28:56.801019 [debug] [Thread-2 (]: On model.apc.stg_material_master: /* {"app": "dbt", "dbt_version": "1.9.4", "profile_name": "default", "target_name": "dev", "node_id": "model.apc.stg_material_master"} */
show dynamic tables
            like 'STG_MATERIAL_MASTER'
            in schema APC_DEPLOY_DB.DBT_ANALYTICS
        ;
[0m15:28:56.806274 [debug] [Thread-3 (]: SQL status: SUCCESS 1 in 1.256 seconds
[0m15:28:56.807580 [debug] [Thread-4 (]: SQL status: SUCCESS 1 in 1.221 seconds
[0m15:28:56.808389 [debug] [Thread-3 (]: Using snowflake connection "model.apc.stg_plant"
[0m15:28:56.809155 [debug] [Thread-4 (]: Using snowflake connection "model.apc.stg_standard_price"
[0m15:28:56.809843 [debug] [Thread-3 (]: On model.apc.stg_plant: /* {"app": "dbt", "dbt_version": "1.9.4", "profile_name": "default", "target_name": "dev", "node_id": "model.apc.stg_plant"} */
show dynamic tables
            like 'STG_PLANT'
            in schema APC_DEPLOY_DB.DBT_ANALYTICS
        ;
[0m15:28:56.810508 [debug] [Thread-4 (]: On model.apc.stg_standard_price: /* {"app": "dbt", "dbt_version": "1.9.4", "profile_name": "default", "target_name": "dev", "node_id": "model.apc.stg_standard_price"} */
show dynamic tables
            like 'STG_STANDARD_PRICE'
            in schema APC_DEPLOY_DB.DBT_ANALYTICS
        ;
[0m15:28:56.876722 [debug] [Thread-5 (]: SQL status: SUCCESS 1 in 1.312 seconds
[0m15:28:56.877493 [debug] [Thread-5 (]: Using snowflake connection "model.apc.stg_sd_billing"
[0m15:28:56.878098 [debug] [Thread-5 (]: On model.apc.stg_sd_billing: /* {"app": "dbt", "dbt_version": "1.9.4", "profile_name": "default", "target_name": "dev", "node_id": "model.apc.stg_sd_billing"} */
show dynamic tables
            like 'STG_SD_BILLING'
            in schema APC_DEPLOY_DB.DBT_ANALYTICS
        ;
[0m15:28:57.186654 [debug] [Thread-4 (]: SQL status: SUCCESS 1 in 0.375 seconds
[0m15:28:57.187425 [debug] [Thread-4 (]: Using snowflake connection "model.apc.stg_standard_price"
[0m15:28:57.188113 [debug] [Thread-4 (]: On model.apc.stg_standard_price: /* {"app": "dbt", "dbt_version": "1.9.4", "profile_name": "default", "target_name": "dev", "node_id": "model.apc.stg_standard_price"} */
select
            "name",
            "schema_name",
            "database_name",
            "text",
            "target_lag",
            "warehouse",
            "refresh_mode"
        from table(result_scan(last_query_id()))
[0m15:28:57.210810 [debug] [Thread-3 (]: SQL status: SUCCESS 1 in 0.400 seconds
[0m15:28:57.215695 [debug] [Thread-2 (]: SQL status: SUCCESS 1 in 0.414 seconds
[0m15:28:57.216492 [debug] [Thread-3 (]: Using snowflake connection "model.apc.stg_plant"
[0m15:28:57.217178 [debug] [Thread-2 (]: Using snowflake connection "model.apc.stg_material_master"
[0m15:28:57.217834 [debug] [Thread-3 (]: On model.apc.stg_plant: /* {"app": "dbt", "dbt_version": "1.9.4", "profile_name": "default", "target_name": "dev", "node_id": "model.apc.stg_plant"} */
select
            "name",
            "schema_name",
            "database_name",
            "text",
            "target_lag",
            "warehouse",
            "refresh_mode"
        from table(result_scan(last_query_id()))
[0m15:28:57.218611 [debug] [Thread-2 (]: On model.apc.stg_material_master: /* {"app": "dbt", "dbt_version": "1.9.4", "profile_name": "default", "target_name": "dev", "node_id": "model.apc.stg_material_master"} */
select
            "name",
            "schema_name",
            "database_name",
            "text",
            "target_lag",
            "warehouse",
            "refresh_mode"
        from table(result_scan(last_query_id()))
[0m15:28:57.266320 [debug] [Thread-5 (]: SQL status: SUCCESS 1 in 0.387 seconds
[0m15:28:57.267113 [debug] [Thread-5 (]: Using snowflake connection "model.apc.stg_sd_billing"
[0m15:28:57.267771 [debug] [Thread-5 (]: On model.apc.stg_sd_billing: /* {"app": "dbt", "dbt_version": "1.9.4", "profile_name": "default", "target_name": "dev", "node_id": "model.apc.stg_sd_billing"} */
select
            "name",
            "schema_name",
            "database_name",
            "text",
            "target_lag",
            "warehouse",
            "refresh_mode"
        from table(result_scan(last_query_id()))
[0m15:28:57.660205 [debug] [Thread-4 (]: SQL status: SUCCESS 1 in 0.471 seconds
[0m15:28:57.662844 [debug] [Thread-4 (]: Applying ALTER to: "APC_DEPLOY_DB"."DBT_ANALYTICS"."STG_STANDARD_PRICE"
[0m15:28:57.663523 [debug] [Thread-4 (]: Applying UPDATE TARGET_LAG to: "APC_DEPLOY_DB"."DBT_ANALYTICS"."STG_STANDARD_PRICE"
[0m15:28:57.664337 [debug] [Thread-4 (]: Writing runtime sql for node "model.apc.stg_standard_price"
[0m15:28:57.665312 [debug] [Thread-4 (]: Using snowflake connection "model.apc.stg_standard_price"
[0m15:28:57.665919 [debug] [Thread-4 (]: On model.apc.stg_standard_price: /* {"app": "dbt", "dbt_version": "1.9.4", "profile_name": "default", "target_name": "dev", "node_id": "model.apc.stg_standard_price"} */
alter dynamic table "APC_DEPLOY_DB"."DBT_ANALYTICS"."STG_STANDARD_PRICE" set
            target_lag = 'downstream'
[0m15:28:57.709928 [debug] [Thread-2 (]: SQL status: SUCCESS 1 in 0.490 seconds
[0m15:28:57.712472 [debug] [Thread-2 (]: Applying ALTER to: "APC_DEPLOY_DB"."DBT_ANALYTICS"."STG_MATERIAL_MASTER"
[0m15:28:57.713175 [debug] [Thread-2 (]: Applying UPDATE TARGET_LAG to: "APC_DEPLOY_DB"."DBT_ANALYTICS"."STG_MATERIAL_MASTER"
[0m15:28:57.713999 [debug] [Thread-2 (]: Writing runtime sql for node "model.apc.stg_material_master"
[0m15:28:57.714980 [debug] [Thread-2 (]: Using snowflake connection "model.apc.stg_material_master"
[0m15:28:57.715589 [debug] [Thread-2 (]: On model.apc.stg_material_master: /* {"app": "dbt", "dbt_version": "1.9.4", "profile_name": "default", "target_name": "dev", "node_id": "model.apc.stg_material_master"} */
alter dynamic table "APC_DEPLOY_DB"."DBT_ANALYTICS"."STG_MATERIAL_MASTER" set
            target_lag = 'downstream'
[0m15:28:57.728361 [debug] [Thread-5 (]: SQL status: SUCCESS 1 in 0.460 seconds
[0m15:28:57.732993 [debug] [Thread-3 (]: SQL status: SUCCESS 1 in 0.514 seconds
[0m15:28:57.735538 [debug] [Thread-5 (]: Applying ALTER to: "APC_DEPLOY_DB"."DBT_ANALYTICS"."STG_SD_BILLING"
[0m15:28:57.737830 [debug] [Thread-3 (]: Applying ALTER to: "APC_DEPLOY_DB"."DBT_ANALYTICS"."STG_PLANT"
[0m15:28:57.738641 [debug] [Thread-5 (]: Applying UPDATE TARGET_LAG to: "APC_DEPLOY_DB"."DBT_ANALYTICS"."STG_SD_BILLING"
[0m15:28:57.739319 [debug] [Thread-3 (]: Applying UPDATE TARGET_LAG to: "APC_DEPLOY_DB"."DBT_ANALYTICS"."STG_PLANT"
[0m15:28:57.740184 [debug] [Thread-5 (]: Writing runtime sql for node "model.apc.stg_sd_billing"
[0m15:28:57.740960 [debug] [Thread-3 (]: Writing runtime sql for node "model.apc.stg_plant"
[0m15:28:57.742272 [debug] [Thread-5 (]: Using snowflake connection "model.apc.stg_sd_billing"
[0m15:28:57.743070 [debug] [Thread-5 (]: On model.apc.stg_sd_billing: /* {"app": "dbt", "dbt_version": "1.9.4", "profile_name": "default", "target_name": "dev", "node_id": "model.apc.stg_sd_billing"} */
alter dynamic table "APC_DEPLOY_DB"."DBT_ANALYTICS"."STG_SD_BILLING" set
            target_lag = 'downstream'
[0m15:28:57.743855 [debug] [Thread-3 (]: Using snowflake connection "model.apc.stg_plant"
[0m15:28:57.745274 [debug] [Thread-3 (]: On model.apc.stg_plant: /* {"app": "dbt", "dbt_version": "1.9.4", "profile_name": "default", "target_name": "dev", "node_id": "model.apc.stg_plant"} */
alter dynamic table "APC_DEPLOY_DB"."DBT_ANALYTICS"."STG_PLANT" set
            target_lag = 'downstream'
[0m15:28:57.851172 [debug] [Thread-4 (]: SQL status: SUCCESS 1 in 0.184 seconds
[0m15:28:57.854314 [info ] [Thread-4 (]: 8 of 21 OK created sql dynamic_table model DBT_ANALYTICS.stg_standard_price .... [[32mSUCCESS 1[0m in 2.29s]
[0m15:28:57.855193 [debug] [Thread-4 (]: Finished running node model.apc.stg_standard_price
[0m15:28:57.856252 [debug] [Thread-4 (]: Began running node model.apc.mart_energy_cost_bridge
[0m15:28:57.857338 [info ] [Thread-4 (]: 9 of 21 START sql dynamic_table model DBT_ANALYTICS.mart_energy_cost_bridge .... [RUN]
[0m15:28:57.858117 [debug] [Thread-4 (]: Re-using an available connection from the pool (formerly model.apc.stg_standard_price, now model.apc.mart_energy_cost_bridge)
[0m15:28:57.858848 [debug] [Thread-4 (]: Began compiling node model.apc.mart_energy_cost_bridge
[0m15:28:57.868783 [debug] [Thread-4 (]: Writing injected SQL for node "model.apc.mart_energy_cost_bridge"
[0m15:28:57.869692 [debug] [Thread-4 (]: Began executing node model.apc.mart_energy_cost_bridge
[0m15:28:57.878042 [debug] [Thread-4 (]: Using snowflake connection "model.apc.mart_energy_cost_bridge"
[0m15:28:57.878863 [debug] [Thread-4 (]: On model.apc.mart_energy_cost_bridge: /* {"app": "dbt", "dbt_version": "1.9.4", "profile_name": "default", "target_name": "dev", "node_id": "model.apc.mart_energy_cost_bridge"} */
alter session set quoted_identifiers_ignore_case = false;
[0m15:28:57.879501 [debug] [Thread-4 (]: Opening a new connection, currently in state init
[0m15:28:57.937336 [debug] [Thread-3 (]: SQL status: SUCCESS 1 in 0.191 seconds
[0m15:28:57.940614 [info ] [Thread-3 (]: 6 of 21 OK created sql dynamic_table model DBT_ANALYTICS.stg_plant ............. [[32mSUCCESS 1[0m in 2.53s]
[0m15:28:57.941475 [debug] [Thread-3 (]: Finished running node model.apc.stg_plant
[0m15:28:57.942534 [debug] [Thread-3 (]: Began running node model.apc.int_cost_components
[0m15:28:57.943379 [info ] [Thread-3 (]: 10 of 21 START sql dynamic_table model DBT_ANALYTICS.int_cost_components ....... [RUN]
[0m15:28:57.944086 [debug] [Thread-3 (]: Re-using an available connection from the pool (formerly model.apc.stg_plant, now model.apc.int_cost_components)
[0m15:28:57.944656 [debug] [Thread-3 (]: Began compiling node model.apc.int_cost_components
[0m15:28:57.953926 [debug] [Thread-3 (]: Writing injected SQL for node "model.apc.int_cost_components"
[0m15:28:57.954855 [debug] [Thread-3 (]: Began executing node model.apc.int_cost_components
[0m15:28:57.963309 [debug] [Thread-3 (]: Using snowflake connection "model.apc.int_cost_components"
[0m15:28:57.963978 [debug] [Thread-3 (]: On model.apc.int_cost_components: /* {"app": "dbt", "dbt_version": "1.9.4", "profile_name": "default", "target_name": "dev", "node_id": "model.apc.int_cost_components"} */
alter session set quoted_identifiers_ignore_case = false;
[0m15:28:57.964555 [debug] [Thread-3 (]: Opening a new connection, currently in state init
[0m15:28:57.984205 [debug] [Thread-5 (]: SQL status: SUCCESS 1 in 0.240 seconds
[0m15:28:57.987288 [info ] [Thread-5 (]: 7 of 21 OK created sql dynamic_table model DBT_ANALYTICS.stg_sd_billing ........ [[32mSUCCESS 1[0m in 2.55s]
[0m15:28:57.991538 [debug] [Thread-5 (]: Finished running node model.apc.stg_sd_billing
[0m15:28:57.992810 [debug] [Thread-5 (]: Began running node model.apc.int_period_actuals
[0m15:28:57.993737 [info ] [Thread-5 (]: 11 of 21 START sql dynamic_table model DBT_ANALYTICS.int_period_actuals ........ [RUN]
[0m15:28:57.994583 [debug] [Thread-5 (]: Re-using an available connection from the pool (formerly model.apc.stg_sd_billing, now model.apc.int_period_actuals)
[0m15:28:57.995221 [debug] [Thread-5 (]: Began compiling node model.apc.int_period_actuals
[0m15:28:58.004925 [debug] [Thread-5 (]: Writing injected SQL for node "model.apc.int_period_actuals"
[0m15:28:58.006592 [debug] [Thread-5 (]: Began executing node model.apc.int_period_actuals
[0m15:28:58.015147 [debug] [Thread-5 (]: Using snowflake connection "model.apc.int_period_actuals"
[0m15:28:58.015899 [debug] [Thread-5 (]: On model.apc.int_period_actuals: /* {"app": "dbt", "dbt_version": "1.9.4", "profile_name": "default", "target_name": "dev", "node_id": "model.apc.int_period_actuals"} */
alter session set quoted_identifiers_ignore_case = false;
[0m15:28:58.016540 [debug] [Thread-5 (]: Opening a new connection, currently in state init
[0m15:28:58.023728 [debug] [Thread-2 (]: SQL status: SUCCESS 1 in 0.307 seconds
[0m15:28:58.026742 [info ] [Thread-2 (]: 5 of 21 OK created sql dynamic_table model DBT_ANALYTICS.stg_material_master ... [[32mSUCCESS 1[0m in 2.62s]
[0m15:28:58.027570 [debug] [Thread-2 (]: Finished running node model.apc.stg_material_master
[0m15:28:58.028641 [debug] [Thread-2 (]: Began running node model.apc.int_standard_by_period
[0m15:28:58.029501 [info ] [Thread-2 (]: 12 of 21 START sql dynamic_table model DBT_ANALYTICS.int_standard_by_period .... [RUN]
[0m15:28:58.030228 [debug] [Thread-2 (]: Re-using an available connection from the pool (formerly model.apc.stg_material_master, now model.apc.int_standard_by_period)
[0m15:28:58.030841 [debug] [Thread-2 (]: Began compiling node model.apc.int_standard_by_period
[0m15:28:58.040128 [debug] [Thread-2 (]: Writing injected SQL for node "model.apc.int_standard_by_period"
[0m15:28:58.040986 [debug] [Thread-2 (]: Began executing node model.apc.int_standard_by_period
[0m15:28:58.049405 [debug] [Thread-2 (]: Using snowflake connection "model.apc.int_standard_by_period"
[0m15:28:58.050610 [debug] [Thread-2 (]: On model.apc.int_standard_by_period: /* {"app": "dbt", "dbt_version": "1.9.4", "profile_name": "default", "target_name": "dev", "node_id": "model.apc.int_standard_by_period"} */
alter session set quoted_identifiers_ignore_case = false;
[0m15:28:58.059956 [debug] [Thread-2 (]: Opening a new connection, currently in state init
[0m15:28:58.824828 [debug] [Thread-4 (]: SQL status: SUCCESS 1 in 0.945 seconds
[0m15:28:58.825591 [debug] [Thread-4 (]: Using snowflake connection "model.apc.mart_energy_cost_bridge"
[0m15:28:58.826187 [debug] [Thread-4 (]: On model.apc.mart_energy_cost_bridge: /* {"app": "dbt", "dbt_version": "1.9.4", "profile_name": "default", "target_name": "dev", "node_id": "model.apc.mart_energy_cost_bridge"} */
show dynamic tables
            like 'MART_ENERGY_COST_BRIDGE'
            in schema APC_DEPLOY_DB.DBT_ANALYTICS
        ;
[0m15:28:58.893461 [debug] [Thread-3 (]: SQL status: SUCCESS 1 in 0.929 seconds
[0m15:28:58.894230 [debug] [Thread-3 (]: Using snowflake connection "model.apc.int_cost_components"
[0m15:28:58.894892 [debug] [Thread-3 (]: On model.apc.int_cost_components: /* {"app": "dbt", "dbt_version": "1.9.4", "profile_name": "default", "target_name": "dev", "node_id": "model.apc.int_cost_components"} */
show dynamic tables
            like 'INT_COST_COMPONENTS'
            in schema APC_DEPLOY_DB.DBT_ANALYTICS
        ;
[0m15:28:58.938216 [debug] [Thread-5 (]: SQL status: SUCCESS 1 in 0.922 seconds
[0m15:28:58.939091 [debug] [Thread-5 (]: Using snowflake connection "model.apc.int_period_actuals"
[0m15:28:58.939738 [debug] [Thread-5 (]: On model.apc.int_period_actuals: /* {"app": "dbt", "dbt_version": "1.9.4", "profile_name": "default", "target_name": "dev", "node_id": "model.apc.int_period_actuals"} */
show dynamic tables
            like 'INT_PERIOD_ACTUALS'
            in schema APC_DEPLOY_DB.DBT_ANALYTICS
        ;
[0m15:28:58.966754 [debug] [Thread-2 (]: SQL status: SUCCESS 1 in 0.907 seconds
[0m15:28:58.967503 [debug] [Thread-2 (]: Using snowflake connection "model.apc.int_standard_by_period"
[0m15:28:58.968105 [debug] [Thread-2 (]: On model.apc.int_standard_by_period: /* {"app": "dbt", "dbt_version": "1.9.4", "profile_name": "default", "target_name": "dev", "node_id": "model.apc.int_standard_by_period"} */
show dynamic tables
            like 'INT_STANDARD_BY_PERIOD'
            in schema APC_DEPLOY_DB.DBT_ANALYTICS
        ;
[0m15:28:59.056817 [debug] [Thread-4 (]: SQL status: SUCCESS 1 in 0.230 seconds
[0m15:28:59.057570 [debug] [Thread-4 (]: Using snowflake connection "model.apc.mart_energy_cost_bridge"
[0m15:28:59.058210 [debug] [Thread-4 (]: On model.apc.mart_energy_cost_bridge: /* {"app": "dbt", "dbt_version": "1.9.4", "profile_name": "default", "target_name": "dev", "node_id": "model.apc.mart_energy_cost_bridge"} */
select
            "name",
            "schema_name",
            "database_name",
            "text",
            "target_lag",
            "warehouse",
            "refresh_mode"
        from table(result_scan(last_query_id()))
[0m15:28:59.274556 [debug] [Thread-3 (]: SQL status: SUCCESS 1 in 0.379 seconds
[0m15:28:59.275347 [debug] [Thread-3 (]: Using snowflake connection "model.apc.int_cost_components"
[0m15:28:59.275996 [debug] [Thread-3 (]: On model.apc.int_cost_components: /* {"app": "dbt", "dbt_version": "1.9.4", "profile_name": "default", "target_name": "dev", "node_id": "model.apc.int_cost_components"} */
select
            "name",
            "schema_name",
            "database_name",
            "text",
            "target_lag",
            "warehouse",
            "refresh_mode"
        from table(result_scan(last_query_id()))
[0m15:28:59.330096 [debug] [Thread-5 (]: SQL status: SUCCESS 1 in 0.390 seconds
[0m15:28:59.330889 [debug] [Thread-5 (]: Using snowflake connection "model.apc.int_period_actuals"
[0m15:28:59.331538 [debug] [Thread-5 (]: On model.apc.int_period_actuals: /* {"app": "dbt", "dbt_version": "1.9.4", "profile_name": "default", "target_name": "dev", "node_id": "model.apc.int_period_actuals"} */
select
            "name",
            "schema_name",
            "database_name",
            "text",
            "target_lag",
            "warehouse",
            "refresh_mode"
        from table(result_scan(last_query_id()))
[0m15:28:59.335557 [debug] [Thread-2 (]: SQL status: SUCCESS 1 in 0.367 seconds
[0m15:28:59.336279 [debug] [Thread-2 (]: Using snowflake connection "model.apc.int_standard_by_period"
[0m15:28:59.336897 [debug] [Thread-2 (]: On model.apc.int_standard_by_period: /* {"app": "dbt", "dbt_version": "1.9.4", "profile_name": "default", "target_name": "dev", "node_id": "model.apc.int_standard_by_period"} */
select
            "name",
            "schema_name",
            "database_name",
            "text",
            "target_lag",
            "warehouse",
            "refresh_mode"
        from table(result_scan(last_query_id()))
[0m15:28:59.480650 [debug] [Thread-4 (]: SQL status: SUCCESS 1 in 0.422 seconds
[0m15:28:59.486434 [warn ] [Thread-4 (]: No configuration changes were identified on: `APC_DEPLOY_DB.DBT_ANALYTICS.mart_energy_cost_bridge`. Continuing.
[0m15:28:59.490689 [info ] [Thread-4 (]: 9 of 21 OK created sql dynamic_table model DBT_ANALYTICS.mart_energy_cost_bridge  [[32mskip APC_DEPLOY_DB.DBT_ANALYTICS.mart_energy_cost_bridge[0m in 1.63s]
[0m15:28:59.491540 [debug] [Thread-4 (]: Finished running node model.apc.mart_energy_cost_bridge
[0m15:28:59.749448 [debug] [Thread-3 (]: SQL status: SUCCESS 1 in 0.473 seconds
[0m15:28:59.751946 [debug] [Thread-3 (]: Applying ALTER to: "APC_DEPLOY_DB"."DBT_ANALYTICS"."INT_COST_COMPONENTS"
[0m15:28:59.752656 [debug] [Thread-3 (]: Applying UPDATE TARGET_LAG to: "APC_DEPLOY_DB"."DBT_ANALYTICS"."INT_COST_COMPONENTS"
[0m15:28:59.753497 [debug] [Thread-3 (]: Writing runtime sql for node "model.apc.int_cost_components"
[0m15:28:59.754538 [debug] [Thread-3 (]: Using snowflake connection "model.apc.int_cost_components"
[0m15:28:59.755167 [debug] [Thread-3 (]: On model.apc.int_cost_components: /* {"app": "dbt", "dbt_version": "1.9.4", "profile_name": "default", "target_name": "dev", "node_id": "model.apc.int_cost_components"} */
alter dynamic table "APC_DEPLOY_DB"."DBT_ANALYTICS"."INT_COST_COMPONENTS" set
            target_lag = 'downstream'
[0m15:28:59.766900 [debug] [Thread-2 (]: SQL status: SUCCESS 1 in 0.429 seconds
[0m15:28:59.769397 [debug] [Thread-2 (]: Applying ALTER to: "APC_DEPLOY_DB"."DBT_ANALYTICS"."INT_STANDARD_BY_PERIOD"
[0m15:28:59.770736 [debug] [Thread-5 (]: SQL status: SUCCESS 1 in 0.438 seconds
[0m15:28:59.771546 [debug] [Thread-2 (]: Applying UPDATE TARGET_LAG to: "APC_DEPLOY_DB"."DBT_ANALYTICS"."INT_STANDARD_BY_PERIOD"
[0m15:28:59.773845 [debug] [Thread-5 (]: Applying ALTER to: "APC_DEPLOY_DB"."DBT_ANALYTICS"."INT_PERIOD_ACTUALS"
[0m15:28:59.774730 [debug] [Thread-2 (]: Writing runtime sql for node "model.apc.int_standard_by_period"
[0m15:28:59.775386 [debug] [Thread-5 (]: Applying UPDATE TARGET_LAG to: "APC_DEPLOY_DB"."DBT_ANALYTICS"."INT_PERIOD_ACTUALS"
[0m15:28:59.776382 [debug] [Thread-5 (]: Writing runtime sql for node "model.apc.int_period_actuals"
[0m15:28:59.777291 [debug] [Thread-2 (]: Using snowflake connection "model.apc.int_standard_by_period"
[0m15:28:59.778187 [debug] [Thread-2 (]: On model.apc.int_standard_by_period: /* {"app": "dbt", "dbt_version": "1.9.4", "profile_name": "default", "target_name": "dev", "node_id": "model.apc.int_standard_by_period"} */
alter dynamic table "APC_DEPLOY_DB"."DBT_ANALYTICS"."INT_STANDARD_BY_PERIOD" set
            target_lag = 'downstream'
[0m15:28:59.779757 [debug] [Thread-5 (]: Using snowflake connection "model.apc.int_period_actuals"
[0m15:28:59.781377 [debug] [Thread-5 (]: On model.apc.int_period_actuals: /* {"app": "dbt", "dbt_version": "1.9.4", "profile_name": "default", "target_name": "dev", "node_id": "model.apc.int_period_actuals"} */
alter dynamic table "APC_DEPLOY_DB"."DBT_ANALYTICS"."INT_PERIOD_ACTUALS" set
            target_lag = 'downstream'
[0m15:28:59.944097 [debug] [Thread-3 (]: SQL status: SUCCESS 1 in 0.188 seconds
[0m15:28:59.947208 [info ] [Thread-3 (]: 10 of 21 OK created sql dynamic_table model DBT_ANALYTICS.int_cost_components .. [[32mSUCCESS 1[0m in 2.00s]
[0m15:28:59.948087 [debug] [Thread-3 (]: Finished running node model.apc.int_cost_components
[0m15:28:59.949462 [debug] [Thread-4 (]: Began running node model.apc.mart_cost_anomalies
[0m15:28:59.950156 [debug] [Thread-3 (]: Began running node model.apc.mart_cost_component_detail
[0m15:28:59.951127 [info ] [Thread-4 (]: 13 of 21 START sql dynamic_table model DBT_ANALYTICS.mart_cost_anomalies ....... [RUN]
[0m15:28:59.952059 [info ] [Thread-3 (]: 14 of 21 START sql dynamic_table model DBT_ANALYTICS.mart_cost_component_detail  [RUN]
[0m15:28:59.952862 [debug] [Thread-4 (]: Re-using an available connection from the pool (formerly model.apc.mart_energy_cost_bridge, now model.apc.mart_cost_anomalies)
[0m15:28:59.953559 [debug] [Thread-3 (]: Re-using an available connection from the pool (formerly model.apc.int_cost_components, now model.apc.mart_cost_component_detail)
[0m15:28:59.954196 [debug] [Thread-4 (]: Began compiling node model.apc.mart_cost_anomalies
[0m15:28:59.954830 [debug] [Thread-3 (]: Began compiling node model.apc.mart_cost_component_detail
[0m15:28:59.964565 [debug] [Thread-4 (]: Writing injected SQL for node "model.apc.mart_cost_anomalies"
[0m15:28:59.972967 [debug] [Thread-3 (]: Writing injected SQL for node "model.apc.mart_cost_component_detail"
[0m15:28:59.974084 [debug] [Thread-4 (]: Began executing node model.apc.mart_cost_anomalies
[0m15:28:59.980909 [debug] [Thread-3 (]: Began executing node model.apc.mart_cost_component_detail
[0m15:28:59.984048 [debug] [Thread-4 (]: Using snowflake connection "model.apc.mart_cost_anomalies"
[0m15:28:59.996173 [debug] [Thread-3 (]: Using snowflake connection "model.apc.mart_cost_component_detail"
[0m15:28:59.997020 [debug] [Thread-4 (]: On model.apc.mart_cost_anomalies: /* {"app": "dbt", "dbt_version": "1.9.4", "profile_name": "default", "target_name": "dev", "node_id": "model.apc.mart_cost_anomalies"} */
alter session set quoted_identifiers_ignore_case = false;
[0m15:28:59.997703 [debug] [Thread-3 (]: On model.apc.mart_cost_component_detail: /* {"app": "dbt", "dbt_version": "1.9.4", "profile_name": "default", "target_name": "dev", "node_id": "model.apc.mart_cost_component_detail"} */
alter session set quoted_identifiers_ignore_case = false;
[0m15:28:59.998414 [debug] [Thread-4 (]: Opening a new connection, currently in state init
[0m15:28:59.999056 [debug] [Thread-3 (]: Opening a new connection, currently in state init
[0m15:29:00.020098 [debug] [Thread-2 (]: SQL status: SUCCESS 1 in 0.240 seconds
[0m15:29:00.023215 [info ] [Thread-2 (]: 12 of 21 OK created sql dynamic_table model DBT_ANALYTICS.int_standard_by_period  [[32mSUCCESS 1[0m in 1.99s]
[0m15:29:00.024103 [debug] [Thread-2 (]: Finished running node model.apc.int_standard_by_period
[0m15:29:00.063715 [debug] [Thread-5 (]: SQL status: SUCCESS 1 in 0.282 seconds
[0m15:29:00.066916 [info ] [Thread-5 (]: 11 of 21 OK created sql dynamic_table model DBT_ANALYTICS.int_period_actuals ... [[32mSUCCESS 1[0m in 2.07s]
[0m15:29:00.067831 [debug] [Thread-5 (]: Finished running node model.apc.int_period_actuals
[0m15:29:00.069273 [debug] [Thread-2 (]: Began running node model.apc.int_budget
[0m15:29:00.070140 [info ] [Thread-2 (]: 15 of 21 START sql dynamic_table model DBT_ANALYTICS.int_budget ................ [RUN]
[0m15:29:00.070956 [debug] [Thread-2 (]: Re-using an available connection from the pool (formerly model.apc.int_standard_by_period, now model.apc.int_budget)
[0m15:29:00.071567 [debug] [Thread-2 (]: Began compiling node model.apc.int_budget
[0m15:29:00.080220 [debug] [Thread-2 (]: Writing injected SQL for node "model.apc.int_budget"
[0m15:29:00.081049 [debug] [Thread-2 (]: Began executing node model.apc.int_budget
[0m15:29:00.091579 [debug] [Thread-2 (]: Using snowflake connection "model.apc.int_budget"
[0m15:29:00.107306 [debug] [Thread-2 (]: On model.apc.int_budget: /* {"app": "dbt", "dbt_version": "1.9.4", "profile_name": "default", "target_name": "dev", "node_id": "model.apc.int_budget"} */
alter session set quoted_identifiers_ignore_case = false;
[0m15:29:00.107988 [debug] [Thread-2 (]: Opening a new connection, currently in state init
[0m15:29:00.911339 [debug] [Thread-4 (]: SQL status: SUCCESS 1 in 0.913 seconds
[0m15:29:00.912143 [debug] [Thread-4 (]: Using snowflake connection "model.apc.mart_cost_anomalies"
[0m15:29:00.912801 [debug] [Thread-4 (]: On model.apc.mart_cost_anomalies: /* {"app": "dbt", "dbt_version": "1.9.4", "profile_name": "default", "target_name": "dev", "node_id": "model.apc.mart_cost_anomalies"} */
show dynamic tables
            like 'MART_COST_ANOMALIES'
            in schema APC_DEPLOY_DB.DBT_ANALYTICS
        ;
[0m15:29:00.947671 [debug] [Thread-3 (]: SQL status: SUCCESS 1 in 0.948 seconds
[0m15:29:00.948471 [debug] [Thread-3 (]: Using snowflake connection "model.apc.mart_cost_component_detail"
[0m15:29:00.949089 [debug] [Thread-3 (]: On model.apc.mart_cost_component_detail: /* {"app": "dbt", "dbt_version": "1.9.4", "profile_name": "default", "target_name": "dev", "node_id": "model.apc.mart_cost_component_detail"} */
show dynamic tables
            like 'MART_COST_COMPONENT_DETAIL'
            in schema APC_DEPLOY_DB.DBT_ANALYTICS
        ;
[0m15:29:01.020426 [debug] [Thread-2 (]: SQL status: SUCCESS 1 in 0.912 seconds
[0m15:29:01.021189 [debug] [Thread-2 (]: Using snowflake connection "model.apc.int_budget"
[0m15:29:01.021795 [debug] [Thread-2 (]: On model.apc.int_budget: /* {"app": "dbt", "dbt_version": "1.9.4", "profile_name": "default", "target_name": "dev", "node_id": "model.apc.int_budget"} */
show dynamic tables
            like 'INT_BUDGET'
            in schema APC_DEPLOY_DB.DBT_ANALYTICS
        ;
[0m15:29:01.320566 [debug] [Thread-3 (]: SQL status: SUCCESS 1 in 0.371 seconds
[0m15:29:01.321361 [debug] [Thread-3 (]: Using snowflake connection "model.apc.mart_cost_component_detail"
[0m15:29:01.322051 [debug] [Thread-3 (]: On model.apc.mart_cost_component_detail: /* {"app": "dbt", "dbt_version": "1.9.4", "profile_name": "default", "target_name": "dev", "node_id": "model.apc.mart_cost_component_detail"} */
select
            "name",
            "schema_name",
            "database_name",
            "text",
            "target_lag",
            "warehouse",
            "refresh_mode"
        from table(result_scan(last_query_id()))
[0m15:29:01.327276 [debug] [Thread-4 (]: SQL status: SUCCESS 1 in 0.414 seconds
[0m15:29:01.328049 [debug] [Thread-4 (]: Using snowflake connection "model.apc.mart_cost_anomalies"
[0m15:29:01.328772 [debug] [Thread-4 (]: On model.apc.mart_cost_anomalies: /* {"app": "dbt", "dbt_version": "1.9.4", "profile_name": "default", "target_name": "dev", "node_id": "model.apc.mart_cost_anomalies"} */
select
            "name",
            "schema_name",
            "database_name",
            "text",
            "target_lag",
            "warehouse",
            "refresh_mode"
        from table(result_scan(last_query_id()))
[0m15:29:01.405518 [debug] [Thread-2 (]: SQL status: SUCCESS 1 in 0.383 seconds
[0m15:29:01.406293 [debug] [Thread-2 (]: Using snowflake connection "model.apc.int_budget"
[0m15:29:01.406943 [debug] [Thread-2 (]: On model.apc.int_budget: /* {"app": "dbt", "dbt_version": "1.9.4", "profile_name": "default", "target_name": "dev", "node_id": "model.apc.int_budget"} */
select
            "name",
            "schema_name",
            "database_name",
            "text",
            "target_lag",
            "warehouse",
            "refresh_mode"
        from table(result_scan(last_query_id()))
[0m15:29:01.794260 [debug] [Thread-3 (]: SQL status: SUCCESS 1 in 0.471 seconds
[0m15:29:01.796612 [warn ] [Thread-3 (]: No configuration changes were identified on: `APC_DEPLOY_DB.DBT_ANALYTICS.mart_cost_component_detail`. Continuing.
[0m15:29:01.799550 [info ] [Thread-3 (]: 14 of 21 OK created sql dynamic_table model DBT_ANALYTICS.mart_cost_component_detail  [[32mskip APC_DEPLOY_DB.DBT_ANALYTICS.mart_cost_component_detail[0m in 1.85s]
[0m15:29:01.800454 [debug] [Thread-3 (]: Finished running node model.apc.mart_cost_component_detail
[0m15:29:01.809863 [debug] [Thread-4 (]: SQL status: SUCCESS 1 in 0.480 seconds
[0m15:29:01.812329 [warn ] [Thread-4 (]: No configuration changes were identified on: `APC_DEPLOY_DB.DBT_ANALYTICS.mart_cost_anomalies`. Continuing.
[0m15:29:01.815199 [info ] [Thread-4 (]: 13 of 21 OK created sql dynamic_table model DBT_ANALYTICS.mart_cost_anomalies .. [[32mskip APC_DEPLOY_DB.DBT_ANALYTICS.mart_cost_anomalies[0m in 1.86s]
[0m15:29:01.816180 [debug] [Thread-4 (]: Finished running node model.apc.mart_cost_anomalies
[0m15:29:01.880641 [debug] [Thread-2 (]: SQL status: SUCCESS 1 in 0.473 seconds
[0m15:29:01.883257 [debug] [Thread-2 (]: Applying ALTER to: "APC_DEPLOY_DB"."DBT_ANALYTICS"."INT_BUDGET"
[0m15:29:01.883982 [debug] [Thread-2 (]: Applying UPDATE TARGET_LAG to: "APC_DEPLOY_DB"."DBT_ANALYTICS"."INT_BUDGET"
[0m15:29:01.884847 [debug] [Thread-2 (]: Writing runtime sql for node "model.apc.int_budget"
[0m15:29:01.885870 [debug] [Thread-2 (]: Using snowflake connection "model.apc.int_budget"
[0m15:29:01.886520 [debug] [Thread-2 (]: On model.apc.int_budget: /* {"app": "dbt", "dbt_version": "1.9.4", "profile_name": "default", "target_name": "dev", "node_id": "model.apc.int_budget"} */
alter dynamic table "APC_DEPLOY_DB"."DBT_ANALYTICS"."INT_BUDGET" set
            target_lag = 'downstream'
[0m15:29:02.073558 [debug] [Thread-2 (]: SQL status: SUCCESS 1 in 0.186 seconds
[0m15:29:02.076727 [info ] [Thread-2 (]: 15 of 21 OK created sql dynamic_table model DBT_ANALYTICS.int_budget ........... [[32mSUCCESS 1[0m in 2.01s]
[0m15:29:02.077598 [debug] [Thread-2 (]: Finished running node model.apc.int_budget
[0m15:29:02.079238 [debug] [Thread-5 (]: Began running node model.apc.mart_cost_budget
[0m15:29:02.080142 [debug] [Thread-3 (]: Began running node model.apc.mart_product_cost
[0m15:29:02.081222 [info ] [Thread-5 (]: 16 of 21 START sql dynamic_table model DBT_ANALYTICS.mart_cost_budget .......... [RUN]
[0m15:29:02.082066 [info ] [Thread-3 (]: 17 of 21 START sql dynamic_table model DBT_ANALYTICS.mart_product_cost ......... [RUN]
[0m15:29:02.082962 [debug] [Thread-5 (]: Re-using an available connection from the pool (formerly model.apc.int_period_actuals, now model.apc.mart_cost_budget)
[0m15:29:02.083735 [debug] [Thread-3 (]: Re-using an available connection from the pool (formerly model.apc.mart_cost_component_detail, now model.apc.mart_product_cost)
[0m15:29:02.084424 [debug] [Thread-5 (]: Began compiling node model.apc.mart_cost_budget
[0m15:29:02.085096 [debug] [Thread-3 (]: Began compiling node model.apc.mart_product_cost
[0m15:29:02.094099 [debug] [Thread-5 (]: Writing injected SQL for node "model.apc.mart_cost_budget"
[0m15:29:02.104933 [debug] [Thread-3 (]: Writing injected SQL for node "model.apc.mart_product_cost"
[0m15:29:02.106040 [debug] [Thread-5 (]: Began executing node model.apc.mart_cost_budget
[0m15:29:02.112687 [debug] [Thread-3 (]: Began executing node model.apc.mart_product_cost
[0m15:29:02.115953 [debug] [Thread-5 (]: Using snowflake connection "model.apc.mart_cost_budget"
[0m15:29:02.220246 [debug] [Thread-3 (]: Using snowflake connection "model.apc.mart_product_cost"
[0m15:29:02.221018 [debug] [Thread-5 (]: On model.apc.mart_cost_budget: /* {"app": "dbt", "dbt_version": "1.9.4", "profile_name": "default", "target_name": "dev", "node_id": "model.apc.mart_cost_budget"} */
alter session set quoted_identifiers_ignore_case = false;
[0m15:29:02.221676 [debug] [Thread-3 (]: On model.apc.mart_product_cost: /* {"app": "dbt", "dbt_version": "1.9.4", "profile_name": "default", "target_name": "dev", "node_id": "model.apc.mart_product_cost"} */
alter session set quoted_identifiers_ignore_case = false;
[0m15:29:02.222303 [debug] [Thread-5 (]: Opening a new connection, currently in state init
[0m15:29:02.222886 [debug] [Thread-3 (]: Opening a new connection, currently in state init
[0m15:29:03.178580 [debug] [Thread-5 (]: SQL status: SUCCESS 1 in 0.956 seconds
[0m15:29:03.179326 [debug] [Thread-5 (]: Using snowflake connection "model.apc.mart_cost_budget"
[0m15:29:03.179947 [debug] [Thread-5 (]: On model.apc.mart_cost_budget: /* {"app": "dbt", "dbt_version": "1.9.4", "profile_name": "default", "target_name": "dev", "node_id": "model.apc.mart_cost_budget"} */
show dynamic tables
            like 'MART_COST_BUDGET'
            in schema APC_DEPLOY_DB.DBT_ANALYTICS
        ;
[0m15:29:03.203899 [debug] [Thread-3 (]: SQL status: SUCCESS 1 in 0.981 seconds
[0m15:29:03.204648 [debug] [Thread-3 (]: Using snowflake connection "model.apc.mart_product_cost"
[0m15:29:03.205305 [debug] [Thread-3 (]: On model.apc.mart_product_cost: /* {"app": "dbt", "dbt_version": "1.9.4", "profile_name": "default", "target_name": "dev", "node_id": "model.apc.mart_product_cost"} */
show dynamic tables
            like 'MART_PRODUCT_COST'
            in schema APC_DEPLOY_DB.DBT_ANALYTICS
        ;
[0m15:29:03.589097 [debug] [Thread-3 (]: SQL status: SUCCESS 1 in 0.383 seconds
[0m15:29:03.589886 [debug] [Thread-3 (]: Using snowflake connection "model.apc.mart_product_cost"
[0m15:29:03.590539 [debug] [Thread-3 (]: On model.apc.mart_product_cost: /* {"app": "dbt", "dbt_version": "1.9.4", "profile_name": "default", "target_name": "dev", "node_id": "model.apc.mart_product_cost"} */
select
            "name",
            "schema_name",
            "database_name",
            "text",
            "target_lag",
            "warehouse",
            "refresh_mode"
        from table(result_scan(last_query_id()))
[0m15:29:03.599222 [debug] [Thread-5 (]: SQL status: SUCCESS 1 in 0.419 seconds
[0m15:29:03.599983 [debug] [Thread-5 (]: Using snowflake connection "model.apc.mart_cost_budget"
[0m15:29:03.600604 [debug] [Thread-5 (]: On model.apc.mart_cost_budget: /* {"app": "dbt", "dbt_version": "1.9.4", "profile_name": "default", "target_name": "dev", "node_id": "model.apc.mart_cost_budget"} */
select
            "name",
            "schema_name",
            "database_name",
            "text",
            "target_lag",
            "warehouse",
            "refresh_mode"
        from table(result_scan(last_query_id()))
[0m15:29:04.066354 [debug] [Thread-3 (]: SQL status: SUCCESS 1 in 0.475 seconds
[0m15:29:04.068728 [warn ] [Thread-3 (]: No configuration changes were identified on: `APC_DEPLOY_DB.DBT_ANALYTICS.mart_product_cost`. Continuing.
[0m15:29:04.071446 [info ] [Thread-3 (]: 17 of 21 OK created sql dynamic_table model DBT_ANALYTICS.mart_product_cost .... [[32mskip APC_DEPLOY_DB.DBT_ANALYTICS.mart_product_cost[0m in 1.99s]
[0m15:29:04.072315 [debug] [Thread-3 (]: Finished running node model.apc.mart_product_cost
[0m15:29:04.073664 [debug] [Thread-2 (]: Began running node model.apc.mart_product_cost_monthly
[0m15:29:04.074393 [debug] [Thread-4 (]: Began running node model.apc.mart_product_profitability
[0m15:29:04.075241 [debug] [Thread-3 (]: Began running node model.apc.mart_product_risk_scores
[0m15:29:04.076142 [info ] [Thread-2 (]: 18 of 21 START sql dynamic_table model DBT_ANALYTICS.mart_product_cost_monthly . [RUN]
[0m15:29:04.076991 [info ] [Thread-4 (]: 19 of 21 START sql dynamic_table model DBT_ANALYTICS.mart_product_profitability  [RUN]
[0m15:29:04.077822 [info ] [Thread-3 (]: 20 of 21 START sql dynamic_table model DBT_ANALYTICS.mart_product_risk_scores .. [RUN]
[0m15:29:04.078677 [debug] [Thread-2 (]: Re-using an available connection from the pool (formerly model.apc.int_budget, now model.apc.mart_product_cost_monthly)
[0m15:29:04.079407 [debug] [Thread-4 (]: Re-using an available connection from the pool (formerly model.apc.mart_cost_anomalies, now model.apc.mart_product_profitability)
[0m15:29:04.080151 [debug] [Thread-3 (]: Re-using an available connection from the pool (formerly model.apc.mart_product_cost, now model.apc.mart_product_risk_scores)
[0m15:29:04.080859 [debug] [Thread-2 (]: Began compiling node model.apc.mart_product_cost_monthly
[0m15:29:04.081462 [debug] [Thread-4 (]: Began compiling node model.apc.mart_product_profitability
[0m15:29:04.082045 [debug] [Thread-3 (]: Began compiling node model.apc.mart_product_risk_scores
[0m15:29:04.090193 [debug] [Thread-2 (]: Writing injected SQL for node "model.apc.mart_product_cost_monthly"
[0m15:29:04.099514 [debug] [Thread-4 (]: Writing injected SQL for node "model.apc.mart_product_profitability"
[0m15:29:04.107443 [debug] [Thread-3 (]: Writing injected SQL for node "model.apc.mart_product_risk_scores"
[0m15:29:04.108742 [debug] [Thread-2 (]: Began executing node model.apc.mart_product_cost_monthly
[0m15:29:04.109705 [debug] [Thread-4 (]: Began executing node model.apc.mart_product_profitability
[0m15:29:04.120119 [debug] [Thread-3 (]: Began executing node model.apc.mart_product_risk_scores
[0m15:29:04.119278 [debug] [Thread-2 (]: Using snowflake connection "model.apc.mart_product_cost_monthly"
[0m15:29:04.126989 [debug] [Thread-5 (]: SQL status: SUCCESS 1 in 0.526 seconds
[0m15:29:04.129880 [debug] [Thread-4 (]: Using snowflake connection "model.apc.mart_product_profitability"
[0m15:29:04.138075 [debug] [Thread-3 (]: Using snowflake connection "model.apc.mart_product_risk_scores"
[0m15:29:04.138863 [debug] [Thread-2 (]: On model.apc.mart_product_cost_monthly: /* {"app": "dbt", "dbt_version": "1.9.4", "profile_name": "default", "target_name": "dev", "node_id": "model.apc.mart_product_cost_monthly"} */
alter session set quoted_identifiers_ignore_case = false;
[0m15:29:04.142207 [warn ] [Thread-5 (]: No configuration changes were identified on: `APC_DEPLOY_DB.DBT_ANALYTICS.mart_cost_budget`. Continuing.
[0m15:29:04.142946 [debug] [Thread-4 (]: On model.apc.mart_product_profitability: /* {"app": "dbt", "dbt_version": "1.9.4", "profile_name": "default", "target_name": "dev", "node_id": "model.apc.mart_product_profitability"} */
alter session set quoted_identifiers_ignore_case = false;
[0m15:29:04.143606 [debug] [Thread-3 (]: On model.apc.mart_product_risk_scores: /* {"app": "dbt", "dbt_version": "1.9.4", "profile_name": "default", "target_name": "dev", "node_id": "model.apc.mart_product_risk_scores"} */
alter session set quoted_identifiers_ignore_case = false;
[0m15:29:04.144234 [debug] [Thread-2 (]: Opening a new connection, currently in state init
[0m15:29:04.146543 [info ] [Thread-5 (]: 16 of 21 OK created sql dynamic_table model DBT_ANALYTICS.mart_cost_budget ..... [[32mskip APC_DEPLOY_DB.DBT_ANALYTICS.mart_cost_budget[0m in 2.06s]
[0m15:29:04.147256 [debug] [Thread-4 (]: Opening a new connection, currently in state init
[0m15:29:04.147851 [debug] [Thread-3 (]: Opening a new connection, currently in state init
[0m15:29:04.148892 [debug] [Thread-5 (]: Finished running node model.apc.mart_cost_budget
[0m15:29:04.150185 [debug] [Thread-5 (]: Began running node model.apc.mart_variance_trend_with_forecast
[0m15:29:04.151033 [info ] [Thread-5 (]: 21 of 21 START sql dynamic_table model DBT_ANALYTICS.mart_variance_trend_with_forecast  [RUN]
[0m15:29:04.151769 [debug] [Thread-5 (]: Re-using an available connection from the pool (formerly model.apc.mart_cost_budget, now model.apc.mart_variance_trend_with_forecast)
[0m15:29:04.152402 [debug] [Thread-5 (]: Began compiling node model.apc.mart_variance_trend_with_forecast
[0m15:29:04.160444 [debug] [Thread-5 (]: Writing injected SQL for node "model.apc.mart_variance_trend_with_forecast"
[0m15:29:04.161284 [debug] [Thread-5 (]: Began executing node model.apc.mart_variance_trend_with_forecast
[0m15:29:04.169316 [debug] [Thread-5 (]: Using snowflake connection "model.apc.mart_variance_trend_with_forecast"
[0m15:29:04.169989 [debug] [Thread-5 (]: On model.apc.mart_variance_trend_with_forecast: /* {"app": "dbt", "dbt_version": "1.9.4", "profile_name": "default", "target_name": "dev", "node_id": "model.apc.mart_variance_trend_with_forecast"} */
alter session set quoted_identifiers_ignore_case = false;
[0m15:29:04.170610 [debug] [Thread-5 (]: Opening a new connection, currently in state init
[0m15:29:05.008015 [debug] [Thread-2 (]: SQL status: SUCCESS 1 in 0.864 seconds
[0m15:29:05.009419 [debug] [Thread-3 (]: SQL status: SUCCESS 1 in 0.861 seconds
[0m15:29:05.010195 [debug] [Thread-2 (]: Using snowflake connection "model.apc.mart_product_cost_monthly"
[0m15:29:05.010872 [debug] [Thread-3 (]: Using snowflake connection "model.apc.mart_product_risk_scores"
[0m15:29:05.011538 [debug] [Thread-2 (]: On model.apc.mart_product_cost_monthly: /* {"app": "dbt", "dbt_version": "1.9.4", "profile_name": "default", "target_name": "dev", "node_id": "model.apc.mart_product_cost_monthly"} */
show dynamic tables
            like 'MART_PRODUCT_COST_MONTHLY'
            in schema APC_DEPLOY_DB.DBT_ANALYTICS
        ;
[0m15:29:05.012197 [debug] [Thread-3 (]: On model.apc.mart_product_risk_scores: /* {"app": "dbt", "dbt_version": "1.9.4", "profile_name": "default", "target_name": "dev", "node_id": "model.apc.mart_product_risk_scores"} */
show dynamic tables
            like 'MART_PRODUCT_RISK_SCORES'
            in schema APC_DEPLOY_DB.DBT_ANALYTICS
        ;
[0m15:29:05.057915 [debug] [Thread-4 (]: SQL status: SUCCESS 1 in 0.910 seconds
[0m15:29:05.059284 [debug] [Thread-5 (]: SQL status: SUCCESS 1 in 0.889 seconds
[0m15:29:05.060074 [debug] [Thread-4 (]: Using snowflake connection "model.apc.mart_product_profitability"
[0m15:29:05.060804 [debug] [Thread-5 (]: Using snowflake connection "model.apc.mart_variance_trend_with_forecast"
[0m15:29:05.061487 [debug] [Thread-4 (]: On model.apc.mart_product_profitability: /* {"app": "dbt", "dbt_version": "1.9.4", "profile_name": "default", "target_name": "dev", "node_id": "model.apc.mart_product_profitability"} */
show dynamic tables
            like 'MART_PRODUCT_PROFITABILITY'
            in schema APC_DEPLOY_DB.DBT_ANALYTICS
        ;
[0m15:29:05.062190 [debug] [Thread-5 (]: On model.apc.mart_variance_trend_with_forecast: /* {"app": "dbt", "dbt_version": "1.9.4", "profile_name": "default", "target_name": "dev", "node_id": "model.apc.mart_variance_trend_with_forecast"} */
show dynamic tables
            like 'MART_VARIANCE_TREND_WITH_FORECAST'
            in schema APC_DEPLOY_DB.DBT_ANALYTICS
        ;
[0m15:29:05.367577 [debug] [Thread-2 (]: SQL status: SUCCESS 1 in 0.355 seconds
[0m15:29:05.368375 [debug] [Thread-2 (]: Using snowflake connection "model.apc.mart_product_cost_monthly"
[0m15:29:05.369008 [debug] [Thread-2 (]: On model.apc.mart_product_cost_monthly: /* {"app": "dbt", "dbt_version": "1.9.4", "profile_name": "default", "target_name": "dev", "node_id": "model.apc.mart_product_cost_monthly"} */
select
            "name",
            "schema_name",
            "database_name",
            "text",
            "target_lag",
            "warehouse",
            "refresh_mode"
        from table(result_scan(last_query_id()))
[0m15:29:05.404298 [debug] [Thread-3 (]: SQL status: SUCCESS 1 in 0.390 seconds
[0m15:29:05.405280 [debug] [Thread-3 (]: Using snowflake connection "model.apc.mart_product_risk_scores"
[0m15:29:05.406043 [debug] [Thread-3 (]: On model.apc.mart_product_risk_scores: /* {"app": "dbt", "dbt_version": "1.9.4", "profile_name": "default", "target_name": "dev", "node_id": "model.apc.mart_product_risk_scores"} */
select
            "name",
            "schema_name",
            "database_name",
            "text",
            "target_lag",
            "warehouse",
            "refresh_mode"
        from table(result_scan(last_query_id()))
[0m15:29:05.425268 [debug] [Thread-5 (]: SQL status: SUCCESS 1 in 0.361 seconds
[0m15:29:05.427062 [debug] [Thread-4 (]: SQL status: SUCCESS 1 in 0.364 seconds
[0m15:29:05.427775 [debug] [Thread-5 (]: Using snowflake connection "model.apc.mart_variance_trend_with_forecast"
[0m15:29:05.428502 [debug] [Thread-4 (]: Using snowflake connection "model.apc.mart_product_profitability"
[0m15:29:05.429175 [debug] [Thread-5 (]: On model.apc.mart_variance_trend_with_forecast: /* {"app": "dbt", "dbt_version": "1.9.4", "profile_name": "default", "target_name": "dev", "node_id": "model.apc.mart_variance_trend_with_forecast"} */
select
            "name",
            "schema_name",
            "database_name",
            "text",
            "target_lag",
            "warehouse",
            "refresh_mode"
        from table(result_scan(last_query_id()))
[0m15:29:05.429867 [debug] [Thread-4 (]: On model.apc.mart_product_profitability: /* {"app": "dbt", "dbt_version": "1.9.4", "profile_name": "default", "target_name": "dev", "node_id": "model.apc.mart_product_profitability"} */
select
            "name",
            "schema_name",
            "database_name",
            "text",
            "target_lag",
            "warehouse",
            "refresh_mode"
        from table(result_scan(last_query_id()))
[0m15:29:05.827114 [debug] [Thread-3 (]: SQL status: SUCCESS 1 in 0.420 seconds
[0m15:29:05.829465 [warn ] [Thread-3 (]: No configuration changes were identified on: `APC_DEPLOY_DB.DBT_ANALYTICS.mart_product_risk_scores`. Continuing.
[0m15:29:05.832014 [info ] [Thread-3 (]: 20 of 21 OK created sql dynamic_table model DBT_ANALYTICS.mart_product_risk_scores  [[32mskip APC_DEPLOY_DB.DBT_ANALYTICS.mart_product_risk_scores[0m in 1.75s]
[0m15:29:05.832823 [debug] [Thread-3 (]: Finished running node model.apc.mart_product_risk_scores
[0m15:29:05.875477 [debug] [Thread-5 (]: SQL status: SUCCESS 1 in 0.445 seconds
[0m15:29:05.876614 [debug] [Thread-4 (]: SQL status: SUCCESS 1 in 0.445 seconds
[0m15:29:05.878899 [warn ] [Thread-5 (]: No configuration changes were identified on: `APC_DEPLOY_DB.DBT_ANALYTICS.mart_variance_trend_with_forecast`. Continuing.
[0m15:29:05.881020 [warn ] [Thread-4 (]: No configuration changes were identified on: `APC_DEPLOY_DB.DBT_ANALYTICS.mart_product_profitability`. Continuing.
[0m15:29:05.883536 [info ] [Thread-5 (]: 21 of 21 OK created sql dynamic_table model DBT_ANALYTICS.mart_variance_trend_with_forecast  [[32mskip APC_DEPLOY_DB.DBT_ANALYTICS.mart_variance_trend_with_forecast[0m in 1.73s]
[0m15:29:05.885924 [info ] [Thread-4 (]: 19 of 21 OK created sql dynamic_table model DBT_ANALYTICS.mart_product_profitability  [[32mskip APC_DEPLOY_DB.DBT_ANALYTICS.mart_product_profitability[0m in 1.81s]
[0m15:29:05.886835 [debug] [Thread-5 (]: Finished running node model.apc.mart_variance_trend_with_forecast
[0m15:29:05.887598 [debug] [Thread-4 (]: Finished running node model.apc.mart_product_profitability
[0m15:29:05.930099 [debug] [Thread-2 (]: SQL status: SUCCESS 1 in 0.560 seconds
[0m15:29:05.932457 [warn ] [Thread-2 (]: No configuration changes were identified on: `APC_DEPLOY_DB.DBT_ANALYTICS.mart_product_cost_monthly`. Continuing.
[0m15:29:05.935079 [info ] [Thread-2 (]: 18 of 21 OK created sql dynamic_table model DBT_ANALYTICS.mart_product_cost_monthly  [[32mskip APC_DEPLOY_DB.DBT_ANALYTICS.mart_product_cost_monthly[0m in 1.86s]
[0m15:29:05.935937 [debug] [Thread-2 (]: Finished running node model.apc.mart_product_cost_monthly
[0m15:29:05.939130 [debug] [Dummy-1   ]: Connection 'master' was properly closed.
[0m15:29:05.939865 [debug] [Dummy-1   ]: Connection 'model.apc.mart_product_cost_monthly' was properly closed.
[0m15:29:05.940656 [debug] [Dummy-1   ]: Connection 'model.apc.mart_product_risk_scores' was properly closed.
[0m15:29:05.941189 [debug] [Dummy-1   ]: Connection 'model.apc.mart_product_profitability' was properly closed.
[0m15:29:05.941696 [debug] [Dummy-1   ]: Connection 'model.apc.mart_variance_trend_with_forecast' was properly closed.
[0m15:29:05.942398 [info ] [Dummy-1   ]: 
[0m15:29:05.942981 [info ] [Dummy-1   ]: Finished running 21 dynamic table models in 0 hours 0 minutes and 14.60 seconds (14.60s).
[0m15:29:05.946099 [debug] [Dummy-1   ]: Command end result
[0m15:29:05.980973 [debug] [Dummy-1   ]: Wrote artifact WritableManifest to /tmp/dbt/target/manifest.json
[0m15:29:05.983104 [debug] [Dummy-1   ]: Wrote artifact SemanticManifest to /tmp/dbt/target/semantic_manifest.json
[0m15:29:05.990171 [debug] [Dummy-1   ]: Wrote artifact RunExecutionResult to /tmp/dbt/target/run_results.json
[0m15:29:05.990773 [info ] [Dummy-1   ]: 
[0m15:29:05.991460 [info ] [Dummy-1   ]: [32mCompleted successfully[0m
[0m15:29:05.992030 [info ] [Dummy-1   ]: 
[0m15:29:05.992637 [info ] [Dummy-1   ]: Done. PASS=21 WARN=0 ERROR=0 SKIP=0 TOTAL=21
[0m15:29:05.994423 [debug] [Dummy-1   ]: Resource report: {"command_name": "run", "command_success": true, "command_wall_clock_time": 15.602769, "process_in_blocks": "0", "process_kernel_time": 0.83, "process_mem_max_rss": "465564", "process_out_blocks": "0", "process_user_time": 5.77}
[0m15:29:05.995148 [debug] [Dummy-1   ]: Command `cli run` succeeded at 15:29:05.994793 after 15.60 seconds
[0m15:29:05.995761 [debug] [Dummy-1   ]: Flushing usage events


============================== 15:29:32.457019 | 7cead0e4-847a-421c-a3cb-e5d11e3b8768 ==============================
[0m15:29:32.457019 [info ] [Dummy-1   ]: Running with dbt=1.9.4
[0m15:29:32.457945 [debug] [Dummy-1   ]: running dbt with arguments {'printer_width': '80', 'indirect_selection': 'eager', 'write_json': 'True', 'log_cache_events': 'False', 'partial_parse': 'True', 'cache_selected_only': 'False', 'warn_error': 'None', 'debug': 'False', 'fail_fast': 'False', 'log_path': '/tmp/dbt/logs', 'version_check': 'True', 'profiles_dir': '/tmp/dbt/', 'use_colors': 'True', 'use_experimental_parser': 'False', 'no_print': 'None', 'quiet': 'False', 'empty': 'None', 'warn_error_options': 'WarnErrorOptions(include=[], exclude=[])', 'introspect': 'True', 'log_format': 'default', 'static_parser': 'True', 'target_path': '/tmp/dbt/target/', 'invocation_command': 'dbt ', 'send_anonymous_usage_stats': 'False'}
[0m15:29:32.736788 [info ] [Dummy-1   ]: Registered adapter: snowflake=1.9.2
[0m15:29:32.778545 [debug] [Dummy-1   ]: checksum: 53ed91fada2233efb98368d1716b44ab532c83a9c293cf1890b7905d5b45fb25, vars: {}, profile: , target: dev, version: 1.9.4
[0m15:29:33.080167 [debug] [Dummy-1   ]: Partial parsing enabled: 0 files deleted, 0 files added, 0 files changed.
[0m15:29:33.080813 [debug] [Dummy-1   ]: Partial parsing enabled, no changes found, skipping parsing
[0m15:29:33.274902 [debug] [Dummy-1   ]: Wrote artifact WritableManifest to /tmp/dbt/target/manifest.json
[0m15:29:33.277136 [debug] [Dummy-1   ]: Wrote artifact SemanticManifest to /tmp/dbt/target/semantic_manifest.json
[0m15:29:33.335539 [info ] [Dummy-1   ]: Found 21 models, 42 data tests, 3 seeds, 8 sources, 474 macros
[0m15:29:33.341041 [info ] [Dummy-1   ]: 
[0m15:29:33.341685 [info ] [Dummy-1   ]: Concurrency: 4 threads (target='dev')
[0m15:29:33.342246 [info ] [Dummy-1   ]: 
[0m15:29:33.343122 [debug] [Dummy-1   ]: Acquiring new snowflake connection 'master'
[0m15:29:33.350076 [debug] [ThreadPool]: Acquiring new snowflake connection 'list_APC_DEPLOY_DB_DBT_ANALYTICS_DBT_ANALYTICS'
[0m15:29:33.351343 [debug] [ThreadPool]: Acquiring new snowflake connection 'list_APC_DEPLOY_DB_DBT_ANALYTICS'
[0m15:29:33.448776 [debug] [ThreadPool]: Using snowflake connection "list_APC_DEPLOY_DB_DBT_ANALYTICS_DBT_ANALYTICS"
[0m15:29:33.449590 [debug] [ThreadPool]: Using snowflake connection "list_APC_DEPLOY_DB_DBT_ANALYTICS"
[0m15:29:33.450252 [debug] [ThreadPool]: On list_APC_DEPLOY_DB_DBT_ANALYTICS_DBT_ANALYTICS: /* {"app": "dbt", "dbt_version": "1.9.4", "profile_name": "default", "target_name": "dev", "connection_name": "list_APC_DEPLOY_DB_DBT_ANALYTICS_DBT_ANALYTICS"} */
alter session set quoted_identifiers_ignore_case = false;
[0m15:29:33.450904 [debug] [ThreadPool]: On list_APC_DEPLOY_DB_DBT_ANALYTICS: /* {"app": "dbt", "dbt_version": "1.9.4", "profile_name": "default", "target_name": "dev", "connection_name": "list_APC_DEPLOY_DB_DBT_ANALYTICS"} */
alter session set quoted_identifiers_ignore_case = false;
[0m15:29:33.451515 [debug] [ThreadPool]: Opening a new connection, currently in state init
[0m15:29:33.452107 [debug] [ThreadPool]: Opening a new connection, currently in state init
[0m15:29:34.166924 [debug] [ThreadPool]: SQL status: SUCCESS 1 in 0.715 seconds
[0m15:29:34.171757 [debug] [ThreadPool]: Using snowflake connection "list_APC_DEPLOY_DB_DBT_ANALYTICS_DBT_ANALYTICS"
[0m15:29:34.172408 [debug] [ThreadPool]: On list_APC_DEPLOY_DB_DBT_ANALYTICS_DBT_ANALYTICS: /* {"app": "dbt", "dbt_version": "1.9.4", "profile_name": "default", "target_name": "dev", "connection_name": "list_APC_DEPLOY_DB_DBT_ANALYTICS_DBT_ANALYTICS"} */
show objects in APC_DEPLOY_DB.DBT_ANALYTICS_DBT_ANALYTICS
    limit 10000
    
;
[0m15:29:34.251343 [debug] [ThreadPool]: SQL status: SUCCESS 1 in 0.799 seconds
[0m15:29:34.253599 [debug] [ThreadPool]: Using snowflake connection "list_APC_DEPLOY_DB_DBT_ANALYTICS"
[0m15:29:34.254226 [debug] [ThreadPool]: On list_APC_DEPLOY_DB_DBT_ANALYTICS: /* {"app": "dbt", "dbt_version": "1.9.4", "profile_name": "default", "target_name": "dev", "connection_name": "list_APC_DEPLOY_DB_DBT_ANALYTICS"} */
show objects in APC_DEPLOY_DB.DBT_ANALYTICS
    limit 10000
    
;
[0m15:29:34.338575 [debug] [ThreadPool]: SQL status: SUCCESS 3 in 0.165 seconds
[0m15:29:34.341245 [debug] [ThreadPool]: Using snowflake connection "list_APC_DEPLOY_DB_DBT_ANALYTICS_DBT_ANALYTICS"
[0m15:29:34.341861 [debug] [ThreadPool]: On list_APC_DEPLOY_DB_DBT_ANALYTICS_DBT_ANALYTICS: /* {"app": "dbt", "dbt_version": "1.9.4", "profile_name": "default", "target_name": "dev", "connection_name": "list_APC_DEPLOY_DB_DBT_ANALYTICS_DBT_ANALYTICS"} */
alter session unset quoted_identifiers_ignore_case;
[0m15:29:34.477971 [debug] [ThreadPool]: SQL status: SUCCESS 1 in 0.135 seconds
[0m15:29:34.479577 [debug] [ThreadPool]: SQL status: SUCCESS 21 in 0.225 seconds
[0m15:29:34.485432 [debug] [ThreadPool]: Using snowflake connection "list_APC_DEPLOY_DB_DBT_ANALYTICS"
[0m15:29:34.486038 [debug] [ThreadPool]: On list_APC_DEPLOY_DB_DBT_ANALYTICS: /* {"app": "dbt", "dbt_version": "1.9.4", "profile_name": "default", "target_name": "dev", "connection_name": "list_APC_DEPLOY_DB_DBT_ANALYTICS"} */
alter session unset quoted_identifiers_ignore_case;
[0m15:29:34.653671 [debug] [ThreadPool]: SQL status: SUCCESS 1 in 0.167 seconds
[0m15:29:34.672007 [debug] [Thread-2 (]: Began running node test.apc.accepted_values_mart_product_cost_variance_flag__HIGH__MEDIUM__LOW.0535cdbec7
[0m15:29:34.672821 [debug] [Thread-3 (]: Began running node test.apc.accepted_values_mart_product_risk_scores_RISK_LEVEL__HIGH__MEDIUM__LOW.45e743858b
[0m15:29:34.673586 [debug] [Thread-4 (]: Began running node test.apc.accepted_values_mart_variance_trend_with_forecast_DATA_TYPE__actual__forecast.42850f61e1
[0m15:29:34.674349 [debug] [Thread-5 (]: Began running node test.apc.accepted_values_stg_cost_components_record_type__S__A.9a08f5469a
[0m15:29:34.675094 [info ] [Thread-2 (]: 1 of 42 START test accepted_values_mart_product_cost_variance_flag__HIGH__MEDIUM__LOW  [RUN]
[0m15:29:34.675792 [info ] [Thread-3 (]: 2 of 42 START test accepted_values_mart_product_risk_scores_RISK_LEVEL__HIGH__MEDIUM__LOW  [RUN]
[0m15:29:34.676470 [info ] [Thread-4 (]: 3 of 42 START test accepted_values_mart_variance_trend_with_forecast_DATA_TYPE__actual__forecast  [RUN]
[0m15:29:34.677158 [info ] [Thread-5 (]: 4 of 42 START test accepted_values_stg_cost_components_record_type__S__A ....... [RUN]
[0m15:29:34.677942 [debug] [Thread-2 (]: Re-using an available connection from the pool (formerly list_APC_DEPLOY_DB_DBT_ANALYTICS_DBT_ANALYTICS, now test.apc.accepted_values_mart_product_cost_variance_flag__HIGH__MEDIUM__LOW.0535cdbec7)
[0m15:29:34.678677 [debug] [Thread-3 (]: Re-using an available connection from the pool (formerly list_APC_DEPLOY_DB_DBT_ANALYTICS, now test.apc.accepted_values_mart_product_risk_scores_RISK_LEVEL__HIGH__MEDIUM__LOW.45e743858b)
[0m15:29:34.679450 [debug] [Thread-4 (]: Acquiring new snowflake connection 'test.apc.accepted_values_mart_variance_trend_with_forecast_DATA_TYPE__actual__forecast.42850f61e1'
[0m15:29:34.680185 [debug] [Thread-5 (]: Acquiring new snowflake connection 'test.apc.accepted_values_stg_cost_components_record_type__S__A.9a08f5469a'
[0m15:29:34.680801 [debug] [Thread-2 (]: Began compiling node test.apc.accepted_values_mart_product_cost_variance_flag__HIGH__MEDIUM__LOW.0535cdbec7
[0m15:29:34.681389 [debug] [Thread-3 (]: Began compiling node test.apc.accepted_values_mart_product_risk_scores_RISK_LEVEL__HIGH__MEDIUM__LOW.45e743858b
[0m15:29:34.681999 [debug] [Thread-4 (]: Began compiling node test.apc.accepted_values_mart_variance_trend_with_forecast_DATA_TYPE__actual__forecast.42850f61e1
[0m15:29:34.682583 [debug] [Thread-5 (]: Began compiling node test.apc.accepted_values_stg_cost_components_record_type__S__A.9a08f5469a
[0m15:29:34.705523 [debug] [Thread-2 (]: Writing injected SQL for node "test.apc.accepted_values_mart_product_cost_variance_flag__HIGH__MEDIUM__LOW.0535cdbec7"
[0m15:29:34.716490 [debug] [Thread-3 (]: Writing injected SQL for node "test.apc.accepted_values_mart_product_risk_scores_RISK_LEVEL__HIGH__MEDIUM__LOW.45e743858b"
[0m15:29:34.726929 [debug] [Thread-4 (]: Writing injected SQL for node "test.apc.accepted_values_mart_variance_trend_with_forecast_DATA_TYPE__actual__forecast.42850f61e1"
[0m15:29:34.738226 [debug] [Thread-5 (]: Writing injected SQL for node "test.apc.accepted_values_stg_cost_components_record_type__S__A.9a08f5469a"
[0m15:29:34.739716 [debug] [Thread-2 (]: Began executing node test.apc.accepted_values_mart_product_cost_variance_flag__HIGH__MEDIUM__LOW.0535cdbec7
[0m15:29:34.740487 [debug] [Thread-3 (]: Began executing node test.apc.accepted_values_mart_product_risk_scores_RISK_LEVEL__HIGH__MEDIUM__LOW.45e743858b
[0m15:29:34.741490 [debug] [Thread-4 (]: Began executing node test.apc.accepted_values_mart_variance_trend_with_forecast_DATA_TYPE__actual__forecast.42850f61e1
[0m15:29:34.769241 [debug] [Thread-5 (]: Began executing node test.apc.accepted_values_stg_cost_components_record_type__S__A.9a08f5469a
[0m15:29:34.769750 [debug] [Thread-2 (]: Writing runtime sql for node "test.apc.accepted_values_mart_product_cost_variance_flag__HIGH__MEDIUM__LOW.0535cdbec7"
[0m15:29:34.778010 [debug] [Thread-3 (]: Writing runtime sql for node "test.apc.accepted_values_mart_product_risk_scores_RISK_LEVEL__HIGH__MEDIUM__LOW.45e743858b"
[0m15:29:34.785402 [debug] [Thread-4 (]: Writing runtime sql for node "test.apc.accepted_values_mart_variance_trend_with_forecast_DATA_TYPE__actual__forecast.42850f61e1"
[0m15:29:34.793185 [debug] [Thread-5 (]: Writing runtime sql for node "test.apc.accepted_values_stg_cost_components_record_type__S__A.9a08f5469a"
[0m15:29:34.795369 [debug] [Thread-2 (]: Using snowflake connection "test.apc.accepted_values_mart_product_cost_variance_flag__HIGH__MEDIUM__LOW.0535cdbec7"
[0m15:29:34.796755 [debug] [Thread-3 (]: Using snowflake connection "test.apc.accepted_values_mart_product_risk_scores_RISK_LEVEL__HIGH__MEDIUM__LOW.45e743858b"
[0m15:29:34.798152 [debug] [Thread-4 (]: Using snowflake connection "test.apc.accepted_values_mart_variance_trend_with_forecast_DATA_TYPE__actual__forecast.42850f61e1"
[0m15:29:34.798981 [debug] [Thread-2 (]: On test.apc.accepted_values_mart_product_cost_variance_flag__HIGH__MEDIUM__LOW.0535cdbec7: /* {"app": "dbt", "dbt_version": "1.9.4", "profile_name": "default", "target_name": "dev", "node_id": "test.apc.accepted_values_mart_product_cost_variance_flag__HIGH__MEDIUM__LOW.0535cdbec7"} */
select
      count(*) as failures,
      count(*) != 0 as should_warn,
      count(*) != 0 as should_error
    from (
      
    
    

with all_values as (

    select
        variance_flag as value_field,
        count(*) as n_records

    from APC_DEPLOY_DB.DBT_ANALYTICS.mart_product_cost
    group by variance_flag

)

select *
from all_values
where value_field not in (
    'HIGH','MEDIUM','LOW'
)



      
    ) dbt_internal_test
[0m15:29:34.800357 [debug] [Thread-5 (]: Using snowflake connection "test.apc.accepted_values_stg_cost_components_record_type__S__A.9a08f5469a"
[0m15:29:34.801010 [debug] [Thread-3 (]: On test.apc.accepted_values_mart_product_risk_scores_RISK_LEVEL__HIGH__MEDIUM__LOW.45e743858b: /* {"app": "dbt", "dbt_version": "1.9.4", "profile_name": "default", "target_name": "dev", "node_id": "test.apc.accepted_values_mart_product_risk_scores_RISK_LEVEL__HIGH__MEDIUM__LOW.45e743858b"} */
select
      count(*) as failures,
      count(*) != 0 as should_warn,
      count(*) != 0 as should_error
    from (
      
    
    

with all_values as (

    select
        RISK_LEVEL as value_field,
        count(*) as n_records

    from APC_DEPLOY_DB.DBT_ANALYTICS.mart_product_risk_scores
    group by RISK_LEVEL

)

select *
from all_values
where value_field not in (
    'HIGH','MEDIUM','LOW'
)



      
    ) dbt_internal_test
[0m15:29:34.801717 [debug] [Thread-4 (]: On test.apc.accepted_values_mart_variance_trend_with_forecast_DATA_TYPE__actual__forecast.42850f61e1: /* {"app": "dbt", "dbt_version": "1.9.4", "profile_name": "default", "target_name": "dev", "node_id": "test.apc.accepted_values_mart_variance_trend_with_forecast_DATA_TYPE__actual__forecast.42850f61e1"} */
select
      count(*) as failures,
      count(*) != 0 as should_warn,
      count(*) != 0 as should_error
    from (
      
    
    

with all_values as (

    select
        DATA_TYPE as value_field,
        count(*) as n_records

    from APC_DEPLOY_DB.DBT_ANALYTICS.mart_variance_trend_with_forecast
    group by DATA_TYPE

)

select *
from all_values
where value_field not in (
    'actual','forecast'
)



      
    ) dbt_internal_test
[0m15:29:34.802404 [debug] [Thread-2 (]: Opening a new connection, currently in state init
[0m15:29:34.803056 [debug] [Thread-5 (]: On test.apc.accepted_values_stg_cost_components_record_type__S__A.9a08f5469a: /* {"app": "dbt", "dbt_version": "1.9.4", "profile_name": "default", "target_name": "dev", "node_id": "test.apc.accepted_values_stg_cost_components_record_type__S__A.9a08f5469a"} */
select
      count(*) as failures,
      count(*) != 0 as should_warn,
      count(*) != 0 as should_error
    from (
      
    
    

with all_values as (

    select
        record_type as value_field,
        count(*) as n_records

    from APC_DEPLOY_DB.DBT_ANALYTICS.stg_cost_components
    group by record_type

)

select *
from all_values
where value_field not in (
    'S','A'
)



      
    ) dbt_internal_test
[0m15:29:34.803677 [debug] [Thread-3 (]: Opening a new connection, currently in state init
[0m15:29:34.804245 [debug] [Thread-4 (]: Opening a new connection, currently in state init
[0m15:29:34.805123 [debug] [Thread-5 (]: Opening a new connection, currently in state init
[0m15:29:35.733350 [debug] [Thread-3 (]: SQL status: SUCCESS 1 in 0.929 seconds
[0m15:29:35.743154 [info ] [Thread-3 (]: 2 of 42 PASS accepted_values_mart_product_risk_scores_RISK_LEVEL__HIGH__MEDIUM__LOW  [[32mPASS[0m in 1.06s]
[0m15:29:35.744131 [debug] [Thread-3 (]: Finished running node test.apc.accepted_values_mart_product_risk_scores_RISK_LEVEL__HIGH__MEDIUM__LOW.45e743858b
[0m15:29:35.745332 [debug] [Thread-3 (]: Began running node test.apc.assert_budget_reconciles
[0m15:29:35.746205 [info ] [Thread-3 (]: 5 of 42 START test assert_budget_reconciles .................................... [RUN]
[0m15:29:35.747410 [debug] [Thread-2 (]: SQL status: SUCCESS 1 in 0.945 seconds
[0m15:29:35.748158 [debug] [Thread-3 (]: Re-using an available connection from the pool (formerly test.apc.accepted_values_mart_product_risk_scores_RISK_LEVEL__HIGH__MEDIUM__LOW.45e743858b, now test.apc.assert_budget_reconciles)
[0m15:29:35.750787 [info ] [Thread-2 (]: 1 of 42 PASS accepted_values_mart_product_cost_variance_flag__HIGH__MEDIUM__LOW  [[32mPASS[0m in 1.07s]
[0m15:29:35.751503 [debug] [Thread-3 (]: Began compiling node test.apc.assert_budget_reconciles
[0m15:29:35.752296 [debug] [Thread-2 (]: Finished running node test.apc.accepted_values_mart_product_cost_variance_flag__HIGH__MEDIUM__LOW.0535cdbec7
[0m15:29:35.760819 [debug] [Thread-3 (]: Writing injected SQL for node "test.apc.assert_budget_reconciles"
[0m15:29:35.761993 [debug] [Thread-2 (]: Began running node test.apc.assert_product_cost_reconciles
[0m15:29:35.763156 [info ] [Thread-2 (]: 6 of 42 START test assert_product_cost_reconciles .............................. [RUN]
[0m15:29:35.763913 [debug] [Thread-3 (]: Began executing node test.apc.assert_budget_reconciles
[0m15:29:35.764605 [debug] [Thread-2 (]: Re-using an available connection from the pool (formerly test.apc.accepted_values_mart_product_cost_variance_flag__HIGH__MEDIUM__LOW.0535cdbec7, now test.apc.assert_product_cost_reconciles)
[0m15:29:35.772608 [debug] [Thread-3 (]: Writing runtime sql for node "test.apc.assert_budget_reconciles"
[0m15:29:35.773346 [debug] [Thread-2 (]: Began compiling node test.apc.assert_product_cost_reconciles
[0m15:29:35.852629 [debug] [Thread-4 (]: SQL status: SUCCESS 1 in 1.048 seconds
[0m15:29:35.859354 [debug] [Thread-2 (]: Writing injected SQL for node "test.apc.assert_product_cost_reconciles"
[0m15:29:35.861285 [debug] [Thread-3 (]: Using snowflake connection "test.apc.assert_budget_reconciles"
[0m15:29:35.863944 [info ] [Thread-4 (]: 3 of 42 PASS accepted_values_mart_variance_trend_with_forecast_DATA_TYPE__actual__forecast  [[32mPASS[0m in 1.18s]
[0m15:29:35.864988 [debug] [Thread-3 (]: On test.apc.assert_budget_reconciles: /* {"app": "dbt", "dbt_version": "1.9.4", "profile_name": "default", "target_name": "dev", "node_id": "test.apc.assert_budget_reconciles"} */
select
      count(*) as failures,
      count(*) != 0 as should_warn,
      count(*) != 0 as should_error
    from (
      -- Singular test: the derived budget (prior-year actual, from raw) must match the
-- curated SAP_BDC.COST_BUDGET table within FX round-trip tolerance (±0.05).

with derived as (
    select material_number, plant_code, fiscal_year, period, budget_cost
    from APC_DEPLOY_DB.DBT_ANALYTICS.mart_cost_budget
),

src as (
    select trim(MATNR) as material_number, trim(BWKEY) as plant_code,
           GJAHR as fiscal_year, POPER as period, BUDGET_COST as budget_cost
    from APC_DEPLOY_DB.SAP_BDC.COST_BUDGET
)

select d.material_number, d.plant_code, d.fiscal_year, d.period,
       d.budget_cost as derived_budget, s.budget_cost as source_budget
from derived d
join src s
  on s.material_number = d.material_number
 and s.plant_code      = d.plant_code
 and s.fiscal_year     = d.fiscal_year
 and s.period          = d.period
where abs(d.budget_cost - s.budget_cost) > 0.05
      
    ) dbt_internal_test
[0m15:29:35.865678 [debug] [Thread-2 (]: Began executing node test.apc.assert_product_cost_reconciles
[0m15:29:35.867630 [debug] [Thread-4 (]: Finished running node test.apc.accepted_values_mart_variance_trend_with_forecast_DATA_TYPE__actual__forecast.42850f61e1
[0m15:29:35.868401 [debug] [Thread-3 (]: Opening a new connection, currently in state init
[0m15:29:35.876177 [debug] [Thread-2 (]: Writing runtime sql for node "test.apc.assert_product_cost_reconciles"
[0m15:29:35.877302 [debug] [Thread-4 (]: Began running node test.apc.not_null_int_budget_material_number.6b0c205415
[0m15:29:35.878659 [info ] [Thread-4 (]: 7 of 42 START test not_null_int_budget_material_number ......................... [RUN]
[0m15:29:35.880991 [debug] [Thread-2 (]: Using snowflake connection "test.apc.assert_product_cost_reconciles"
[0m15:29:35.881696 [debug] [Thread-4 (]: Re-using an available connection from the pool (formerly test.apc.accepted_values_mart_variance_trend_with_forecast_DATA_TYPE__actual__forecast.42850f61e1, now test.apc.not_null_int_budget_material_number.6b0c205415)
[0m15:29:35.882877 [debug] [Thread-5 (]: SQL status: SUCCESS 1 in 1.078 seconds
[0m15:29:35.883639 [debug] [Thread-2 (]: On test.apc.assert_product_cost_reconciles: /* {"app": "dbt", "dbt_version": "1.9.4", "profile_name": "default", "target_name": "dev", "node_id": "test.apc.assert_product_cost_reconciles"} */
select
      count(*) as failures,
      count(*) != 0 as should_warn,
      count(*) != 0 as should_error
    from (
      -- Singular test: the raw -> dbt pipeline must reproduce the curated costing truth.
-- Compares mart_product_cost (built from RAW SAP) to ANALYTICS.PRODUCT_COST_SUMMARY.
-- Returns rows ONLY on a mismatch beyond a small FX round-trip tolerance (±0.05).

with derived as (
    select material_number, plant_code, fiscal_year, period,
           actual_cost_per_unit, standard_cost_per_unit, budget_cost_per_unit
    from APC_DEPLOY_DB.DBT_ANALYTICS.mart_product_cost
),

curated as (
    select MATERIAL_NUMBER as material_number, PLANT_CODE as plant_code,
           FISCAL_YEAR as fiscal_year, PERIOD as period,
           ACTUAL_COST_PER_UNIT as actual_cost, STANDARD_COST_PER_UNIT as standard_cost,
           BUDGET_COST_PER_UNIT as budget_cost
    from APC_DEPLOY_DB.ANALYTICS.PRODUCT_COST_SUMMARY
)

select
    d.material_number, d.plant_code, d.fiscal_year, d.period,
    d.actual_cost_per_unit, c.actual_cost,
    d.standard_cost_per_unit, c.standard_cost,
    d.budget_cost_per_unit, c.budget_cost
from derived d
join curated c
  on c.material_number = d.material_number
 and c.plant_code      = d.plant_code
 and c.fiscal_year     = d.fiscal_year
 and c.period          = d.period
where abs(d.actual_cost_per_unit - c.actual_cost) > 0.05
   or abs(coalesce(d.standard_cost_per_unit, 0) - coalesce(c.standard_cost, 0)) > 0.05
   or abs(coalesce(d.budget_cost_per_unit, -999) - coalesce(c.budget_cost, -999)) > 0.05
      
    ) dbt_internal_test
[0m15:29:35.884337 [debug] [Thread-4 (]: Began compiling node test.apc.not_null_int_budget_material_number.6b0c205415
[0m15:29:35.886963 [info ] [Thread-5 (]: 4 of 42 PASS accepted_values_stg_cost_components_record_type__S__A ............. [[32mPASS[0m in 1.21s]
[0m15:29:35.887658 [debug] [Thread-2 (]: Opening a new connection, currently in state init
[0m15:29:35.901261 [debug] [Thread-4 (]: Writing injected SQL for node "test.apc.not_null_int_budget_material_number.6b0c205415"
[0m15:29:35.902112 [debug] [Thread-5 (]: Finished running node test.apc.accepted_values_stg_cost_components_record_type__S__A.9a08f5469a
[0m15:29:35.903591 [debug] [Thread-5 (]: Began running node test.apc.not_null_int_cost_components_cost_component.2063332322
[0m15:29:35.904457 [debug] [Thread-4 (]: Began executing node test.apc.not_null_int_budget_material_number.6b0c205415
[0m15:29:35.905114 [info ] [Thread-5 (]: 8 of 42 START test not_null_int_cost_components_cost_component ................. [RUN]
[0m15:29:35.912934 [debug] [Thread-4 (]: Writing runtime sql for node "test.apc.not_null_int_budget_material_number.6b0c205415"
[0m15:29:35.913754 [debug] [Thread-5 (]: Re-using an available connection from the pool (formerly test.apc.accepted_values_stg_cost_components_record_type__S__A.9a08f5469a, now test.apc.not_null_int_cost_components_cost_component.2063332322)
[0m15:29:35.914766 [debug] [Thread-5 (]: Began compiling node test.apc.not_null_int_cost_components_cost_component.2063332322
[0m15:29:35.915914 [debug] [Thread-4 (]: Using snowflake connection "test.apc.not_null_int_budget_material_number.6b0c205415"
[0m15:29:35.926181 [debug] [Thread-5 (]: Writing injected SQL for node "test.apc.not_null_int_cost_components_cost_component.2063332322"
[0m15:29:35.926965 [debug] [Thread-4 (]: On test.apc.not_null_int_budget_material_number.6b0c205415: /* {"app": "dbt", "dbt_version": "1.9.4", "profile_name": "default", "target_name": "dev", "node_id": "test.apc.not_null_int_budget_material_number.6b0c205415"} */
select
      count(*) as failures,
      count(*) != 0 as should_warn,
      count(*) != 0 as should_error
    from (
      
    
    



select material_number
from APC_DEPLOY_DB.DBT_ANALYTICS.int_budget
where material_number is null



      
    ) dbt_internal_test
[0m15:29:35.927897 [debug] [Thread-4 (]: Opening a new connection, currently in state init
[0m15:29:35.928708 [debug] [Thread-5 (]: Began executing node test.apc.not_null_int_cost_components_cost_component.2063332322
[0m15:29:35.936698 [debug] [Thread-5 (]: Writing runtime sql for node "test.apc.not_null_int_cost_components_cost_component.2063332322"
[0m15:29:35.938680 [debug] [Thread-5 (]: Using snowflake connection "test.apc.not_null_int_cost_components_cost_component.2063332322"
[0m15:29:35.939357 [debug] [Thread-5 (]: On test.apc.not_null_int_cost_components_cost_component.2063332322: /* {"app": "dbt", "dbt_version": "1.9.4", "profile_name": "default", "target_name": "dev", "node_id": "test.apc.not_null_int_cost_components_cost_component.2063332322"} */
select
      count(*) as failures,
      count(*) != 0 as should_warn,
      count(*) != 0 as should_error
    from (
      
    
    



select cost_component
from APC_DEPLOY_DB.DBT_ANALYTICS.int_cost_components
where cost_component is null



      
    ) dbt_internal_test
[0m15:29:35.939969 [debug] [Thread-5 (]: Opening a new connection, currently in state init
[0m15:29:36.791985 [debug] [Thread-4 (]: SQL status: SUCCESS 1 in 0.864 seconds
[0m15:29:36.794693 [info ] [Thread-4 (]: 7 of 42 PASS not_null_int_budget_material_number ............................... [[32mPASS[0m in 0.91s]
[0m15:29:36.795544 [debug] [Thread-4 (]: Finished running node test.apc.not_null_int_budget_material_number.6b0c205415
[0m15:29:36.796546 [debug] [Thread-4 (]: Began running node test.apc.not_null_int_period_actuals_actual_cost_usd.bd76424a6f
[0m15:29:36.797288 [info ] [Thread-4 (]: 9 of 42 START test not_null_int_period_actuals_actual_cost_usd ................. [RUN]
[0m15:29:36.797988 [debug] [Thread-4 (]: Re-using an available connection from the pool (formerly test.apc.not_null_int_budget_material_number.6b0c205415, now test.apc.not_null_int_period_actuals_actual_cost_usd.bd76424a6f)
[0m15:29:36.798627 [debug] [Thread-4 (]: Began compiling node test.apc.not_null_int_period_actuals_actual_cost_usd.bd76424a6f
[0m15:29:36.808832 [debug] [Thread-4 (]: Writing injected SQL for node "test.apc.not_null_int_period_actuals_actual_cost_usd.bd76424a6f"
[0m15:29:36.809635 [debug] [Thread-4 (]: Began executing node test.apc.not_null_int_period_actuals_actual_cost_usd.bd76424a6f
[0m15:29:36.816921 [debug] [Thread-4 (]: Writing runtime sql for node "test.apc.not_null_int_period_actuals_actual_cost_usd.bd76424a6f"
[0m15:29:36.818080 [debug] [Thread-4 (]: Using snowflake connection "test.apc.not_null_int_period_actuals_actual_cost_usd.bd76424a6f"
[0m15:29:36.818795 [debug] [Thread-4 (]: On test.apc.not_null_int_period_actuals_actual_cost_usd.bd76424a6f: /* {"app": "dbt", "dbt_version": "1.9.4", "profile_name": "default", "target_name": "dev", "node_id": "test.apc.not_null_int_period_actuals_actual_cost_usd.bd76424a6f"} */
select
      count(*) as failures,
      count(*) != 0 as should_warn,
      count(*) != 0 as should_error
    from (
      
    
    



select actual_cost_usd
from APC_DEPLOY_DB.DBT_ANALYTICS.int_period_actuals
where actual_cost_usd is null



      
    ) dbt_internal_test
[0m15:29:36.819418 [debug] [Thread-4 (]: Opening a new connection, currently in state init
[0m15:29:36.849148 [debug] [Thread-5 (]: SQL status: SUCCESS 1 in 0.909 seconds
[0m15:29:36.851846 [info ] [Thread-5 (]: 8 of 42 PASS not_null_int_cost_components_cost_component ....................... [[32mPASS[0m in 0.94s]
[0m15:29:36.852724 [debug] [Thread-5 (]: Finished running node test.apc.not_null_int_cost_components_cost_component.2063332322
[0m15:29:36.853747 [debug] [Thread-5 (]: Began running node test.apc.not_null_int_period_actuals_material_number.c179280f67
[0m15:29:36.854556 [info ] [Thread-5 (]: 10 of 42 START test not_null_int_period_actuals_material_number ................ [RUN]
[0m15:29:36.855307 [debug] [Thread-5 (]: Re-using an available connection from the pool (formerly test.apc.not_null_int_cost_components_cost_component.2063332322, now test.apc.not_null_int_period_actuals_material_number.c179280f67)
[0m15:29:36.855892 [debug] [Thread-5 (]: Began compiling node test.apc.not_null_int_period_actuals_material_number.c179280f67
[0m15:29:36.866585 [debug] [Thread-5 (]: Writing injected SQL for node "test.apc.not_null_int_period_actuals_material_number.c179280f67"
[0m15:29:36.868281 [debug] [Thread-5 (]: Began executing node test.apc.not_null_int_period_actuals_material_number.c179280f67
[0m15:29:36.875840 [debug] [Thread-5 (]: Writing runtime sql for node "test.apc.not_null_int_period_actuals_material_number.c179280f67"
[0m15:29:36.877085 [debug] [Thread-5 (]: Using snowflake connection "test.apc.not_null_int_period_actuals_material_number.c179280f67"
[0m15:29:36.877766 [debug] [Thread-5 (]: On test.apc.not_null_int_period_actuals_material_number.c179280f67: /* {"app": "dbt", "dbt_version": "1.9.4", "profile_name": "default", "target_name": "dev", "node_id": "test.apc.not_null_int_period_actuals_material_number.c179280f67"} */
select
      count(*) as failures,
      count(*) != 0 as should_warn,
      count(*) != 0 as should_error
    from (
      
    
    



select material_number
from APC_DEPLOY_DB.DBT_ANALYTICS.int_period_actuals
where material_number is null



      
    ) dbt_internal_test
[0m15:29:36.878439 [debug] [Thread-5 (]: Opening a new connection, currently in state init
[0m15:29:37.038181 [debug] [Thread-3 (]: SQL status: SUCCESS 1 in 1.170 seconds
[0m15:29:37.040933 [info ] [Thread-3 (]: 5 of 42 PASS assert_budget_reconciles .......................................... [[32mPASS[0m in 1.29s]
[0m15:29:37.041803 [debug] [Thread-3 (]: Finished running node test.apc.assert_budget_reconciles
[0m15:29:37.042824 [debug] [Thread-3 (]: Began running node test.apc.not_null_int_standard_by_period_standard_cost_usd.301f51d10d
[0m15:29:37.043549 [info ] [Thread-3 (]: 11 of 42 START test not_null_int_standard_by_period_standard_cost_usd .......... [RUN]
[0m15:29:37.044270 [debug] [Thread-3 (]: Re-using an available connection from the pool (formerly test.apc.assert_budget_reconciles, now test.apc.not_null_int_standard_by_period_standard_cost_usd.301f51d10d)
[0m15:29:37.044865 [debug] [Thread-3 (]: Began compiling node test.apc.not_null_int_standard_by_period_standard_cost_usd.301f51d10d
[0m15:29:37.054156 [debug] [Thread-3 (]: Writing injected SQL for node "test.apc.not_null_int_standard_by_period_standard_cost_usd.301f51d10d"
[0m15:29:37.055026 [debug] [Thread-3 (]: Began executing node test.apc.not_null_int_standard_by_period_standard_cost_usd.301f51d10d
[0m15:29:37.064064 [debug] [Thread-3 (]: Writing runtime sql for node "test.apc.not_null_int_standard_by_period_standard_cost_usd.301f51d10d"
[0m15:29:37.065331 [debug] [Thread-3 (]: Using snowflake connection "test.apc.not_null_int_standard_by_period_standard_cost_usd.301f51d10d"
[0m15:29:37.066000 [debug] [Thread-3 (]: On test.apc.not_null_int_standard_by_period_standard_cost_usd.301f51d10d: /* {"app": "dbt", "dbt_version": "1.9.4", "profile_name": "default", "target_name": "dev", "node_id": "test.apc.not_null_int_standard_by_period_standard_cost_usd.301f51d10d"} */
select
      count(*) as failures,
      count(*) != 0 as should_warn,
      count(*) != 0 as should_error
    from (
      
    
    



select standard_cost_usd
from APC_DEPLOY_DB.DBT_ANALYTICS.int_standard_by_period
where standard_cost_usd is null



      
    ) dbt_internal_test
[0m15:29:37.066633 [debug] [Thread-3 (]: Opening a new connection, currently in state init
[0m15:29:37.319679 [debug] [Thread-2 (]: SQL status: SUCCESS 1 in 1.432 seconds
[0m15:29:37.322467 [info ] [Thread-2 (]: 6 of 42 PASS assert_product_cost_reconciles .................................... [[32mPASS[0m in 1.56s]
[0m15:29:37.323324 [debug] [Thread-2 (]: Finished running node test.apc.assert_product_cost_reconciles
[0m15:29:37.324414 [debug] [Thread-2 (]: Began running node test.apc.not_null_mart_cost_anomalies_MATERIAL_NUMBER.74a999018d
[0m15:29:37.326784 [info ] [Thread-2 (]: 12 of 42 START test not_null_mart_cost_anomalies_MATERIAL_NUMBER ............... [RUN]
[0m15:29:37.327529 [debug] [Thread-2 (]: Re-using an available connection from the pool (formerly test.apc.assert_product_cost_reconciles, now test.apc.not_null_mart_cost_anomalies_MATERIAL_NUMBER.74a999018d)
[0m15:29:37.328129 [debug] [Thread-2 (]: Began compiling node test.apc.not_null_mart_cost_anomalies_MATERIAL_NUMBER.74a999018d
[0m15:29:37.337444 [debug] [Thread-2 (]: Writing injected SQL for node "test.apc.not_null_mart_cost_anomalies_MATERIAL_NUMBER.74a999018d"
[0m15:29:37.338279 [debug] [Thread-2 (]: Began executing node test.apc.not_null_mart_cost_anomalies_MATERIAL_NUMBER.74a999018d
[0m15:29:37.346549 [debug] [Thread-2 (]: Writing runtime sql for node "test.apc.not_null_mart_cost_anomalies_MATERIAL_NUMBER.74a999018d"
[0m15:29:37.347725 [debug] [Thread-2 (]: Using snowflake connection "test.apc.not_null_mart_cost_anomalies_MATERIAL_NUMBER.74a999018d"
[0m15:29:37.348397 [debug] [Thread-2 (]: On test.apc.not_null_mart_cost_anomalies_MATERIAL_NUMBER.74a999018d: /* {"app": "dbt", "dbt_version": "1.9.4", "profile_name": "default", "target_name": "dev", "node_id": "test.apc.not_null_mart_cost_anomalies_MATERIAL_NUMBER.74a999018d"} */
select
      count(*) as failures,
      count(*) != 0 as should_warn,
      count(*) != 0 as should_error
    from (
      
    
    



select MATERIAL_NUMBER
from APC_DEPLOY_DB.DBT_ANALYTICS.mart_cost_anomalies
where MATERIAL_NUMBER is null



      
    ) dbt_internal_test
[0m15:29:37.349023 [debug] [Thread-2 (]: Opening a new connection, currently in state init
[0m15:29:37.671840 [debug] [Thread-5 (]: SQL status: SUCCESS 1 in 0.793 seconds
[0m15:29:37.675290 [info ] [Thread-5 (]: 10 of 42 PASS not_null_int_period_actuals_material_number ...................... [[32mPASS[0m in 0.82s]
[0m15:29:37.676138 [debug] [Thread-5 (]: Finished running node test.apc.not_null_int_period_actuals_material_number.c179280f67
[0m15:29:37.677110 [debug] [Thread-5 (]: Began running node test.apc.not_null_mart_cost_anomalies_Z_SCORE.06611d6904
[0m15:29:37.681120 [info ] [Thread-5 (]: 13 of 42 START test not_null_mart_cost_anomalies_Z_SCORE ....................... [RUN]
[0m15:29:37.682085 [debug] [Thread-5 (]: Re-using an available connection from the pool (formerly test.apc.not_null_int_period_actuals_material_number.c179280f67, now test.apc.not_null_mart_cost_anomalies_Z_SCORE.06611d6904)
[0m15:29:37.682746 [debug] [Thread-5 (]: Began compiling node test.apc.not_null_mart_cost_anomalies_Z_SCORE.06611d6904
[0m15:29:37.690878 [debug] [Thread-4 (]: SQL status: SUCCESS 1 in 0.871 seconds
[0m15:29:37.693922 [debug] [Thread-5 (]: Writing injected SQL for node "test.apc.not_null_mart_cost_anomalies_Z_SCORE.06611d6904"
[0m15:29:37.696506 [info ] [Thread-4 (]: 9 of 42 PASS not_null_int_period_actuals_actual_cost_usd ....................... [[32mPASS[0m in 0.90s]
[0m15:29:37.697727 [debug] [Thread-4 (]: Finished running node test.apc.not_null_int_period_actuals_actual_cost_usd.bd76424a6f
[0m15:29:37.698861 [debug] [Thread-4 (]: Began running node test.apc.not_null_mart_cost_budget_budget_cost.0343542b64
[0m15:29:37.699435 [debug] [Thread-5 (]: Began executing node test.apc.not_null_mart_cost_anomalies_Z_SCORE.06611d6904
[0m15:29:37.700362 [info ] [Thread-4 (]: 14 of 42 START test not_null_mart_cost_budget_budget_cost ...................... [RUN]
[0m15:29:37.709086 [debug] [Thread-5 (]: Writing runtime sql for node "test.apc.not_null_mart_cost_anomalies_Z_SCORE.06611d6904"
[0m15:29:37.709839 [debug] [Thread-4 (]: Re-using an available connection from the pool (formerly test.apc.not_null_int_period_actuals_actual_cost_usd.bd76424a6f, now test.apc.not_null_mart_cost_budget_budget_cost.0343542b64)
[0m15:29:37.710806 [debug] [Thread-4 (]: Began compiling node test.apc.not_null_mart_cost_budget_budget_cost.0343542b64
[0m15:29:37.711880 [debug] [Thread-5 (]: Using snowflake connection "test.apc.not_null_mart_cost_anomalies_Z_SCORE.06611d6904"
[0m15:29:37.721068 [debug] [Thread-4 (]: Writing injected SQL for node "test.apc.not_null_mart_cost_budget_budget_cost.0343542b64"
[0m15:29:37.723576 [debug] [Thread-5 (]: On test.apc.not_null_mart_cost_anomalies_Z_SCORE.06611d6904: /* {"app": "dbt", "dbt_version": "1.9.4", "profile_name": "default", "target_name": "dev", "node_id": "test.apc.not_null_mart_cost_anomalies_Z_SCORE.06611d6904"} */
select
      count(*) as failures,
      count(*) != 0 as should_warn,
      count(*) != 0 as should_error
    from (
      
    
    



select Z_SCORE
from APC_DEPLOY_DB.DBT_ANALYTICS.mart_cost_anomalies
where Z_SCORE is null



      
    ) dbt_internal_test
[0m15:29:37.724586 [debug] [Thread-5 (]: Opening a new connection, currently in state init
[0m15:29:37.725352 [debug] [Thread-4 (]: Began executing node test.apc.not_null_mart_cost_budget_budget_cost.0343542b64
[0m15:29:37.734029 [debug] [Thread-4 (]: Writing runtime sql for node "test.apc.not_null_mart_cost_budget_budget_cost.0343542b64"
[0m15:29:37.735344 [debug] [Thread-4 (]: Using snowflake connection "test.apc.not_null_mart_cost_budget_budget_cost.0343542b64"
[0m15:29:37.735996 [debug] [Thread-4 (]: On test.apc.not_null_mart_cost_budget_budget_cost.0343542b64: /* {"app": "dbt", "dbt_version": "1.9.4", "profile_name": "default", "target_name": "dev", "node_id": "test.apc.not_null_mart_cost_budget_budget_cost.0343542b64"} */
select
      count(*) as failures,
      count(*) != 0 as should_warn,
      count(*) != 0 as should_error
    from (
      
    
    



select budget_cost
from APC_DEPLOY_DB.DBT_ANALYTICS.mart_cost_budget
where budget_cost is null



      
    ) dbt_internal_test
[0m15:29:37.736637 [debug] [Thread-4 (]: Opening a new connection, currently in state init
[0m15:29:37.983184 [debug] [Thread-3 (]: SQL status: SUCCESS 1 in 0.916 seconds
[0m15:29:37.986724 [info ] [Thread-3 (]: 11 of 42 PASS not_null_int_standard_by_period_standard_cost_usd ................ [[32mPASS[0m in 0.94s]
[0m15:29:37.987651 [debug] [Thread-3 (]: Finished running node test.apc.not_null_int_standard_by_period_standard_cost_usd.301f51d10d
[0m15:29:37.988757 [debug] [Thread-3 (]: Began running node test.apc.not_null_mart_cost_component_detail_cost_component.a0c13940df
[0m15:29:37.989496 [info ] [Thread-3 (]: 15 of 42 START test not_null_mart_cost_component_detail_cost_component ......... [RUN]
[0m15:29:37.990248 [debug] [Thread-3 (]: Re-using an available connection from the pool (formerly test.apc.not_null_int_standard_by_period_standard_cost_usd.301f51d10d, now test.apc.not_null_mart_cost_component_detail_cost_component.a0c13940df)
[0m15:29:37.990860 [debug] [Thread-3 (]: Began compiling node test.apc.not_null_mart_cost_component_detail_cost_component.a0c13940df
[0m15:29:38.000215 [debug] [Thread-3 (]: Writing injected SQL for node "test.apc.not_null_mart_cost_component_detail_cost_component.a0c13940df"
[0m15:29:38.001030 [debug] [Thread-3 (]: Began executing node test.apc.not_null_mart_cost_component_detail_cost_component.a0c13940df
[0m15:29:38.008260 [debug] [Thread-3 (]: Writing runtime sql for node "test.apc.not_null_mart_cost_component_detail_cost_component.a0c13940df"
[0m15:29:38.009530 [debug] [Thread-3 (]: Using snowflake connection "test.apc.not_null_mart_cost_component_detail_cost_component.a0c13940df"
[0m15:29:38.010183 [debug] [Thread-3 (]: On test.apc.not_null_mart_cost_component_detail_cost_component.a0c13940df: /* {"app": "dbt", "dbt_version": "1.9.4", "profile_name": "default", "target_name": "dev", "node_id": "test.apc.not_null_mart_cost_component_detail_cost_component.a0c13940df"} */
select
      count(*) as failures,
      count(*) != 0 as should_warn,
      count(*) != 0 as should_error
    from (
      
    
    



select cost_component
from APC_DEPLOY_DB.DBT_ANALYTICS.mart_cost_component_detail
where cost_component is null



      
    ) dbt_internal_test
[0m15:29:38.010807 [debug] [Thread-3 (]: Opening a new connection, currently in state init
[0m15:29:38.212852 [debug] [Thread-2 (]: SQL status: SUCCESS 1 in 0.864 seconds
[0m15:29:38.215547 [info ] [Thread-2 (]: 12 of 42 PASS not_null_mart_cost_anomalies_MATERIAL_NUMBER ..................... [[32mPASS[0m in 0.89s]
[0m15:29:38.216439 [debug] [Thread-2 (]: Finished running node test.apc.not_null_mart_cost_anomalies_MATERIAL_NUMBER.74a999018d
[0m15:29:38.217447 [debug] [Thread-2 (]: Began running node test.apc.not_null_mart_cost_component_detail_material_number.f8bd0b262a
[0m15:29:38.218214 [info ] [Thread-2 (]: 16 of 42 START test not_null_mart_cost_component_detail_material_number ........ [RUN]
[0m15:29:38.219044 [debug] [Thread-2 (]: Re-using an available connection from the pool (formerly test.apc.not_null_mart_cost_anomalies_MATERIAL_NUMBER.74a999018d, now test.apc.not_null_mart_cost_component_detail_material_number.f8bd0b262a)
[0m15:29:38.219632 [debug] [Thread-2 (]: Began compiling node test.apc.not_null_mart_cost_component_detail_material_number.f8bd0b262a
[0m15:29:38.228861 [debug] [Thread-2 (]: Writing injected SQL for node "test.apc.not_null_mart_cost_component_detail_material_number.f8bd0b262a"
[0m15:29:38.229643 [debug] [Thread-2 (]: Began executing node test.apc.not_null_mart_cost_component_detail_material_number.f8bd0b262a
[0m15:29:38.236991 [debug] [Thread-2 (]: Writing runtime sql for node "test.apc.not_null_mart_cost_component_detail_material_number.f8bd0b262a"
[0m15:29:38.238158 [debug] [Thread-2 (]: Using snowflake connection "test.apc.not_null_mart_cost_component_detail_material_number.f8bd0b262a"
[0m15:29:38.238887 [debug] [Thread-2 (]: On test.apc.not_null_mart_cost_component_detail_material_number.f8bd0b262a: /* {"app": "dbt", "dbt_version": "1.9.4", "profile_name": "default", "target_name": "dev", "node_id": "test.apc.not_null_mart_cost_component_detail_material_number.f8bd0b262a"} */
select
      count(*) as failures,
      count(*) != 0 as should_warn,
      count(*) != 0 as should_error
    from (
      
    
    



select material_number
from APC_DEPLOY_DB.DBT_ANALYTICS.mart_cost_component_detail
where material_number is null



      
    ) dbt_internal_test
[0m15:29:38.239477 [debug] [Thread-2 (]: Opening a new connection, currently in state init
[0m15:29:38.542075 [debug] [Thread-5 (]: SQL status: SUCCESS 1 in 0.817 seconds
[0m15:29:38.544853 [info ] [Thread-5 (]: 13 of 42 PASS not_null_mart_cost_anomalies_Z_SCORE ............................. [[32mPASS[0m in 0.86s]
[0m15:29:38.549033 [debug] [Thread-5 (]: Finished running node test.apc.not_null_mart_cost_anomalies_Z_SCORE.06611d6904
[0m15:29:38.550156 [debug] [Thread-5 (]: Began running node test.apc.not_null_mart_product_cost_actual_cost_per_unit.4266a8e5a0
[0m15:29:38.550928 [info ] [Thread-5 (]: 17 of 42 START test not_null_mart_product_cost_actual_cost_per_unit ............ [RUN]
[0m15:29:38.551705 [debug] [Thread-5 (]: Re-using an available connection from the pool (formerly test.apc.not_null_mart_cost_anomalies_Z_SCORE.06611d6904, now test.apc.not_null_mart_product_cost_actual_cost_per_unit.4266a8e5a0)
[0m15:29:38.552345 [debug] [Thread-5 (]: Began compiling node test.apc.not_null_mart_product_cost_actual_cost_per_unit.4266a8e5a0
[0m15:29:38.562681 [debug] [Thread-5 (]: Writing injected SQL for node "test.apc.not_null_mart_product_cost_actual_cost_per_unit.4266a8e5a0"
[0m15:29:38.563543 [debug] [Thread-5 (]: Began executing node test.apc.not_null_mart_product_cost_actual_cost_per_unit.4266a8e5a0
[0m15:29:38.571172 [debug] [Thread-5 (]: Writing runtime sql for node "test.apc.not_null_mart_product_cost_actual_cost_per_unit.4266a8e5a0"
[0m15:29:38.572398 [debug] [Thread-5 (]: Using snowflake connection "test.apc.not_null_mart_product_cost_actual_cost_per_unit.4266a8e5a0"
[0m15:29:38.573077 [debug] [Thread-5 (]: On test.apc.not_null_mart_product_cost_actual_cost_per_unit.4266a8e5a0: /* {"app": "dbt", "dbt_version": "1.9.4", "profile_name": "default", "target_name": "dev", "node_id": "test.apc.not_null_mart_product_cost_actual_cost_per_unit.4266a8e5a0"} */
select
      count(*) as failures,
      count(*) != 0 as should_warn,
      count(*) != 0 as should_error
    from (
      
    
    



select actual_cost_per_unit
from APC_DEPLOY_DB.DBT_ANALYTICS.mart_product_cost
where actual_cost_per_unit is null



      
    ) dbt_internal_test
[0m15:29:38.573704 [debug] [Thread-5 (]: Opening a new connection, currently in state init
[0m15:29:38.576811 [debug] [Thread-4 (]: SQL status: SUCCESS 1 in 0.840 seconds
[0m15:29:38.579775 [info ] [Thread-4 (]: 14 of 42 PASS not_null_mart_cost_budget_budget_cost ............................ [[32mPASS[0m in 0.87s]
[0m15:29:38.580641 [debug] [Thread-4 (]: Finished running node test.apc.not_null_mart_cost_budget_budget_cost.0343542b64
[0m15:29:38.581592 [debug] [Thread-4 (]: Began running node test.apc.not_null_mart_product_cost_cost_variance_pct.8564ce539b
[0m15:29:38.582299 [info ] [Thread-4 (]: 18 of 42 START test not_null_mart_product_cost_cost_variance_pct ............... [RUN]
[0m15:29:38.583025 [debug] [Thread-4 (]: Re-using an available connection from the pool (formerly test.apc.not_null_mart_cost_budget_budget_cost.0343542b64, now test.apc.not_null_mart_product_cost_cost_variance_pct.8564ce539b)
[0m15:29:38.583597 [debug] [Thread-4 (]: Began compiling node test.apc.not_null_mart_product_cost_cost_variance_pct.8564ce539b
[0m15:29:38.680894 [debug] [Thread-4 (]: Writing injected SQL for node "test.apc.not_null_mart_product_cost_cost_variance_pct.8564ce539b"
[0m15:29:38.682391 [debug] [Thread-4 (]: Began executing node test.apc.not_null_mart_product_cost_cost_variance_pct.8564ce539b
[0m15:29:38.689766 [debug] [Thread-4 (]: Writing runtime sql for node "test.apc.not_null_mart_product_cost_cost_variance_pct.8564ce539b"
[0m15:29:38.690958 [debug] [Thread-4 (]: Using snowflake connection "test.apc.not_null_mart_product_cost_cost_variance_pct.8564ce539b"
[0m15:29:38.691648 [debug] [Thread-4 (]: On test.apc.not_null_mart_product_cost_cost_variance_pct.8564ce539b: /* {"app": "dbt", "dbt_version": "1.9.4", "profile_name": "default", "target_name": "dev", "node_id": "test.apc.not_null_mart_product_cost_cost_variance_pct.8564ce539b"} */
select
      count(*) as failures,
      count(*) != 0 as should_warn,
      count(*) != 0 as should_error
    from (
      
    
    



select cost_variance_pct
from APC_DEPLOY_DB.DBT_ANALYTICS.mart_product_cost
where cost_variance_pct is null



      
    ) dbt_internal_test
[0m15:29:38.692249 [debug] [Thread-4 (]: Opening a new connection, currently in state init
[0m15:29:38.902115 [debug] [Thread-3 (]: SQL status: SUCCESS 1 in 0.891 seconds
[0m15:29:38.905148 [info ] [Thread-3 (]: 15 of 42 PASS not_null_mart_cost_component_detail_cost_component ............... [[32mPASS[0m in 0.91s]
[0m15:29:38.906033 [debug] [Thread-3 (]: Finished running node test.apc.not_null_mart_cost_component_detail_cost_component.a0c13940df
[0m15:29:38.907031 [debug] [Thread-3 (]: Began running node test.apc.not_null_mart_product_cost_material_number.09ad82bedf
[0m15:29:38.907752 [info ] [Thread-3 (]: 19 of 42 START test not_null_mart_product_cost_material_number ................. [RUN]
[0m15:29:38.908556 [debug] [Thread-3 (]: Re-using an available connection from the pool (formerly test.apc.not_null_mart_cost_component_detail_cost_component.a0c13940df, now test.apc.not_null_mart_product_cost_material_number.09ad82bedf)
[0m15:29:38.909163 [debug] [Thread-3 (]: Began compiling node test.apc.not_null_mart_product_cost_material_number.09ad82bedf
[0m15:29:38.919735 [debug] [Thread-3 (]: Writing injected SQL for node "test.apc.not_null_mart_product_cost_material_number.09ad82bedf"
[0m15:29:38.920567 [debug] [Thread-3 (]: Began executing node test.apc.not_null_mart_product_cost_material_number.09ad82bedf
[0m15:29:38.927840 [debug] [Thread-3 (]: Writing runtime sql for node "test.apc.not_null_mart_product_cost_material_number.09ad82bedf"
[0m15:29:38.929080 [debug] [Thread-3 (]: Using snowflake connection "test.apc.not_null_mart_product_cost_material_number.09ad82bedf"
[0m15:29:38.929737 [debug] [Thread-3 (]: On test.apc.not_null_mart_product_cost_material_number.09ad82bedf: /* {"app": "dbt", "dbt_version": "1.9.4", "profile_name": "default", "target_name": "dev", "node_id": "test.apc.not_null_mart_product_cost_material_number.09ad82bedf"} */
select
      count(*) as failures,
      count(*) != 0 as should_warn,
      count(*) != 0 as should_error
    from (
      
    
    



select material_number
from APC_DEPLOY_DB.DBT_ANALYTICS.mart_product_cost
where material_number is null



      
    ) dbt_internal_test
[0m15:29:38.930369 [debug] [Thread-3 (]: Opening a new connection, currently in state init
[0m15:29:39.032585 [debug] [Thread-2 (]: SQL status: SUCCESS 1 in 0.793 seconds
[0m15:29:39.035682 [info ] [Thread-2 (]: 16 of 42 PASS not_null_mart_cost_component_detail_material_number .............. [[32mPASS[0m in 0.82s]
[0m15:29:39.036550 [debug] [Thread-2 (]: Finished running node test.apc.not_null_mart_cost_component_detail_material_number.f8bd0b262a
[0m15:29:39.037535 [debug] [Thread-2 (]: Began running node test.apc.not_null_mart_product_cost_monthly_avg_variance_pct.a80051a083
[0m15:29:39.038272 [info ] [Thread-2 (]: 20 of 42 START test not_null_mart_product_cost_monthly_avg_variance_pct ........ [RUN]
[0m15:29:39.039082 [debug] [Thread-2 (]: Re-using an available connection from the pool (formerly test.apc.not_null_mart_cost_component_detail_material_number.f8bd0b262a, now test.apc.not_null_mart_product_cost_monthly_avg_variance_pct.a80051a083)
[0m15:29:39.039674 [debug] [Thread-2 (]: Began compiling node test.apc.not_null_mart_product_cost_monthly_avg_variance_pct.a80051a083
[0m15:29:39.049950 [debug] [Thread-2 (]: Writing injected SQL for node "test.apc.not_null_mart_product_cost_monthly_avg_variance_pct.a80051a083"
[0m15:29:39.050816 [debug] [Thread-2 (]: Began executing node test.apc.not_null_mart_product_cost_monthly_avg_variance_pct.a80051a083
[0m15:29:39.058066 [debug] [Thread-2 (]: Writing runtime sql for node "test.apc.not_null_mart_product_cost_monthly_avg_variance_pct.a80051a083"
[0m15:29:39.059344 [debug] [Thread-2 (]: Using snowflake connection "test.apc.not_null_mart_product_cost_monthly_avg_variance_pct.a80051a083"
[0m15:29:39.060017 [debug] [Thread-2 (]: On test.apc.not_null_mart_product_cost_monthly_avg_variance_pct.a80051a083: /* {"app": "dbt", "dbt_version": "1.9.4", "profile_name": "default", "target_name": "dev", "node_id": "test.apc.not_null_mart_product_cost_monthly_avg_variance_pct.a80051a083"} */
select
      count(*) as failures,
      count(*) != 0 as should_warn,
      count(*) != 0 as should_error
    from (
      
    
    



select avg_variance_pct
from APC_DEPLOY_DB.DBT_ANALYTICS.mart_product_cost_monthly
where avg_variance_pct is null



      
    ) dbt_internal_test
[0m15:29:39.060628 [debug] [Thread-2 (]: Opening a new connection, currently in state init
[0m15:29:39.400544 [debug] [Thread-5 (]: SQL status: SUCCESS 1 in 0.827 seconds
[0m15:29:39.403195 [info ] [Thread-5 (]: 17 of 42 PASS not_null_mart_product_cost_actual_cost_per_unit .................. [[32mPASS[0m in 0.85s]
[0m15:29:39.404054 [debug] [Thread-5 (]: Finished running node test.apc.not_null_mart_product_cost_actual_cost_per_unit.4266a8e5a0
[0m15:29:39.405034 [debug] [Thread-5 (]: Began running node test.apc.not_null_mart_product_cost_monthly_material_number.e073106e05
[0m15:29:39.405786 [info ] [Thread-5 (]: 21 of 42 START test not_null_mart_product_cost_monthly_material_number ......... [RUN]
[0m15:29:39.406530 [debug] [Thread-5 (]: Re-using an available connection from the pool (formerly test.apc.not_null_mart_product_cost_actual_cost_per_unit.4266a8e5a0, now test.apc.not_null_mart_product_cost_monthly_material_number.e073106e05)
[0m15:29:39.407121 [debug] [Thread-5 (]: Began compiling node test.apc.not_null_mart_product_cost_monthly_material_number.e073106e05
[0m15:29:39.416360 [debug] [Thread-5 (]: Writing injected SQL for node "test.apc.not_null_mart_product_cost_monthly_material_number.e073106e05"
[0m15:29:39.417172 [debug] [Thread-5 (]: Began executing node test.apc.not_null_mart_product_cost_monthly_material_number.e073106e05
[0m15:29:39.427651 [debug] [Thread-5 (]: Writing runtime sql for node "test.apc.not_null_mart_product_cost_monthly_material_number.e073106e05"
[0m15:29:39.429649 [debug] [Thread-5 (]: Using snowflake connection "test.apc.not_null_mart_product_cost_monthly_material_number.e073106e05"
[0m15:29:39.430296 [debug] [Thread-5 (]: On test.apc.not_null_mart_product_cost_monthly_material_number.e073106e05: /* {"app": "dbt", "dbt_version": "1.9.4", "profile_name": "default", "target_name": "dev", "node_id": "test.apc.not_null_mart_product_cost_monthly_material_number.e073106e05"} */
select
      count(*) as failures,
      count(*) != 0 as should_warn,
      count(*) != 0 as should_error
    from (
      
    
    



select material_number
from APC_DEPLOY_DB.DBT_ANALYTICS.mart_product_cost_monthly
where material_number is null



      
    ) dbt_internal_test
[0m15:29:39.430912 [debug] [Thread-5 (]: Opening a new connection, currently in state init
[0m15:29:39.508292 [debug] [Thread-4 (]: SQL status: SUCCESS 1 in 0.816 seconds
[0m15:29:39.511127 [info ] [Thread-4 (]: 18 of 42 PASS not_null_mart_product_cost_cost_variance_pct ..................... [[32mPASS[0m in 0.93s]
[0m15:29:39.512004 [debug] [Thread-4 (]: Finished running node test.apc.not_null_mart_product_cost_cost_variance_pct.8564ce539b
[0m15:29:39.512984 [debug] [Thread-4 (]: Began running node test.apc.not_null_mart_product_cost_standard_cost_per_unit.96b812691c
[0m15:29:39.513734 [info ] [Thread-4 (]: 22 of 42 START test not_null_mart_product_cost_standard_cost_per_unit .......... [RUN]
[0m15:29:39.514461 [debug] [Thread-4 (]: Re-using an available connection from the pool (formerly test.apc.not_null_mart_product_cost_cost_variance_pct.8564ce539b, now test.apc.not_null_mart_product_cost_standard_cost_per_unit.96b812691c)
[0m15:29:39.515054 [debug] [Thread-4 (]: Began compiling node test.apc.not_null_mart_product_cost_standard_cost_per_unit.96b812691c
[0m15:29:39.524119 [debug] [Thread-4 (]: Writing injected SQL for node "test.apc.not_null_mart_product_cost_standard_cost_per_unit.96b812691c"
[0m15:29:39.524911 [debug] [Thread-4 (]: Began executing node test.apc.not_null_mart_product_cost_standard_cost_per_unit.96b812691c
[0m15:29:39.533877 [debug] [Thread-4 (]: Writing runtime sql for node "test.apc.not_null_mart_product_cost_standard_cost_per_unit.96b812691c"
[0m15:29:39.545628 [debug] [Thread-4 (]: Using snowflake connection "test.apc.not_null_mart_product_cost_standard_cost_per_unit.96b812691c"
[0m15:29:39.546385 [debug] [Thread-4 (]: On test.apc.not_null_mart_product_cost_standard_cost_per_unit.96b812691c: /* {"app": "dbt", "dbt_version": "1.9.4", "profile_name": "default", "target_name": "dev", "node_id": "test.apc.not_null_mart_product_cost_standard_cost_per_unit.96b812691c"} */
select
      count(*) as failures,
      count(*) != 0 as should_warn,
      count(*) != 0 as should_error
    from (
      
    
    



select standard_cost_per_unit
from APC_DEPLOY_DB.DBT_ANALYTICS.mart_product_cost
where standard_cost_per_unit is null



      
    ) dbt_internal_test
[0m15:29:39.547007 [debug] [Thread-4 (]: Opening a new connection, currently in state init
[0m15:29:39.725700 [debug] [Thread-3 (]: SQL status: SUCCESS 1 in 0.795 seconds
[0m15:29:39.728521 [info ] [Thread-3 (]: 19 of 42 PASS not_null_mart_product_cost_material_number ....................... [[32mPASS[0m in 0.82s]
[0m15:29:39.729397 [debug] [Thread-3 (]: Finished running node test.apc.not_null_mart_product_cost_material_number.09ad82bedf
[0m15:29:39.730405 [debug] [Thread-3 (]: Began running node test.apc.not_null_mart_product_profitability_MATERIAL_NUMBER.5e713beffa
[0m15:29:39.734312 [info ] [Thread-3 (]: 23 of 42 START test not_null_mart_product_profitability_MATERIAL_NUMBER ........ [RUN]
[0m15:29:39.735162 [debug] [Thread-3 (]: Re-using an available connection from the pool (formerly test.apc.not_null_mart_product_cost_material_number.09ad82bedf, now test.apc.not_null_mart_product_profitability_MATERIAL_NUMBER.5e713beffa)
[0m15:29:39.735829 [debug] [Thread-3 (]: Began compiling node test.apc.not_null_mart_product_profitability_MATERIAL_NUMBER.5e713beffa
[0m15:29:39.745031 [debug] [Thread-3 (]: Writing injected SQL for node "test.apc.not_null_mart_product_profitability_MATERIAL_NUMBER.5e713beffa"
[0m15:29:39.745824 [debug] [Thread-3 (]: Began executing node test.apc.not_null_mart_product_profitability_MATERIAL_NUMBER.5e713beffa
[0m15:29:39.754155 [debug] [Thread-3 (]: Writing runtime sql for node "test.apc.not_null_mart_product_profitability_MATERIAL_NUMBER.5e713beffa"
[0m15:29:39.755361 [debug] [Thread-3 (]: Using snowflake connection "test.apc.not_null_mart_product_profitability_MATERIAL_NUMBER.5e713beffa"
[0m15:29:39.756039 [debug] [Thread-3 (]: On test.apc.not_null_mart_product_profitability_MATERIAL_NUMBER.5e713beffa: /* {"app": "dbt", "dbt_version": "1.9.4", "profile_name": "default", "target_name": "dev", "node_id": "test.apc.not_null_mart_product_profitability_MATERIAL_NUMBER.5e713beffa"} */
select
      count(*) as failures,
      count(*) != 0 as should_warn,
      count(*) != 0 as should_error
    from (
      
    
    



select MATERIAL_NUMBER
from APC_DEPLOY_DB.DBT_ANALYTICS.mart_product_profitability
where MATERIAL_NUMBER is null



      
    ) dbt_internal_test
[0m15:29:39.758539 [debug] [Thread-3 (]: Opening a new connection, currently in state init
[0m15:29:39.913288 [debug] [Thread-2 (]: SQL status: SUCCESS 1 in 0.852 seconds
[0m15:29:39.916007 [info ] [Thread-2 (]: 20 of 42 PASS not_null_mart_product_cost_monthly_avg_variance_pct .............. [[32mPASS[0m in 0.88s]
[0m15:29:39.916872 [debug] [Thread-2 (]: Finished running node test.apc.not_null_mart_product_cost_monthly_avg_variance_pct.a80051a083
[0m15:29:39.917874 [debug] [Thread-2 (]: Began running node test.apc.not_null_mart_product_profitability_REVENUE.d405616edb
[0m15:29:39.918706 [info ] [Thread-2 (]: 24 of 42 START test not_null_mart_product_profitability_REVENUE ................ [RUN]
[0m15:29:39.919479 [debug] [Thread-2 (]: Re-using an available connection from the pool (formerly test.apc.not_null_mart_product_cost_monthly_avg_variance_pct.a80051a083, now test.apc.not_null_mart_product_profitability_REVENUE.d405616edb)
[0m15:29:39.920088 [debug] [Thread-2 (]: Began compiling node test.apc.not_null_mart_product_profitability_REVENUE.d405616edb
[0m15:29:39.929294 [debug] [Thread-2 (]: Writing injected SQL for node "test.apc.not_null_mart_product_profitability_REVENUE.d405616edb"
[0m15:29:39.930083 [debug] [Thread-2 (]: Began executing node test.apc.not_null_mart_product_profitability_REVENUE.d405616edb
[0m15:29:39.938422 [debug] [Thread-2 (]: Writing runtime sql for node "test.apc.not_null_mart_product_profitability_REVENUE.d405616edb"
[0m15:29:39.939575 [debug] [Thread-2 (]: Using snowflake connection "test.apc.not_null_mart_product_profitability_REVENUE.d405616edb"
[0m15:29:39.940192 [debug] [Thread-2 (]: On test.apc.not_null_mart_product_profitability_REVENUE.d405616edb: /* {"app": "dbt", "dbt_version": "1.9.4", "profile_name": "default", "target_name": "dev", "node_id": "test.apc.not_null_mart_product_profitability_REVENUE.d405616edb"} */
select
      count(*) as failures,
      count(*) != 0 as should_warn,
      count(*) != 0 as should_error
    from (
      
    
    



select REVENUE
from APC_DEPLOY_DB.DBT_ANALYTICS.mart_product_profitability
where REVENUE is null



      
    ) dbt_internal_test
[0m15:29:39.940766 [debug] [Thread-2 (]: Opening a new connection, currently in state init
[0m15:29:40.266911 [debug] [Thread-5 (]: SQL status: SUCCESS 1 in 0.836 seconds
[0m15:29:40.271434 [info ] [Thread-5 (]: 21 of 42 PASS not_null_mart_product_cost_monthly_material_number ............... [[32mPASS[0m in 0.86s]
[0m15:29:40.272291 [debug] [Thread-5 (]: Finished running node test.apc.not_null_mart_product_cost_monthly_material_number.e073106e05
[0m15:29:40.273248 [debug] [Thread-5 (]: Began running node test.apc.not_null_mart_product_risk_scores_MATERIAL_NUMBER.ec1b33c667
[0m15:29:40.273942 [info ] [Thread-5 (]: 25 of 42 START test not_null_mart_product_risk_scores_MATERIAL_NUMBER .......... [RUN]
[0m15:29:40.274719 [debug] [Thread-5 (]: Re-using an available connection from the pool (formerly test.apc.not_null_mart_product_cost_monthly_material_number.e073106e05, now test.apc.not_null_mart_product_risk_scores_MATERIAL_NUMBER.ec1b33c667)
[0m15:29:40.275297 [debug] [Thread-5 (]: Began compiling node test.apc.not_null_mart_product_risk_scores_MATERIAL_NUMBER.ec1b33c667
[0m15:29:40.284532 [debug] [Thread-5 (]: Writing injected SQL for node "test.apc.not_null_mart_product_risk_scores_MATERIAL_NUMBER.ec1b33c667"
[0m15:29:40.285326 [debug] [Thread-5 (]: Began executing node test.apc.not_null_mart_product_risk_scores_MATERIAL_NUMBER.ec1b33c667
[0m15:29:40.292596 [debug] [Thread-5 (]: Writing runtime sql for node "test.apc.not_null_mart_product_risk_scores_MATERIAL_NUMBER.ec1b33c667"
[0m15:29:40.293728 [debug] [Thread-5 (]: Using snowflake connection "test.apc.not_null_mart_product_risk_scores_MATERIAL_NUMBER.ec1b33c667"
[0m15:29:40.294354 [debug] [Thread-5 (]: On test.apc.not_null_mart_product_risk_scores_MATERIAL_NUMBER.ec1b33c667: /* {"app": "dbt", "dbt_version": "1.9.4", "profile_name": "default", "target_name": "dev", "node_id": "test.apc.not_null_mart_product_risk_scores_MATERIAL_NUMBER.ec1b33c667"} */
select
      count(*) as failures,
      count(*) != 0 as should_warn,
      count(*) != 0 as should_error
    from (
      
    
    



select MATERIAL_NUMBER
from APC_DEPLOY_DB.DBT_ANALYTICS.mart_product_risk_scores
where MATERIAL_NUMBER is null



      
    ) dbt_internal_test
[0m15:29:40.294979 [debug] [Thread-5 (]: Opening a new connection, currently in state init
[0m15:29:40.297101 [debug] [Thread-4 (]: SQL status: SUCCESS 1 in 0.750 seconds
[0m15:29:40.299629 [info ] [Thread-4 (]: 22 of 42 PASS not_null_mart_product_cost_standard_cost_per_unit ................ [[32mPASS[0m in 0.79s]
[0m15:29:40.300458 [debug] [Thread-4 (]: Finished running node test.apc.not_null_mart_product_cost_standard_cost_per_unit.96b812691c
[0m15:29:40.301400 [debug] [Thread-4 (]: Began running node test.apc.not_null_stg_cost_components_material_number.27d3aba671
[0m15:29:40.305266 [info ] [Thread-4 (]: 26 of 42 START test not_null_stg_cost_components_material_number ............... [RUN]
[0m15:29:40.305991 [debug] [Thread-4 (]: Re-using an available connection from the pool (formerly test.apc.not_null_mart_product_cost_standard_cost_per_unit.96b812691c, now test.apc.not_null_stg_cost_components_material_number.27d3aba671)
[0m15:29:40.306575 [debug] [Thread-4 (]: Began compiling node test.apc.not_null_stg_cost_components_material_number.27d3aba671
[0m15:29:40.316433 [debug] [Thread-4 (]: Writing injected SQL for node "test.apc.not_null_stg_cost_components_material_number.27d3aba671"
[0m15:29:40.317214 [debug] [Thread-4 (]: Began executing node test.apc.not_null_stg_cost_components_material_number.27d3aba671
[0m15:29:40.324444 [debug] [Thread-4 (]: Writing runtime sql for node "test.apc.not_null_stg_cost_components_material_number.27d3aba671"
[0m15:29:40.325724 [debug] [Thread-4 (]: Using snowflake connection "test.apc.not_null_stg_cost_components_material_number.27d3aba671"
[0m15:29:40.326988 [debug] [Thread-4 (]: On test.apc.not_null_stg_cost_components_material_number.27d3aba671: /* {"app": "dbt", "dbt_version": "1.9.4", "profile_name": "default", "target_name": "dev", "node_id": "test.apc.not_null_stg_cost_components_material_number.27d3aba671"} */
select
      count(*) as failures,
      count(*) != 0 as should_warn,
      count(*) != 0 as should_error
    from (
      
    
    



select material_number
from APC_DEPLOY_DB.DBT_ANALYTICS.stg_cost_components
where material_number is null



      
    ) dbt_internal_test
[0m15:29:40.328179 [debug] [Thread-4 (]: Opening a new connection, currently in state init
[0m15:29:40.593664 [debug] [Thread-3 (]: SQL status: SUCCESS 1 in 0.835 seconds
[0m15:29:40.597715 [info ] [Thread-3 (]: 23 of 42 PASS not_null_mart_product_profitability_MATERIAL_NUMBER .............. [[32mPASS[0m in 0.86s]
[0m15:29:40.598700 [debug] [Thread-3 (]: Finished running node test.apc.not_null_mart_product_profitability_MATERIAL_NUMBER.5e713beffa
[0m15:29:40.599666 [debug] [Thread-3 (]: Began running node test.apc.not_null_stg_fx_rates_from_currency.789d8211d0
[0m15:29:40.600371 [info ] [Thread-3 (]: 27 of 42 START test not_null_stg_fx_rates_from_currency ........................ [RUN]
[0m15:29:40.601072 [debug] [Thread-3 (]: Re-using an available connection from the pool (formerly test.apc.not_null_mart_product_profitability_MATERIAL_NUMBER.5e713beffa, now test.apc.not_null_stg_fx_rates_from_currency.789d8211d0)
[0m15:29:40.601657 [debug] [Thread-3 (]: Began compiling node test.apc.not_null_stg_fx_rates_from_currency.789d8211d0
[0m15:29:40.611672 [debug] [Thread-3 (]: Writing injected SQL for node "test.apc.not_null_stg_fx_rates_from_currency.789d8211d0"
[0m15:29:40.612452 [debug] [Thread-3 (]: Began executing node test.apc.not_null_stg_fx_rates_from_currency.789d8211d0
[0m15:29:40.619732 [debug] [Thread-3 (]: Writing runtime sql for node "test.apc.not_null_stg_fx_rates_from_currency.789d8211d0"
[0m15:29:40.620921 [debug] [Thread-3 (]: Using snowflake connection "test.apc.not_null_stg_fx_rates_from_currency.789d8211d0"
[0m15:29:40.621571 [debug] [Thread-3 (]: On test.apc.not_null_stg_fx_rates_from_currency.789d8211d0: /* {"app": "dbt", "dbt_version": "1.9.4", "profile_name": "default", "target_name": "dev", "node_id": "test.apc.not_null_stg_fx_rates_from_currency.789d8211d0"} */
select
      count(*) as failures,
      count(*) != 0 as should_warn,
      count(*) != 0 as should_error
    from (
      
    
    



select from_currency
from APC_DEPLOY_DB.DBT_ANALYTICS.stg_fx_rates
where from_currency is null



      
    ) dbt_internal_test
[0m15:29:40.622179 [debug] [Thread-3 (]: Opening a new connection, currently in state init
[0m15:29:40.766376 [debug] [Thread-2 (]: SQL status: SUCCESS 1 in 0.825 seconds
[0m15:29:40.772418 [info ] [Thread-2 (]: 24 of 42 PASS not_null_mart_product_profitability_REVENUE ...................... [[32mPASS[0m in 0.85s]
[0m15:29:40.773330 [debug] [Thread-2 (]: Finished running node test.apc.not_null_mart_product_profitability_REVENUE.d405616edb
[0m15:29:40.774323 [debug] [Thread-2 (]: Began running node test.apc.not_null_stg_fx_rates_usd_per_unit.c266c25427
[0m15:29:40.775052 [info ] [Thread-2 (]: 28 of 42 START test not_null_stg_fx_rates_usd_per_unit ......................... [RUN]
[0m15:29:40.775754 [debug] [Thread-2 (]: Re-using an available connection from the pool (formerly test.apc.not_null_mart_product_profitability_REVENUE.d405616edb, now test.apc.not_null_stg_fx_rates_usd_per_unit.c266c25427)
[0m15:29:40.776373 [debug] [Thread-2 (]: Began compiling node test.apc.not_null_stg_fx_rates_usd_per_unit.c266c25427
[0m15:29:40.786228 [debug] [Thread-2 (]: Writing injected SQL for node "test.apc.not_null_stg_fx_rates_usd_per_unit.c266c25427"
[0m15:29:40.790451 [debug] [Thread-2 (]: Began executing node test.apc.not_null_stg_fx_rates_usd_per_unit.c266c25427
[0m15:29:40.797438 [debug] [Thread-2 (]: Writing runtime sql for node "test.apc.not_null_stg_fx_rates_usd_per_unit.c266c25427"
[0m15:29:40.798603 [debug] [Thread-2 (]: Using snowflake connection "test.apc.not_null_stg_fx_rates_usd_per_unit.c266c25427"
[0m15:29:40.799269 [debug] [Thread-2 (]: On test.apc.not_null_stg_fx_rates_usd_per_unit.c266c25427: /* {"app": "dbt", "dbt_version": "1.9.4", "profile_name": "default", "target_name": "dev", "node_id": "test.apc.not_null_stg_fx_rates_usd_per_unit.c266c25427"} */
select
      count(*) as failures,
      count(*) != 0 as should_warn,
      count(*) != 0 as should_error
    from (
      
    
    



select usd_per_unit
from APC_DEPLOY_DB.DBT_ANALYTICS.stg_fx_rates
where usd_per_unit is null



      
    ) dbt_internal_test
[0m15:29:40.799878 [debug] [Thread-2 (]: Opening a new connection, currently in state init
[0m15:29:41.127894 [debug] [Thread-5 (]: SQL status: SUCCESS 1 in 0.833 seconds
[0m15:29:41.130578 [info ] [Thread-5 (]: 25 of 42 PASS not_null_mart_product_risk_scores_MATERIAL_NUMBER ................ [[32mPASS[0m in 0.86s]
[0m15:29:41.131422 [debug] [Thread-5 (]: Finished running node test.apc.not_null_mart_product_risk_scores_MATERIAL_NUMBER.ec1b33c667
[0m15:29:41.132367 [debug] [Thread-5 (]: Began running node test.apc.not_null_stg_ledger_postings_amount_local.445034c428
[0m15:29:41.133062 [info ] [Thread-5 (]: 29 of 42 START test not_null_stg_ledger_postings_amount_local .................. [RUN]
[0m15:29:41.133823 [debug] [Thread-5 (]: Re-using an available connection from the pool (formerly test.apc.not_null_mart_product_risk_scores_MATERIAL_NUMBER.ec1b33c667, now test.apc.not_null_stg_ledger_postings_amount_local.445034c428)
[0m15:29:41.134442 [debug] [Thread-5 (]: Began compiling node test.apc.not_null_stg_ledger_postings_amount_local.445034c428
[0m15:29:41.141811 [debug] [Thread-4 (]: SQL status: SUCCESS 1 in 0.814 seconds
[0m15:29:41.145451 [debug] [Thread-5 (]: Writing injected SQL for node "test.apc.not_null_stg_ledger_postings_amount_local.445034c428"
[0m15:29:41.147855 [info ] [Thread-4 (]: 26 of 42 PASS not_null_stg_cost_components_material_number ..................... [[32mPASS[0m in 0.84s]
[0m15:29:41.149014 [debug] [Thread-4 (]: Finished running node test.apc.not_null_stg_cost_components_material_number.27d3aba671
[0m15:29:41.149585 [debug] [Thread-5 (]: Began executing node test.apc.not_null_stg_ledger_postings_amount_local.445034c428
[0m15:29:41.150509 [debug] [Thread-4 (]: Began running node test.apc.not_null_stg_ledger_postings_material_number.83eed49392
[0m15:29:41.158036 [debug] [Thread-5 (]: Writing runtime sql for node "test.apc.not_null_stg_ledger_postings_amount_local.445034c428"
[0m15:29:41.162006 [info ] [Thread-4 (]: 30 of 42 START test not_null_stg_ledger_postings_material_number ............... [RUN]
[0m15:29:41.163054 [debug] [Thread-4 (]: Re-using an available connection from the pool (formerly test.apc.not_null_stg_cost_components_material_number.27d3aba671, now test.apc.not_null_stg_ledger_postings_material_number.83eed49392)
[0m15:29:41.164122 [debug] [Thread-5 (]: Using snowflake connection "test.apc.not_null_stg_ledger_postings_amount_local.445034c428"
[0m15:29:41.164742 [debug] [Thread-4 (]: Began compiling node test.apc.not_null_stg_ledger_postings_material_number.83eed49392
[0m15:29:41.165422 [debug] [Thread-5 (]: On test.apc.not_null_stg_ledger_postings_amount_local.445034c428: /* {"app": "dbt", "dbt_version": "1.9.4", "profile_name": "default", "target_name": "dev", "node_id": "test.apc.not_null_stg_ledger_postings_amount_local.445034c428"} */
select
      count(*) as failures,
      count(*) != 0 as should_warn,
      count(*) != 0 as should_error
    from (
      
    
    



select amount_local
from APC_DEPLOY_DB.DBT_ANALYTICS.stg_ledger_postings
where amount_local is null



      
    ) dbt_internal_test
[0m15:29:41.176803 [debug] [Thread-4 (]: Writing injected SQL for node "test.apc.not_null_stg_ledger_postings_material_number.83eed49392"
[0m15:29:41.177982 [debug] [Thread-5 (]: Opening a new connection, currently in state init
[0m15:29:41.179075 [debug] [Thread-4 (]: Began executing node test.apc.not_null_stg_ledger_postings_material_number.83eed49392
[0m15:29:41.280570 [debug] [Thread-4 (]: Writing runtime sql for node "test.apc.not_null_stg_ledger_postings_material_number.83eed49392"
[0m15:29:41.282676 [debug] [Thread-4 (]: Using snowflake connection "test.apc.not_null_stg_ledger_postings_material_number.83eed49392"
[0m15:29:41.283365 [debug] [Thread-4 (]: On test.apc.not_null_stg_ledger_postings_material_number.83eed49392: /* {"app": "dbt", "dbt_version": "1.9.4", "profile_name": "default", "target_name": "dev", "node_id": "test.apc.not_null_stg_ledger_postings_material_number.83eed49392"} */
select
      count(*) as failures,
      count(*) != 0 as should_warn,
      count(*) != 0 as should_error
    from (
      
    
    



select material_number
from APC_DEPLOY_DB.DBT_ANALYTICS.stg_ledger_postings
where material_number is null



      
    ) dbt_internal_test
[0m15:29:41.283953 [debug] [Thread-4 (]: Opening a new connection, currently in state init
[0m15:29:41.535281 [debug] [Thread-3 (]: SQL status: SUCCESS 1 in 0.913 seconds
[0m15:29:41.537965 [info ] [Thread-3 (]: 27 of 42 PASS not_null_stg_fx_rates_from_currency .............................. [[32mPASS[0m in 0.94s]
[0m15:29:41.538877 [debug] [Thread-3 (]: Finished running node test.apc.not_null_stg_fx_rates_from_currency.789d8211d0
[0m15:29:41.539833 [debug] [Thread-3 (]: Began running node test.apc.not_null_stg_ledger_postings_plant_code.4b887d1f83
[0m15:29:41.540549 [info ] [Thread-3 (]: 31 of 42 START test not_null_stg_ledger_postings_plant_code .................... [RUN]
[0m15:29:41.541255 [debug] [Thread-3 (]: Re-using an available connection from the pool (formerly test.apc.not_null_stg_fx_rates_from_currency.789d8211d0, now test.apc.not_null_stg_ledger_postings_plant_code.4b887d1f83)
[0m15:29:41.541844 [debug] [Thread-3 (]: Began compiling node test.apc.not_null_stg_ledger_postings_plant_code.4b887d1f83
[0m15:29:41.550996 [debug] [Thread-3 (]: Writing injected SQL for node "test.apc.not_null_stg_ledger_postings_plant_code.4b887d1f83"
[0m15:29:41.551823 [debug] [Thread-3 (]: Began executing node test.apc.not_null_stg_ledger_postings_plant_code.4b887d1f83
[0m15:29:41.560157 [debug] [Thread-3 (]: Writing runtime sql for node "test.apc.not_null_stg_ledger_postings_plant_code.4b887d1f83"
[0m15:29:41.561328 [debug] [Thread-3 (]: Using snowflake connection "test.apc.not_null_stg_ledger_postings_plant_code.4b887d1f83"
[0m15:29:41.562117 [debug] [Thread-3 (]: On test.apc.not_null_stg_ledger_postings_plant_code.4b887d1f83: /* {"app": "dbt", "dbt_version": "1.9.4", "profile_name": "default", "target_name": "dev", "node_id": "test.apc.not_null_stg_ledger_postings_plant_code.4b887d1f83"} */
select
      count(*) as failures,
      count(*) != 0 as should_warn,
      count(*) != 0 as should_error
    from (
      
    
    



select plant_code
from APC_DEPLOY_DB.DBT_ANALYTICS.stg_ledger_postings
where plant_code is null



      
    ) dbt_internal_test
[0m15:29:41.564325 [debug] [Thread-3 (]: Opening a new connection, currently in state init
[0m15:29:41.600513 [debug] [Thread-2 (]: SQL status: SUCCESS 1 in 0.800 seconds
[0m15:29:41.603607 [info ] [Thread-2 (]: 28 of 42 PASS not_null_stg_fx_rates_usd_per_unit ............................... [[32mPASS[0m in 0.83s]
[0m15:29:41.605016 [debug] [Thread-2 (]: Finished running node test.apc.not_null_stg_fx_rates_usd_per_unit.c266c25427
[0m15:29:41.606054 [debug] [Thread-2 (]: Began running node test.apc.not_null_stg_material_master_material_number.05b3ee2b60
[0m15:29:41.606840 [info ] [Thread-2 (]: 32 of 42 START test not_null_stg_material_master_material_number ............... [RUN]
[0m15:29:41.607616 [debug] [Thread-2 (]: Re-using an available connection from the pool (formerly test.apc.not_null_stg_fx_rates_usd_per_unit.c266c25427, now test.apc.not_null_stg_material_master_material_number.05b3ee2b60)
[0m15:29:41.611467 [debug] [Thread-2 (]: Began compiling node test.apc.not_null_stg_material_master_material_number.05b3ee2b60
[0m15:29:41.621202 [debug] [Thread-2 (]: Writing injected SQL for node "test.apc.not_null_stg_material_master_material_number.05b3ee2b60"
[0m15:29:41.622031 [debug] [Thread-2 (]: Began executing node test.apc.not_null_stg_material_master_material_number.05b3ee2b60
[0m15:29:41.630716 [debug] [Thread-2 (]: Writing runtime sql for node "test.apc.not_null_stg_material_master_material_number.05b3ee2b60"
[0m15:29:41.631889 [debug] [Thread-2 (]: Using snowflake connection "test.apc.not_null_stg_material_master_material_number.05b3ee2b60"
[0m15:29:41.632519 [debug] [Thread-2 (]: On test.apc.not_null_stg_material_master_material_number.05b3ee2b60: /* {"app": "dbt", "dbt_version": "1.9.4", "profile_name": "default", "target_name": "dev", "node_id": "test.apc.not_null_stg_material_master_material_number.05b3ee2b60"} */
select
      count(*) as failures,
      count(*) != 0 as should_warn,
      count(*) != 0 as should_error
    from (
      
    
    



select material_number
from APC_DEPLOY_DB.DBT_ANALYTICS.stg_material_master
where material_number is null



      
    ) dbt_internal_test
[0m15:29:41.633099 [debug] [Thread-2 (]: Opening a new connection, currently in state init
[0m15:29:42.079310 [debug] [Thread-5 (]: SQL status: SUCCESS 1 in 0.901 seconds
[0m15:29:42.082005 [info ] [Thread-5 (]: 29 of 42 PASS not_null_stg_ledger_postings_amount_local ........................ [[32mPASS[0m in 0.95s]
[0m15:29:42.083256 [debug] [Thread-4 (]: SQL status: SUCCESS 1 in 0.799 seconds
[0m15:29:42.084091 [debug] [Thread-5 (]: Finished running node test.apc.not_null_stg_ledger_postings_amount_local.445034c428
[0m15:29:42.086362 [info ] [Thread-4 (]: 30 of 42 PASS not_null_stg_ledger_postings_material_number ..................... [[32mPASS[0m in 0.92s]
[0m15:29:42.087430 [debug] [Thread-5 (]: Began running node test.apc.not_null_stg_plant_local_currency.6991f0929a
[0m15:29:42.088289 [debug] [Thread-4 (]: Finished running node test.apc.not_null_stg_ledger_postings_material_number.83eed49392
[0m15:29:42.089014 [info ] [Thread-5 (]: 33 of 42 START test not_null_stg_plant_local_currency .......................... [RUN]
[0m15:29:42.089955 [debug] [Thread-4 (]: Began running node test.apc.not_null_stg_plant_plant_code.898247d37d
[0m15:29:42.090753 [debug] [Thread-5 (]: Re-using an available connection from the pool (formerly test.apc.not_null_stg_ledger_postings_amount_local.445034c428, now test.apc.not_null_stg_plant_local_currency.6991f0929a)
[0m15:29:42.091416 [info ] [Thread-4 (]: 34 of 42 START test not_null_stg_plant_plant_code .............................. [RUN]
[0m15:29:42.092114 [debug] [Thread-5 (]: Began compiling node test.apc.not_null_stg_plant_local_currency.6991f0929a
[0m15:29:42.092775 [debug] [Thread-4 (]: Re-using an available connection from the pool (formerly test.apc.not_null_stg_ledger_postings_material_number.83eed49392, now test.apc.not_null_stg_plant_plant_code.898247d37d)
[0m15:29:42.101958 [debug] [Thread-5 (]: Writing injected SQL for node "test.apc.not_null_stg_plant_local_currency.6991f0929a"
[0m15:29:42.102600 [debug] [Thread-4 (]: Began compiling node test.apc.not_null_stg_plant_plant_code.898247d37d
[0m15:29:42.114490 [debug] [Thread-4 (]: Writing injected SQL for node "test.apc.not_null_stg_plant_plant_code.898247d37d"
[0m15:29:42.115555 [debug] [Thread-5 (]: Began executing node test.apc.not_null_stg_plant_local_currency.6991f0929a
[0m15:29:42.123319 [debug] [Thread-5 (]: Writing runtime sql for node "test.apc.not_null_stg_plant_local_currency.6991f0929a"
[0m15:29:42.123965 [debug] [Thread-4 (]: Began executing node test.apc.not_null_stg_plant_plant_code.898247d37d
[0m15:29:42.132463 [debug] [Thread-4 (]: Writing runtime sql for node "test.apc.not_null_stg_plant_plant_code.898247d37d"
[0m15:29:42.133490 [debug] [Thread-5 (]: Using snowflake connection "test.apc.not_null_stg_plant_local_currency.6991f0929a"
[0m15:29:42.134666 [debug] [Thread-5 (]: On test.apc.not_null_stg_plant_local_currency.6991f0929a: /* {"app": "dbt", "dbt_version": "1.9.4", "profile_name": "default", "target_name": "dev", "node_id": "test.apc.not_null_stg_plant_local_currency.6991f0929a"} */
select
      count(*) as failures,
      count(*) != 0 as should_warn,
      count(*) != 0 as should_error
    from (
      
    
    



select local_currency
from APC_DEPLOY_DB.DBT_ANALYTICS.stg_plant
where local_currency is null



      
    ) dbt_internal_test
[0m15:29:42.135710 [debug] [Thread-4 (]: Using snowflake connection "test.apc.not_null_stg_plant_plant_code.898247d37d"
[0m15:29:42.136386 [debug] [Thread-5 (]: Opening a new connection, currently in state init
[0m15:29:42.137055 [debug] [Thread-4 (]: On test.apc.not_null_stg_plant_plant_code.898247d37d: /* {"app": "dbt", "dbt_version": "1.9.4", "profile_name": "default", "target_name": "dev", "node_id": "test.apc.not_null_stg_plant_plant_code.898247d37d"} */
select
      count(*) as failures,
      count(*) != 0 as should_warn,
      count(*) != 0 as should_error
    from (
      
    
    



select plant_code
from APC_DEPLOY_DB.DBT_ANALYTICS.stg_plant
where plant_code is null



      
    ) dbt_internal_test
[0m15:29:42.137801 [debug] [Thread-4 (]: Opening a new connection, currently in state init
[0m15:29:42.340039 [debug] [Thread-3 (]: SQL status: SUCCESS 1 in 0.776 seconds
[0m15:29:42.343166 [info ] [Thread-3 (]: 31 of 42 PASS not_null_stg_ledger_postings_plant_code .......................... [[32mPASS[0m in 0.80s]
[0m15:29:42.344052 [debug] [Thread-3 (]: Finished running node test.apc.not_null_stg_ledger_postings_plant_code.4b887d1f83
[0m15:29:42.345048 [debug] [Thread-3 (]: Began running node test.apc.not_null_stg_sd_billing_material_number.49d00cf3c1
[0m15:29:42.345780 [info ] [Thread-3 (]: 35 of 42 START test not_null_stg_sd_billing_material_number .................... [RUN]
[0m15:29:42.346507 [debug] [Thread-3 (]: Re-using an available connection from the pool (formerly test.apc.not_null_stg_ledger_postings_plant_code.4b887d1f83, now test.apc.not_null_stg_sd_billing_material_number.49d00cf3c1)
[0m15:29:42.347087 [debug] [Thread-3 (]: Began compiling node test.apc.not_null_stg_sd_billing_material_number.49d00cf3c1
[0m15:29:42.356243 [debug] [Thread-3 (]: Writing injected SQL for node "test.apc.not_null_stg_sd_billing_material_number.49d00cf3c1"
[0m15:29:42.357036 [debug] [Thread-3 (]: Began executing node test.apc.not_null_stg_sd_billing_material_number.49d00cf3c1
[0m15:29:42.364273 [debug] [Thread-3 (]: Writing runtime sql for node "test.apc.not_null_stg_sd_billing_material_number.49d00cf3c1"
[0m15:29:42.369664 [debug] [Thread-3 (]: Using snowflake connection "test.apc.not_null_stg_sd_billing_material_number.49d00cf3c1"
[0m15:29:42.370326 [debug] [Thread-3 (]: On test.apc.not_null_stg_sd_billing_material_number.49d00cf3c1: /* {"app": "dbt", "dbt_version": "1.9.4", "profile_name": "default", "target_name": "dev", "node_id": "test.apc.not_null_stg_sd_billing_material_number.49d00cf3c1"} */
select
      count(*) as failures,
      count(*) != 0 as should_warn,
      count(*) != 0 as should_error
    from (
      
    
    



select material_number
from APC_DEPLOY_DB.DBT_ANALYTICS.stg_sd_billing
where material_number is null



      
    ) dbt_internal_test
[0m15:29:42.370944 [debug] [Thread-3 (]: Opening a new connection, currently in state init
[0m15:29:42.494068 [debug] [Thread-2 (]: SQL status: SUCCESS 1 in 0.861 seconds
[0m15:29:42.496676 [info ] [Thread-2 (]: 32 of 42 PASS not_null_stg_material_master_material_number ..................... [[32mPASS[0m in 0.89s]
[0m15:29:42.497531 [debug] [Thread-2 (]: Finished running node test.apc.not_null_stg_material_master_material_number.05b3ee2b60
[0m15:29:42.498589 [debug] [Thread-2 (]: Began running node test.apc.not_null_stg_sd_billing_net_revenue.0afa4f5fb0
[0m15:29:42.499316 [info ] [Thread-2 (]: 36 of 42 START test not_null_stg_sd_billing_net_revenue ........................ [RUN]
[0m15:29:42.500077 [debug] [Thread-2 (]: Re-using an available connection from the pool (formerly test.apc.not_null_stg_material_master_material_number.05b3ee2b60, now test.apc.not_null_stg_sd_billing_net_revenue.0afa4f5fb0)
[0m15:29:42.500708 [debug] [Thread-2 (]: Began compiling node test.apc.not_null_stg_sd_billing_net_revenue.0afa4f5fb0
[0m15:29:42.510114 [debug] [Thread-2 (]: Writing injected SQL for node "test.apc.not_null_stg_sd_billing_net_revenue.0afa4f5fb0"
[0m15:29:42.510902 [debug] [Thread-2 (]: Began executing node test.apc.not_null_stg_sd_billing_net_revenue.0afa4f5fb0
[0m15:29:42.518080 [debug] [Thread-2 (]: Writing runtime sql for node "test.apc.not_null_stg_sd_billing_net_revenue.0afa4f5fb0"
[0m15:29:42.519264 [debug] [Thread-2 (]: Using snowflake connection "test.apc.not_null_stg_sd_billing_net_revenue.0afa4f5fb0"
[0m15:29:42.519872 [debug] [Thread-2 (]: On test.apc.not_null_stg_sd_billing_net_revenue.0afa4f5fb0: /* {"app": "dbt", "dbt_version": "1.9.4", "profile_name": "default", "target_name": "dev", "node_id": "test.apc.not_null_stg_sd_billing_net_revenue.0afa4f5fb0"} */
select
      count(*) as failures,
      count(*) != 0 as should_warn,
      count(*) != 0 as should_error
    from (
      
    
    



select net_revenue
from APC_DEPLOY_DB.DBT_ANALYTICS.stg_sd_billing
where net_revenue is null



      
    ) dbt_internal_test
[0m15:29:42.520456 [debug] [Thread-2 (]: Opening a new connection, currently in state init
[0m15:29:43.051786 [debug] [Thread-5 (]: SQL status: SUCCESS 1 in 0.915 seconds
[0m15:29:43.054392 [info ] [Thread-5 (]: 33 of 42 PASS not_null_stg_plant_local_currency ................................ [[32mPASS[0m in 0.96s]
[0m15:29:43.055228 [debug] [Thread-5 (]: Finished running node test.apc.not_null_stg_plant_local_currency.6991f0929a
[0m15:29:43.056211 [debug] [Thread-5 (]: Began running node test.apc.not_null_stg_standard_price_material_number.f0c051605a
[0m15:29:43.056918 [info ] [Thread-5 (]: 37 of 42 START test not_null_stg_standard_price_material_number ................ [RUN]
[0m15:29:43.057645 [debug] [Thread-5 (]: Re-using an available connection from the pool (formerly test.apc.not_null_stg_plant_local_currency.6991f0929a, now test.apc.not_null_stg_standard_price_material_number.f0c051605a)
[0m15:29:43.058269 [debug] [Thread-5 (]: Began compiling node test.apc.not_null_stg_standard_price_material_number.f0c051605a
[0m15:29:43.069001 [debug] [Thread-5 (]: Writing injected SQL for node "test.apc.not_null_stg_standard_price_material_number.f0c051605a"
[0m15:29:43.070167 [debug] [Thread-4 (]: SQL status: SUCCESS 1 in 0.932 seconds
[0m15:29:43.072875 [info ] [Thread-4 (]: 34 of 42 PASS not_null_stg_plant_plant_code .................................... [[32mPASS[0m in 0.98s]
[0m15:29:43.073642 [debug] [Thread-5 (]: Began executing node test.apc.not_null_stg_standard_price_material_number.f0c051605a
[0m15:29:43.074434 [debug] [Thread-4 (]: Finished running node test.apc.not_null_stg_plant_plant_code.898247d37d
[0m15:29:43.081741 [debug] [Thread-5 (]: Writing runtime sql for node "test.apc.not_null_stg_standard_price_material_number.f0c051605a"
[0m15:29:43.082770 [debug] [Thread-4 (]: Began running node test.apc.not_null_stg_standard_price_standard_price_local.71be011801
[0m15:29:43.083726 [info ] [Thread-4 (]: 38 of 42 START test not_null_stg_standard_price_standard_price_local ........... [RUN]
[0m15:29:43.084831 [debug] [Thread-5 (]: Using snowflake connection "test.apc.not_null_stg_standard_price_material_number.f0c051605a"
[0m15:29:43.085509 [debug] [Thread-4 (]: Re-using an available connection from the pool (formerly test.apc.not_null_stg_plant_plant_code.898247d37d, now test.apc.not_null_stg_standard_price_standard_price_local.71be011801)
[0m15:29:43.086157 [debug] [Thread-5 (]: On test.apc.not_null_stg_standard_price_material_number.f0c051605a: /* {"app": "dbt", "dbt_version": "1.9.4", "profile_name": "default", "target_name": "dev", "node_id": "test.apc.not_null_stg_standard_price_material_number.f0c051605a"} */
select
      count(*) as failures,
      count(*) != 0 as should_warn,
      count(*) != 0 as should_error
    from (
      
    
    



select material_number
from APC_DEPLOY_DB.DBT_ANALYTICS.stg_standard_price
where material_number is null



      
    ) dbt_internal_test
[0m15:29:43.086816 [debug] [Thread-4 (]: Began compiling node test.apc.not_null_stg_standard_price_standard_price_local.71be011801
[0m15:29:43.087463 [debug] [Thread-5 (]: Opening a new connection, currently in state init
[0m15:29:43.097597 [debug] [Thread-4 (]: Writing injected SQL for node "test.apc.not_null_stg_standard_price_standard_price_local.71be011801"
[0m15:29:43.098681 [debug] [Thread-4 (]: Began executing node test.apc.not_null_stg_standard_price_standard_price_local.71be011801
[0m15:29:43.109089 [debug] [Thread-4 (]: Writing runtime sql for node "test.apc.not_null_stg_standard_price_standard_price_local.71be011801"
[0m15:29:43.110348 [debug] [Thread-4 (]: Using snowflake connection "test.apc.not_null_stg_standard_price_standard_price_local.71be011801"
[0m15:29:43.111099 [debug] [Thread-4 (]: On test.apc.not_null_stg_standard_price_standard_price_local.71be011801: /* {"app": "dbt", "dbt_version": "1.9.4", "profile_name": "default", "target_name": "dev", "node_id": "test.apc.not_null_stg_standard_price_standard_price_local.71be011801"} */
select
      count(*) as failures,
      count(*) != 0 as should_warn,
      count(*) != 0 as should_error
    from (
      
    
    



select standard_price_local
from APC_DEPLOY_DB.DBT_ANALYTICS.stg_standard_price
where standard_price_local is null



      
    ) dbt_internal_test
[0m15:29:43.111692 [debug] [Thread-4 (]: Opening a new connection, currently in state init
[0m15:29:43.214561 [debug] [Thread-3 (]: SQL status: SUCCESS 1 in 0.843 seconds
[0m15:29:43.217674 [info ] [Thread-3 (]: 35 of 42 PASS not_null_stg_sd_billing_material_number .......................... [[32mPASS[0m in 0.87s]
[0m15:29:43.218614 [debug] [Thread-3 (]: Finished running node test.apc.not_null_stg_sd_billing_material_number.49d00cf3c1
[0m15:29:43.219595 [debug] [Thread-3 (]: Began running node test.apc.relationships_mart_product_cost_material_number__material_number__ref_stg_material_master_.94f44ada59
[0m15:29:43.220308 [info ] [Thread-3 (]: 39 of 42 START test relationships_mart_product_cost_material_number__material_number__ref_stg_material_master_  [RUN]
[0m15:29:43.221043 [debug] [Thread-3 (]: Re-using an available connection from the pool (formerly test.apc.not_null_stg_sd_billing_material_number.49d00cf3c1, now test.apc.relationships_mart_product_cost_material_number__material_number__ref_stg_material_master_.94f44ada59)
[0m15:29:43.221638 [debug] [Thread-3 (]: Began compiling node test.apc.relationships_mart_product_cost_material_number__material_number__ref_stg_material_master_.94f44ada59
[0m15:29:43.235624 [debug] [Thread-3 (]: Writing injected SQL for node "test.apc.relationships_mart_product_cost_material_number__material_number__ref_stg_material_master_.94f44ada59"
[0m15:29:43.236449 [debug] [Thread-3 (]: Began executing node test.apc.relationships_mart_product_cost_material_number__material_number__ref_stg_material_master_.94f44ada59
[0m15:29:43.243797 [debug] [Thread-3 (]: Writing runtime sql for node "test.apc.relationships_mart_product_cost_material_number__material_number__ref_stg_material_master_.94f44ada59"
[0m15:29:43.245313 [debug] [Thread-3 (]: Using snowflake connection "test.apc.relationships_mart_product_cost_material_number__material_number__ref_stg_material_master_.94f44ada59"
[0m15:29:43.245995 [debug] [Thread-3 (]: On test.apc.relationships_mart_product_cost_material_number__material_number__ref_stg_material_master_.94f44ada59: /* {"app": "dbt", "dbt_version": "1.9.4", "profile_name": "default", "target_name": "dev", "node_id": "test.apc.relationships_mart_product_cost_material_number__material_number__ref_stg_material_master_.94f44ada59"} */
select
      count(*) as failures,
      count(*) != 0 as should_warn,
      count(*) != 0 as should_error
    from (
      
    
    

with child as (
    select material_number as from_field
    from APC_DEPLOY_DB.DBT_ANALYTICS.mart_product_cost
    where material_number is not null
),

parent as (
    select material_number as to_field
    from APC_DEPLOY_DB.DBT_ANALYTICS.stg_material_master
)

select
    from_field

from child
left join parent
    on child.from_field = parent.to_field

where parent.to_field is null



      
    ) dbt_internal_test
[0m15:29:43.246630 [debug] [Thread-3 (]: Opening a new connection, currently in state init
[0m15:29:43.313481 [debug] [Thread-2 (]: SQL status: SUCCESS 1 in 0.793 seconds
[0m15:29:43.316166 [info ] [Thread-2 (]: 36 of 42 PASS not_null_stg_sd_billing_net_revenue .............................. [[32mPASS[0m in 0.82s]
[0m15:29:43.317014 [debug] [Thread-2 (]: Finished running node test.apc.not_null_stg_sd_billing_net_revenue.0afa4f5fb0
[0m15:29:43.317978 [debug] [Thread-2 (]: Began running node test.apc.unique_mart_product_risk_scores_MATERIAL_NUMBER.caa9cccea9
[0m15:29:43.318800 [info ] [Thread-2 (]: 40 of 42 START test unique_mart_product_risk_scores_MATERIAL_NUMBER ............ [RUN]
[0m15:29:43.319579 [debug] [Thread-2 (]: Re-using an available connection from the pool (formerly test.apc.not_null_stg_sd_billing_net_revenue.0afa4f5fb0, now test.apc.unique_mart_product_risk_scores_MATERIAL_NUMBER.caa9cccea9)
[0m15:29:43.320177 [debug] [Thread-2 (]: Began compiling node test.apc.unique_mart_product_risk_scores_MATERIAL_NUMBER.caa9cccea9
[0m15:29:43.343683 [debug] [Thread-2 (]: Writing injected SQL for node "test.apc.unique_mart_product_risk_scores_MATERIAL_NUMBER.caa9cccea9"
[0m15:29:43.345962 [debug] [Thread-2 (]: Began executing node test.apc.unique_mart_product_risk_scores_MATERIAL_NUMBER.caa9cccea9
[0m15:29:43.353302 [debug] [Thread-2 (]: Writing runtime sql for node "test.apc.unique_mart_product_risk_scores_MATERIAL_NUMBER.caa9cccea9"
[0m15:29:43.354571 [debug] [Thread-2 (]: Using snowflake connection "test.apc.unique_mart_product_risk_scores_MATERIAL_NUMBER.caa9cccea9"
[0m15:29:43.355191 [debug] [Thread-2 (]: On test.apc.unique_mart_product_risk_scores_MATERIAL_NUMBER.caa9cccea9: /* {"app": "dbt", "dbt_version": "1.9.4", "profile_name": "default", "target_name": "dev", "node_id": "test.apc.unique_mart_product_risk_scores_MATERIAL_NUMBER.caa9cccea9"} */
select
      count(*) as failures,
      count(*) != 0 as should_warn,
      count(*) != 0 as should_error
    from (
      
    
    

select
    MATERIAL_NUMBER as unique_field,
    count(*) as n_records

from APC_DEPLOY_DB.DBT_ANALYTICS.mart_product_risk_scores
where MATERIAL_NUMBER is not null
group by MATERIAL_NUMBER
having count(*) > 1



      
    ) dbt_internal_test
[0m15:29:43.355752 [debug] [Thread-2 (]: Opening a new connection, currently in state init
[0m15:29:44.082025 [debug] [Thread-5 (]: SQL status: SUCCESS 1 in 0.994 seconds
[0m15:29:44.084757 [info ] [Thread-5 (]: 37 of 42 PASS not_null_stg_standard_price_material_number ...................... [[32mPASS[0m in 1.03s]
[0m15:29:44.085665 [debug] [Thread-5 (]: Finished running node test.apc.not_null_stg_standard_price_material_number.f0c051605a
[0m15:29:44.086690 [debug] [Thread-5 (]: Began running node test.apc.unique_stg_material_master_material_number.e38c17be55
[0m15:29:44.087410 [info ] [Thread-5 (]: 41 of 42 START test unique_stg_material_master_material_number ................. [RUN]
[0m15:29:44.088180 [debug] [Thread-5 (]: Re-using an available connection from the pool (formerly test.apc.not_null_stg_standard_price_material_number.f0c051605a, now test.apc.unique_stg_material_master_material_number.e38c17be55)
[0m15:29:44.088840 [debug] [Thread-5 (]: Began compiling node test.apc.unique_stg_material_master_material_number.e38c17be55
[0m15:29:44.098828 [debug] [Thread-5 (]: Writing injected SQL for node "test.apc.unique_stg_material_master_material_number.e38c17be55"
[0m15:29:44.100060 [debug] [Thread-4 (]: SQL status: SUCCESS 1 in 0.988 seconds
[0m15:29:44.102880 [info ] [Thread-4 (]: 38 of 42 PASS not_null_stg_standard_price_standard_price_local ................. [[32mPASS[0m in 1.02s]
[0m15:29:44.103588 [debug] [Thread-5 (]: Began executing node test.apc.unique_stg_material_master_material_number.e38c17be55
[0m15:29:44.104527 [debug] [Thread-4 (]: Finished running node test.apc.not_null_stg_standard_price_standard_price_local.71be011801
[0m15:29:44.111899 [debug] [Thread-5 (]: Writing runtime sql for node "test.apc.unique_stg_material_master_material_number.e38c17be55"
[0m15:29:44.112901 [debug] [Thread-4 (]: Began running node test.apc.unique_stg_plant_plant_code.f8f85c1d68
[0m15:29:44.113927 [info ] [Thread-4 (]: 42 of 42 START test unique_stg_plant_plant_code ................................ [RUN]
[0m15:29:44.115156 [debug] [Thread-5 (]: Using snowflake connection "test.apc.unique_stg_material_master_material_number.e38c17be55"
[0m15:29:44.115828 [debug] [Thread-4 (]: Re-using an available connection from the pool (formerly test.apc.not_null_stg_standard_price_standard_price_local.71be011801, now test.apc.unique_stg_plant_plant_code.f8f85c1d68)
[0m15:29:44.116466 [debug] [Thread-5 (]: On test.apc.unique_stg_material_master_material_number.e38c17be55: /* {"app": "dbt", "dbt_version": "1.9.4", "profile_name": "default", "target_name": "dev", "node_id": "test.apc.unique_stg_material_master_material_number.e38c17be55"} */
select
      count(*) as failures,
      count(*) != 0 as should_warn,
      count(*) != 0 as should_error
    from (
      
    
    

select
    material_number as unique_field,
    count(*) as n_records

from APC_DEPLOY_DB.DBT_ANALYTICS.stg_material_master
where material_number is not null
group by material_number
having count(*) > 1



      
    ) dbt_internal_test
[0m15:29:44.117140 [debug] [Thread-4 (]: Began compiling node test.apc.unique_stg_plant_plant_code.f8f85c1d68
[0m15:29:44.117733 [debug] [Thread-5 (]: Opening a new connection, currently in state init
[0m15:29:44.126605 [debug] [Thread-4 (]: Writing injected SQL for node "test.apc.unique_stg_plant_plant_code.f8f85c1d68"
[0m15:29:44.127548 [debug] [Thread-4 (]: Began executing node test.apc.unique_stg_plant_plant_code.f8f85c1d68
[0m15:29:44.209716 [debug] [Thread-3 (]: SQL status: SUCCESS 1 in 0.963 seconds
[0m15:29:44.225481 [debug] [Thread-4 (]: Writing runtime sql for node "test.apc.unique_stg_plant_plant_code.f8f85c1d68"
[0m15:29:44.226843 [debug] [Thread-2 (]: SQL status: SUCCESS 1 in 0.871 seconds
[0m15:29:44.229424 [info ] [Thread-3 (]: 39 of 42 PASS relationships_mart_product_cost_material_number__material_number__ref_stg_material_master_  [[32mPASS[0m in 1.01s]
[0m15:29:44.232524 [info ] [Thread-2 (]: 40 of 42 PASS unique_mart_product_risk_scores_MATERIAL_NUMBER .................. [[32mPASS[0m in 0.91s]
[0m15:29:44.233768 [debug] [Thread-4 (]: Using snowflake connection "test.apc.unique_stg_plant_plant_code.f8f85c1d68"
[0m15:29:44.234574 [debug] [Thread-3 (]: Finished running node test.apc.relationships_mart_product_cost_material_number__material_number__ref_stg_material_master_.94f44ada59
[0m15:29:44.235357 [debug] [Thread-2 (]: Finished running node test.apc.unique_mart_product_risk_scores_MATERIAL_NUMBER.caa9cccea9
[0m15:29:44.236018 [debug] [Thread-4 (]: On test.apc.unique_stg_plant_plant_code.f8f85c1d68: /* {"app": "dbt", "dbt_version": "1.9.4", "profile_name": "default", "target_name": "dev", "node_id": "test.apc.unique_stg_plant_plant_code.f8f85c1d68"} */
select
      count(*) as failures,
      count(*) != 0 as should_warn,
      count(*) != 0 as should_error
    from (
      
    
    

select
    plant_code as unique_field,
    count(*) as n_records

from APC_DEPLOY_DB.DBT_ANALYTICS.stg_plant
where plant_code is not null
group by plant_code
having count(*) > 1



      
    ) dbt_internal_test
[0m15:29:44.237343 [debug] [Thread-4 (]: Opening a new connection, currently in state init
[0m15:29:44.938046 [debug] [Thread-5 (]: SQL status: SUCCESS 1 in 0.820 seconds
[0m15:29:44.940713 [info ] [Thread-5 (]: 41 of 42 PASS unique_stg_material_master_material_number ....................... [[32mPASS[0m in 0.85s]
[0m15:29:44.941554 [debug] [Thread-5 (]: Finished running node test.apc.unique_stg_material_master_material_number.e38c17be55
[0m15:29:45.081155 [debug] [Thread-4 (]: SQL status: SUCCESS 1 in 0.844 seconds
[0m15:29:45.083824 [info ] [Thread-4 (]: 42 of 42 PASS unique_stg_plant_plant_code ...................................... [[32mPASS[0m in 0.97s]
[0m15:29:45.084695 [debug] [Thread-4 (]: Finished running node test.apc.unique_stg_plant_plant_code.f8f85c1d68
[0m15:29:45.088220 [debug] [Dummy-1   ]: Connection 'master' was properly closed.
[0m15:29:45.089053 [debug] [Dummy-1   ]: Connection 'test.apc.unique_mart_product_risk_scores_MATERIAL_NUMBER.caa9cccea9' was properly closed.
[0m15:29:45.089785 [debug] [Dummy-1   ]: Connection 'test.apc.relationships_mart_product_cost_material_number__material_number__ref_stg_material_master_.94f44ada59' was properly closed.
[0m15:29:45.090386 [debug] [Dummy-1   ]: Connection 'test.apc.unique_stg_plant_plant_code.f8f85c1d68' was properly closed.
[0m15:29:45.090940 [debug] [Dummy-1   ]: Connection 'test.apc.unique_stg_material_master_material_number.e38c17be55' was properly closed.
[0m15:29:45.091589 [info ] [Dummy-1   ]: 
[0m15:29:45.092184 [info ] [Dummy-1   ]: Finished running 42 data tests in 0 hours 0 minutes and 11.75 seconds (11.75s).
[0m15:29:45.097507 [debug] [Dummy-1   ]: Command end result
[0m15:29:45.132455 [debug] [Dummy-1   ]: Wrote artifact WritableManifest to /tmp/dbt/target/manifest.json
[0m15:29:45.134544 [debug] [Dummy-1   ]: Wrote artifact SemanticManifest to /tmp/dbt/target/semantic_manifest.json
[0m15:29:45.143130 [debug] [Dummy-1   ]: Wrote artifact RunExecutionResult to /tmp/dbt/target/run_results.json
[0m15:29:45.143757 [info ] [Dummy-1   ]: 
[0m15:29:45.144447 [info ] [Dummy-1   ]: [32mCompleted successfully[0m
[0m15:29:45.145095 [info ] [Dummy-1   ]: 
[0m15:29:45.145703 [info ] [Dummy-1   ]: Done. PASS=42 WARN=0 ERROR=0 SKIP=0 TOTAL=42
[0m15:29:45.147573 [debug] [Dummy-1   ]: Resource report: {"command_name": "test", "command_success": true, "command_wall_clock_time": 12.764187, "process_in_blocks": "0", "process_kernel_time": 1.01, "process_mem_max_rss": "469064", "process_out_blocks": "0", "process_user_time": 6.73}
[0m15:29:45.148308 [debug] [Dummy-1   ]: Command `cli test` succeeded at 15:29:45.147947 after 12.77 seconds
[0m15:29:45.148972 [debug] [Dummy-1   ]: Flushing usage events


============================== 16:49:52.366949 | b2d98141-536e-42ed-9b25-72d281f8c77e ==============================
[0m16:49:52.366949 [info ] [Dummy-1   ]: Running with dbt=1.9.4
[0m16:49:52.367849 [debug] [Dummy-1   ]: running dbt with arguments {'printer_width': '80', 'indirect_selection': 'eager', 'log_cache_events': 'False', 'write_json': 'True', 'partial_parse': 'True', 'cache_selected_only': 'False', 'warn_error': 'None', 'debug': 'False', 'version_check': 'True', 'log_path': '/tmp/dbt/logs', 'fail_fast': 'False', 'profiles_dir': '/tmp/dbt/', 'use_colors': 'True', 'use_experimental_parser': 'False', 'no_print': 'None', 'quiet': 'False', 'empty': 'None', 'log_format': 'default', 'static_parser': 'True', 'invocation_command': 'dbt ', 'introspect': 'True', 'target_path': 'None', 'warn_error_options': 'WarnErrorOptions(include=[], exclude=[])', 'send_anonymous_usage_stats': 'False'}
[0m16:49:52.542383 [info ] [Dummy-1   ]: Warning: No packages were found in packages.yml
[0m16:49:52.543278 [info ] [Dummy-1   ]: Warning: No packages were found in packages.yml
[0m16:49:52.544868 [debug] [Dummy-1   ]: Resource report: {"command_name": "deps", "command_success": true, "command_wall_clock_time": 0.24958023, "process_in_blocks": "0", "process_kernel_time": 0.65, "process_mem_max_rss": "391292", "process_out_blocks": "0", "process_user_time": 2.99}
[0m16:49:52.545573 [debug] [Dummy-1   ]: Command `cli deps` succeeded at 16:49:52.545229 after 0.25 seconds
[0m16:49:52.546143 [debug] [Dummy-1   ]: Flushing usage events


============================== 16:50:14.269902 | b7ca79a4-1492-4fdf-9a07-9aa0192e59d7 ==============================
[0m16:50:14.269902 [info ] [Dummy-1   ]: Running with dbt=1.9.4
[0m16:50:14.270775 [debug] [Dummy-1   ]: running dbt with arguments {'printer_width': '80', 'indirect_selection': 'eager', 'log_cache_events': 'False', 'write_json': 'True', 'partial_parse': 'True', 'cache_selected_only': 'False', 'profiles_dir': '/tmp/dbt/', 'debug': 'False', 'warn_error': 'None', 'log_path': '/tmp/dbt/logs', 'version_check': 'True', 'fail_fast': 'False', 'use_colors': 'True', 'use_experimental_parser': 'False', 'empty': 'None', 'quiet': 'False', 'no_print': 'None', 'log_format': 'default', 'invocation_command': 'dbt ', 'static_parser': 'True', 'introspect': 'True', 'target_path': '/tmp/dbt/target/', 'warn_error_options': 'WarnErrorOptions(include=[], exclude=[])', 'send_anonymous_usage_stats': 'False'}
[0m16:50:14.539876 [info ] [Dummy-1   ]: Registered adapter: snowflake=1.9.2
[0m16:50:14.576750 [debug] [Dummy-1   ]: checksum: 53ed91fada2233efb98368d1716b44ab532c83a9c293cf1890b7905d5b45fb25, vars: {}, profile: , target: dev, version: 1.9.4
[0m16:50:14.577875 [info ] [Dummy-1   ]: Unable to do partial parsing because saved manifest not found. Starting full parse.
[0m16:50:16.920366 [debug] [Dummy-1   ]: Wrote artifact WritableManifest to /tmp/dbt/target/manifest.json
[0m16:50:16.922340 [debug] [Dummy-1   ]: Wrote artifact SemanticManifest to /tmp/dbt/target/semantic_manifest.json
[0m16:50:16.965201 [info ] [Dummy-1   ]: Found 22 models, 44 data tests, 3 seeds, 8 sources, 474 macros
[0m16:50:16.968409 [info ] [Dummy-1   ]: 
[0m16:50:16.968991 [info ] [Dummy-1   ]: Concurrency: 4 threads (target='dev')
[0m16:50:16.969524 [info ] [Dummy-1   ]: 
[0m16:50:16.970303 [debug] [Dummy-1   ]: Acquiring new snowflake connection 'master'
[0m16:50:16.975714 [debug] [ThreadPool]: Acquiring new snowflake connection 'list_APC_DEPLOY_DB'
[0m16:50:17.055085 [debug] [ThreadPool]: Using snowflake connection "list_APC_DEPLOY_DB"
[0m16:50:17.055725 [debug] [ThreadPool]: On list_APC_DEPLOY_DB: /* {"app": "dbt", "dbt_version": "1.9.4", "profile_name": "default", "target_name": "dev", "connection_name": "list_APC_DEPLOY_DB"} */
show terse schemas in database APC_DEPLOY_DB
    limit 10000
[0m16:50:17.056298 [debug] [ThreadPool]: Opening a new connection, currently in state init
[0m16:50:17.912508 [debug] [ThreadPool]: SQL status: SUCCESS 7 in 0.856 seconds
[0m16:50:17.914990 [debug] [ThreadPool]: Re-using an available connection from the pool (formerly list_APC_DEPLOY_DB, now create_APC_DEPLOY_DB_DBT_ANALYTICS_DBT_ANALYTICS)
[0m16:50:17.915756 [debug] [ThreadPool]: Creating schema "database: "APC_DEPLOY_DB"
schema: "DBT_ANALYTICS_DBT_ANALYTICS"
"
[0m16:50:17.925307 [debug] [ThreadPool]: Using snowflake connection "create_APC_DEPLOY_DB_DBT_ANALYTICS_DBT_ANALYTICS"
[0m16:50:17.925910 [debug] [ThreadPool]: On create_APC_DEPLOY_DB_DBT_ANALYTICS_DBT_ANALYTICS: /* {"app": "dbt", "dbt_version": "1.9.4", "profile_name": "default", "target_name": "dev", "connection_name": "create_APC_DEPLOY_DB_DBT_ANALYTICS_DBT_ANALYTICS"} */
create schema if not exists APC_DEPLOY_DB.DBT_ANALYTICS_DBT_ANALYTICS
[0m16:50:17.926448 [debug] [ThreadPool]: Opening a new connection, currently in state init
[0m16:50:18.873494 [debug] [ThreadPool]: SQL status: SUCCESS 1 in 0.947 seconds
[0m16:50:18.877695 [debug] [ThreadPool]: Re-using an available connection from the pool (formerly create_APC_DEPLOY_DB_DBT_ANALYTICS_DBT_ANALYTICS, now list_APC_DEPLOY_DB_DBT_ANALYTICS_DBT_ANALYTICS)
[0m16:50:18.882154 [debug] [ThreadPool]: Acquiring new snowflake connection 'list_APC_DEPLOY_DB_DBT_ANALYTICS'
[0m16:50:18.897905 [debug] [ThreadPool]: Using snowflake connection "list_APC_DEPLOY_DB_DBT_ANALYTICS_DBT_ANALYTICS"
[0m16:50:18.905984 [debug] [ThreadPool]: Using snowflake connection "list_APC_DEPLOY_DB_DBT_ANALYTICS"
[0m16:50:18.906613 [debug] [ThreadPool]: On list_APC_DEPLOY_DB_DBT_ANALYTICS_DBT_ANALYTICS: /* {"app": "dbt", "dbt_version": "1.9.4", "profile_name": "default", "target_name": "dev", "connection_name": "list_APC_DEPLOY_DB_DBT_ANALYTICS_DBT_ANALYTICS"} */
alter session set quoted_identifiers_ignore_case = false;
[0m16:50:18.907211 [debug] [ThreadPool]: On list_APC_DEPLOY_DB_DBT_ANALYTICS: /* {"app": "dbt", "dbt_version": "1.9.4", "profile_name": "default", "target_name": "dev", "connection_name": "list_APC_DEPLOY_DB_DBT_ANALYTICS"} */
alter session set quoted_identifiers_ignore_case = false;
[0m16:50:18.907801 [debug] [ThreadPool]: Opening a new connection, currently in state init
[0m16:50:18.908451 [debug] [ThreadPool]: Opening a new connection, currently in state init
[0m16:50:19.640039 [debug] [ThreadPool]: SQL status: SUCCESS 1 in 0.732 seconds
[0m16:50:19.644521 [debug] [ThreadPool]: Using snowflake connection "list_APC_DEPLOY_DB_DBT_ANALYTICS_DBT_ANALYTICS"
[0m16:50:19.645084 [debug] [ThreadPool]: On list_APC_DEPLOY_DB_DBT_ANALYTICS_DBT_ANALYTICS: /* {"app": "dbt", "dbt_version": "1.9.4", "profile_name": "default", "target_name": "dev", "connection_name": "list_APC_DEPLOY_DB_DBT_ANALYTICS_DBT_ANALYTICS"} */
show objects in APC_DEPLOY_DB.DBT_ANALYTICS_DBT_ANALYTICS
    limit 10000
    
;
[0m16:50:19.665499 [debug] [ThreadPool]: SQL status: SUCCESS 1 in 0.757 seconds
[0m16:50:19.670463 [debug] [ThreadPool]: Using snowflake connection "list_APC_DEPLOY_DB_DBT_ANALYTICS"
[0m16:50:19.671052 [debug] [ThreadPool]: On list_APC_DEPLOY_DB_DBT_ANALYTICS: /* {"app": "dbt", "dbt_version": "1.9.4", "profile_name": "default", "target_name": "dev", "connection_name": "list_APC_DEPLOY_DB_DBT_ANALYTICS"} */
show objects in APC_DEPLOY_DB.DBT_ANALYTICS
    limit 10000
    
;
[0m16:50:19.759521 [debug] [ThreadPool]: SQL status: SUCCESS 0 in 0.114 seconds
[0m16:50:19.761439 [debug] [ThreadPool]: Using snowflake connection "list_APC_DEPLOY_DB_DBT_ANALYTICS_DBT_ANALYTICS"
[0m16:50:19.762005 [debug] [ThreadPool]: On list_APC_DEPLOY_DB_DBT_ANALYTICS_DBT_ANALYTICS: /* {"app": "dbt", "dbt_version": "1.9.4", "profile_name": "default", "target_name": "dev", "connection_name": "list_APC_DEPLOY_DB_DBT_ANALYTICS_DBT_ANALYTICS"} */
alter session unset quoted_identifiers_ignore_case;
[0m16:50:19.780549 [debug] [ThreadPool]: SQL status: SUCCESS 0 in 0.109 seconds
[0m16:50:19.782408 [debug] [ThreadPool]: Using snowflake connection "list_APC_DEPLOY_DB_DBT_ANALYTICS"
[0m16:50:19.783189 [debug] [ThreadPool]: On list_APC_DEPLOY_DB_DBT_ANALYTICS: /* {"app": "dbt", "dbt_version": "1.9.4", "profile_name": "default", "target_name": "dev", "connection_name": "list_APC_DEPLOY_DB_DBT_ANALYTICS"} */
alter session unset quoted_identifiers_ignore_case;
[0m16:50:19.893555 [debug] [ThreadPool]: SQL status: SUCCESS 1 in 0.131 seconds
[0m16:50:19.909516 [debug] [ThreadPool]: SQL status: SUCCESS 1 in 0.126 seconds
[0m16:50:19.915968 [debug] [Thread-2 (]: Began running node seed.apc.cost_component_map
[0m16:50:19.916706 [debug] [Thread-3 (]: Began running node seed.apc.material_type_map
[0m16:50:19.917429 [debug] [Thread-4 (]: Began running node seed.apc.plant_energy_intensity
[0m16:50:19.918269 [info ] [Thread-2 (]: 1 of 3 START seed file DBT_ANALYTICS_DBT_ANALYTICS.cost_component_map .......... [RUN]
[0m16:50:19.919059 [info ] [Thread-3 (]: 2 of 3 START seed file DBT_ANALYTICS_DBT_ANALYTICS.material_type_map ........... [RUN]
[0m16:50:19.919806 [info ] [Thread-4 (]: 3 of 3 START seed file DBT_ANALYTICS_DBT_ANALYTICS.plant_energy_intensity ...... [RUN]
[0m16:50:19.920565 [debug] [Thread-2 (]: Re-using an available connection from the pool (formerly list_APC_DEPLOY_DB_DBT_ANALYTICS_DBT_ANALYTICS, now seed.apc.cost_component_map)
[0m16:50:19.921270 [debug] [Thread-3 (]: Re-using an available connection from the pool (formerly list_APC_DEPLOY_DB_DBT_ANALYTICS, now seed.apc.material_type_map)
[0m16:50:19.921995 [debug] [Thread-4 (]: Acquiring new snowflake connection 'seed.apc.plant_energy_intensity'
[0m16:50:19.922600 [debug] [Thread-2 (]: Began compiling node seed.apc.cost_component_map
[0m16:50:19.923165 [debug] [Thread-3 (]: Began compiling node seed.apc.material_type_map
[0m16:50:19.923716 [debug] [Thread-4 (]: Began compiling node seed.apc.plant_energy_intensity
[0m16:50:19.924327 [debug] [Thread-2 (]: Began executing node seed.apc.cost_component_map
[0m16:50:19.924916 [debug] [Thread-3 (]: Began executing node seed.apc.material_type_map
[0m16:50:19.925487 [debug] [Thread-4 (]: Began executing node seed.apc.plant_energy_intensity
[0m16:50:19.978465 [debug] [Thread-2 (]: Using snowflake connection "seed.apc.cost_component_map"
[0m16:50:19.980999 [debug] [Thread-3 (]: Using snowflake connection "seed.apc.material_type_map"
[0m16:50:19.981720 [debug] [Thread-2 (]: On seed.apc.cost_component_map: /* {"app": "dbt", "dbt_version": "1.9.4", "profile_name": "default", "target_name": "dev", "node_id": "seed.apc.cost_component_map"} */
create table APC_DEPLOY_DB.DBT_ANALYTICS_DBT_ANALYTICS.cost_component_map (element integer,cost_component text)
[0m16:50:19.983379 [debug] [Thread-4 (]: Using snowflake connection "seed.apc.plant_energy_intensity"
[0m16:50:19.983981 [debug] [Thread-3 (]: On seed.apc.material_type_map: /* {"app": "dbt", "dbt_version": "1.9.4", "profile_name": "default", "target_name": "dev", "node_id": "seed.apc.material_type_map"} */
create table APC_DEPLOY_DB.DBT_ANALYTICS_DBT_ANALYTICS.material_type_map (mtart text,material_type_desc text)
[0m16:50:19.984600 [debug] [Thread-2 (]: Opening a new connection, currently in state init
[0m16:50:19.985253 [debug] [Thread-4 (]: On seed.apc.plant_energy_intensity: /* {"app": "dbt", "dbt_version": "1.9.4", "profile_name": "default", "target_name": "dev", "node_id": "seed.apc.plant_energy_intensity"} */
create table APC_DEPLOY_DB.DBT_ANALYTICS_DBT_ANALYTICS.plant_energy_intensity (plant_code text,country text,energy_index text,mwh_per_unit float8)
[0m16:50:19.985846 [debug] [Thread-3 (]: Opening a new connection, currently in state init
[0m16:50:19.986627 [debug] [Thread-4 (]: Opening a new connection, currently in state init
[0m16:50:20.901542 [debug] [Thread-3 (]: SQL status: SUCCESS 1 in 0.915 seconds
[0m16:50:20.902719 [debug] [Thread-4 (]: SQL status: SUCCESS 1 in 0.916 seconds
[0m16:50:20.917647 [debug] [Thread-3 (]: Using snowflake connection "seed.apc.material_type_map"
[0m16:50:20.919435 [debug] [Thread-4 (]: Using snowflake connection "seed.apc.plant_energy_intensity"
[0m16:50:20.920105 [debug] [Thread-3 (]: On seed.apc.material_type_map: /* {"app": "dbt", "dbt_version": "1.9.4", "profile_name": "default", "target_name": "dev", "node_id": "seed.apc.material_type_map"} */
BEGIN
[0m16:50:20.920750 [debug] [Thread-4 (]: On seed.apc.plant_energy_intensity: /* {"app": "dbt", "dbt_version": "1.9.4", "profile_name": "default", "target_name": "dev", "node_id": "seed.apc.plant_energy_intensity"} */
BEGIN
[0m16:50:20.927405 [debug] [Thread-2 (]: SQL status: SUCCESS 1 in 0.943 seconds
[0m16:50:20.929152 [debug] [Thread-2 (]: Using snowflake connection "seed.apc.cost_component_map"
[0m16:50:20.929749 [debug] [Thread-2 (]: On seed.apc.cost_component_map: /* {"app": "dbt", "dbt_version": "1.9.4", "profile_name": "default", "target_name": "dev", "node_id": "seed.apc.cost_component_map"} */
BEGIN
[0m16:50:21.057730 [debug] [Thread-4 (]: SQL status: SUCCESS 1 in 0.135 seconds
[0m16:50:21.059058 [debug] [Thread-3 (]: SQL status: SUCCESS 1 in 0.138 seconds
[0m16:50:21.060280 [debug] [Thread-2 (]: SQL status: SUCCESS 1 in 0.130 seconds
[0m16:50:21.061291 [debug] [Thread-4 (]: Using snowflake connection "seed.apc.plant_energy_intensity"
[0m16:50:21.062213 [debug] [Thread-3 (]: Using snowflake connection "seed.apc.material_type_map"
[0m16:50:21.063105 [debug] [Thread-2 (]: Using snowflake connection "seed.apc.cost_component_map"
[0m16:50:21.063714 [debug] [Thread-4 (]: On seed.apc.plant_energy_intensity: /* {"app": "dbt", "dbt_version": "1.9.4", "profile_name": "default", "target_name": "dev", "node_id": "seed.apc.plant_energy_intensity"} */
insert into APC_DEPLOY_DB.DBT_ANALYTICS_DBT_ANALYTICS.plant_energy_intensity (plant_code, country, energy_index, mwh_per_unit) values
            (%s,%s,%s,%s),(%s,%s,%s,%s),(%s,%s,%s,%s),(%s,%s,%s,%s),(%s,%s,%s,%s)...
[0m16:50:21.064376 [debug] [Thread-3 (]: On seed.apc.material_type_map: /* {"app": "dbt", "dbt_version": "1.9.4", "profile_name": "default", "target_name": "dev", "node_id": "seed.apc.material_type_map"} */
insert into APC_DEPLOY_DB.DBT_ANALYTICS_DBT_ANALYTICS.material_type_map (mtart, material_type_desc) values
            (%s,%s),(%s,%s),(%s,%s)...
[0m16:50:21.065057 [debug] [Thread-2 (]: On seed.apc.cost_component_map: /* {"app": "dbt", "dbt_version": "1.9.4", "profile_name": "default", "target_name": "dev", "node_id": "seed.apc.cost_component_map"} */
insert into APC_DEPLOY_DB.DBT_ANALYTICS_DBT_ANALYTICS.cost_component_map (element, cost_component) values
            (%s,%s),(%s,%s),(%s,%s),(%s,%s),(%s,%s),(%s,%s),(%s,%s),(%s,%s),(%s,%s)...
[0m16:50:21.531438 [debug] [Thread-2 (]: SQL status: SUCCESS 9 in 0.464 seconds
[0m16:50:21.532304 [debug] [Thread-2 (]: Using snowflake connection "seed.apc.cost_component_map"
[0m16:50:21.532912 [debug] [Thread-2 (]: On seed.apc.cost_component_map: /* {"app": "dbt", "dbt_version": "1.9.4", "profile_name": "default", "target_name": "dev", "node_id": "seed.apc.cost_component_map"} */
COMMIT
[0m16:50:21.549370 [debug] [Thread-4 (]: SQL status: SUCCESS 5 in 0.484 seconds
[0m16:50:21.550089 [debug] [Thread-4 (]: Using snowflake connection "seed.apc.plant_energy_intensity"
[0m16:50:21.550668 [debug] [Thread-4 (]: On seed.apc.plant_energy_intensity: /* {"app": "dbt", "dbt_version": "1.9.4", "profile_name": "default", "target_name": "dev", "node_id": "seed.apc.plant_energy_intensity"} */
COMMIT
[0m16:50:21.562359 [debug] [Thread-3 (]: SQL status: SUCCESS 3 in 0.496 seconds
[0m16:50:21.563084 [debug] [Thread-3 (]: Using snowflake connection "seed.apc.material_type_map"
[0m16:50:21.563658 [debug] [Thread-3 (]: On seed.apc.material_type_map: /* {"app": "dbt", "dbt_version": "1.9.4", "profile_name": "default", "target_name": "dev", "node_id": "seed.apc.material_type_map"} */
COMMIT
[0m16:50:21.890663 [debug] [Thread-2 (]: SQL status: SUCCESS 1 in 0.357 seconds
[0m16:50:21.896532 [debug] [Thread-2 (]: Writing runtime SQL for node "seed.apc.cost_component_map"
[0m16:50:21.922574 [info ] [Thread-2 (]: 1 of 3 OK loaded seed file DBT_ANALYTICS_DBT_ANALYTICS.cost_component_map ...... [[32mINSERT 9[0m in 2.00s]
[0m16:50:21.923432 [debug] [Thread-2 (]: Finished running node seed.apc.cost_component_map
[0m16:50:21.945933 [debug] [Thread-4 (]: SQL status: SUCCESS 1 in 0.395 seconds
[0m16:50:21.946796 [debug] [Thread-4 (]: Writing runtime SQL for node "seed.apc.plant_energy_intensity"
[0m16:50:21.949619 [info ] [Thread-4 (]: 3 of 3 OK loaded seed file DBT_ANALYTICS_DBT_ANALYTICS.plant_energy_intensity .. [[32mINSERT 5[0m in 2.03s]
[0m16:50:21.950416 [debug] [Thread-4 (]: Finished running node seed.apc.plant_energy_intensity
[0m16:50:21.965622 [debug] [Thread-3 (]: SQL status: SUCCESS 1 in 0.401 seconds
[0m16:50:21.966536 [debug] [Thread-3 (]: Writing runtime SQL for node "seed.apc.material_type_map"
[0m16:50:21.969693 [info ] [Thread-3 (]: 2 of 3 OK loaded seed file DBT_ANALYTICS_DBT_ANALYTICS.material_type_map ....... [[32mINSERT 3[0m in 2.05s]
[0m16:50:21.970513 [debug] [Thread-3 (]: Finished running node seed.apc.material_type_map
[0m16:50:21.973366 [debug] [Dummy-1   ]: Connection 'master' was properly closed.
[0m16:50:21.977360 [debug] [Dummy-1   ]: Connection 'seed.apc.cost_component_map' was properly closed.
[0m16:50:21.977945 [debug] [Dummy-1   ]: Connection 'seed.apc.material_type_map' was properly closed.
[0m16:50:21.978516 [debug] [Dummy-1   ]: Connection 'seed.apc.plant_energy_intensity' was properly closed.
[0m16:50:21.979115 [info ] [Dummy-1   ]: 
[0m16:50:21.979717 [info ] [Dummy-1   ]: Finished running 3 seeds in 0 hours 0 minutes and 5.01 seconds (5.01s).
[0m16:50:21.980811 [debug] [Dummy-1   ]: Command end result
[0m16:50:22.014608 [debug] [Dummy-1   ]: Wrote artifact WritableManifest to /tmp/dbt/target/manifest.json
[0m16:50:22.016394 [debug] [Dummy-1   ]: Wrote artifact SemanticManifest to /tmp/dbt/target/semantic_manifest.json
[0m16:50:22.021918 [debug] [Dummy-1   ]: Wrote artifact RunExecutionResult to /tmp/dbt/target/run_results.json
[0m16:50:22.022459 [info ] [Dummy-1   ]: 
[0m16:50:22.023181 [info ] [Dummy-1   ]: [32mCompleted successfully[0m
[0m16:50:22.023711 [info ] [Dummy-1   ]: 
[0m16:50:22.024293 [info ] [Dummy-1   ]: Done. PASS=3 WARN=0 ERROR=0 SKIP=0 TOTAL=3
[0m16:50:22.025848 [debug] [Dummy-1   ]: Resource report: {"command_name": "seed", "command_success": true, "command_wall_clock_time": 7.8273826, "process_in_blocks": "0", "process_kernel_time": 0.6, "process_mem_max_rss": "508788", "process_out_blocks": "0", "process_user_time": 5.97}
[0m16:50:22.026535 [debug] [Dummy-1   ]: Command `cli seed` succeeded at 16:50:22.026200 after 7.83 seconds
[0m16:50:22.027120 [debug] [Dummy-1   ]: Flushing usage events


============================== 16:51:05.148422 | 1a0659bd-7d62-46ca-912c-316202ce5e98 ==============================
[0m16:51:05.148422 [info ] [Dummy-1   ]: Running with dbt=1.9.4
[0m16:51:05.149314 [debug] [Dummy-1   ]: running dbt with arguments {'printer_width': '80', 'indirect_selection': 'eager', 'log_cache_events': 'False', 'write_json': 'True', 'partial_parse': 'True', 'cache_selected_only': 'False', 'warn_error': 'None', 'debug': 'False', 'profiles_dir': '/tmp/dbt/', 'log_path': '/tmp/dbt/logs', 'fail_fast': 'False', 'version_check': 'True', 'use_colors': 'True', 'use_experimental_parser': 'False', 'no_print': 'None', 'quiet': 'False', 'empty': 'False', 'warn_error_options': 'WarnErrorOptions(include=[], exclude=[])', 'static_parser': 'True', 'invocation_command': 'dbt ', 'introspect': 'True', 'target_path': '/tmp/dbt/target/', 'log_format': 'default', 'send_anonymous_usage_stats': 'False'}
[0m16:51:05.421084 [info ] [Dummy-1   ]: Registered adapter: snowflake=1.9.2
[0m16:51:05.456444 [debug] [Dummy-1   ]: checksum: 53ed91fada2233efb98368d1716b44ab532c83a9c293cf1890b7905d5b45fb25, vars: {}, profile: , target: dev, version: 1.9.4
[0m16:51:05.739868 [debug] [Dummy-1   ]: Partial parsing enabled: 0 files deleted, 0 files added, 0 files changed.
[0m16:51:05.740547 [debug] [Dummy-1   ]: Partial parsing enabled, no changes found, skipping parsing
[0m16:51:05.929307 [debug] [Dummy-1   ]: Wrote artifact WritableManifest to /tmp/dbt/target/manifest.json
[0m16:51:05.931201 [debug] [Dummy-1   ]: Wrote artifact SemanticManifest to /tmp/dbt/target/semantic_manifest.json
[0m16:51:05.972250 [info ] [Dummy-1   ]: Found 22 models, 44 data tests, 3 seeds, 8 sources, 474 macros
[0m16:51:05.975682 [info ] [Dummy-1   ]: 
[0m16:51:05.976253 [info ] [Dummy-1   ]: Concurrency: 4 threads (target='dev')
[0m16:51:05.976766 [info ] [Dummy-1   ]: 
[0m16:51:05.977520 [debug] [Dummy-1   ]: Acquiring new snowflake connection 'master'
[0m16:51:05.983936 [debug] [ThreadPool]: Acquiring new snowflake connection 'list_APC_DEPLOY_DB'
[0m16:51:06.068166 [debug] [ThreadPool]: Using snowflake connection "list_APC_DEPLOY_DB"
[0m16:51:06.068891 [debug] [ThreadPool]: On list_APC_DEPLOY_DB: /* {"app": "dbt", "dbt_version": "1.9.4", "profile_name": "default", "target_name": "dev", "connection_name": "list_APC_DEPLOY_DB"} */
show terse schemas in database APC_DEPLOY_DB
    limit 10000
[0m16:51:06.069440 [debug] [ThreadPool]: Opening a new connection, currently in state init
[0m16:51:06.699125 [debug] [ThreadPool]: SQL status: SUCCESS 8 in 0.630 seconds
[0m16:51:06.703911 [debug] [ThreadPool]: Re-using an available connection from the pool (formerly list_APC_DEPLOY_DB, now list_APC_DEPLOY_DB_DBT_ANALYTICS_DBT_ANALYTICS)
[0m16:51:06.710957 [debug] [ThreadPool]: Acquiring new snowflake connection 'list_APC_DEPLOY_DB_DBT_ANALYTICS'
[0m16:51:06.721005 [debug] [ThreadPool]: Using snowflake connection "list_APC_DEPLOY_DB_DBT_ANALYTICS_DBT_ANALYTICS"
[0m16:51:06.728820 [debug] [ThreadPool]: Using snowflake connection "list_APC_DEPLOY_DB_DBT_ANALYTICS"
[0m16:51:06.729427 [debug] [ThreadPool]: On list_APC_DEPLOY_DB_DBT_ANALYTICS_DBT_ANALYTICS: /* {"app": "dbt", "dbt_version": "1.9.4", "profile_name": "default", "target_name": "dev", "connection_name": "list_APC_DEPLOY_DB_DBT_ANALYTICS_DBT_ANALYTICS"} */
alter session set quoted_identifiers_ignore_case = false;
[0m16:51:06.730045 [debug] [ThreadPool]: On list_APC_DEPLOY_DB_DBT_ANALYTICS: /* {"app": "dbt", "dbt_version": "1.9.4", "profile_name": "default", "target_name": "dev", "connection_name": "list_APC_DEPLOY_DB_DBT_ANALYTICS"} */
alter session set quoted_identifiers_ignore_case = false;
[0m16:51:06.730657 [debug] [ThreadPool]: Opening a new connection, currently in state init
[0m16:51:06.731219 [debug] [ThreadPool]: Opening a new connection, currently in state init
[0m16:51:07.358330 [debug] [ThreadPool]: SQL status: SUCCESS 1 in 0.627 seconds
[0m16:51:07.359464 [debug] [ThreadPool]: SQL status: SUCCESS 1 in 0.629 seconds
[0m16:51:07.367244 [debug] [ThreadPool]: Using snowflake connection "list_APC_DEPLOY_DB_DBT_ANALYTICS"
[0m16:51:07.369366 [debug] [ThreadPool]: Using snowflake connection "list_APC_DEPLOY_DB_DBT_ANALYTICS_DBT_ANALYTICS"
[0m16:51:07.370248 [debug] [ThreadPool]: On list_APC_DEPLOY_DB_DBT_ANALYTICS: /* {"app": "dbt", "dbt_version": "1.9.4", "profile_name": "default", "target_name": "dev", "connection_name": "list_APC_DEPLOY_DB_DBT_ANALYTICS"} */
show objects in APC_DEPLOY_DB.DBT_ANALYTICS
    limit 10000
    
;
[0m16:51:07.370916 [debug] [ThreadPool]: On list_APC_DEPLOY_DB_DBT_ANALYTICS_DBT_ANALYTICS: /* {"app": "dbt", "dbt_version": "1.9.4", "profile_name": "default", "target_name": "dev", "connection_name": "list_APC_DEPLOY_DB_DBT_ANALYTICS_DBT_ANALYTICS"} */
show objects in APC_DEPLOY_DB.DBT_ANALYTICS_DBT_ANALYTICS
    limit 10000
    
;
[0m16:51:07.500423 [debug] [ThreadPool]: SQL status: SUCCESS 0 in 0.129 seconds
[0m16:51:07.502362 [debug] [ThreadPool]: Using snowflake connection "list_APC_DEPLOY_DB_DBT_ANALYTICS"
[0m16:51:07.502926 [debug] [ThreadPool]: On list_APC_DEPLOY_DB_DBT_ANALYTICS: /* {"app": "dbt", "dbt_version": "1.9.4", "profile_name": "default", "target_name": "dev", "connection_name": "list_APC_DEPLOY_DB_DBT_ANALYTICS"} */
alter session unset quoted_identifiers_ignore_case;
[0m16:51:07.525644 [debug] [ThreadPool]: SQL status: SUCCESS 3 in 0.153 seconds
[0m16:51:07.527697 [debug] [ThreadPool]: Using snowflake connection "list_APC_DEPLOY_DB_DBT_ANALYTICS_DBT_ANALYTICS"
[0m16:51:07.528368 [debug] [ThreadPool]: On list_APC_DEPLOY_DB_DBT_ANALYTICS_DBT_ANALYTICS: /* {"app": "dbt", "dbt_version": "1.9.4", "profile_name": "default", "target_name": "dev", "connection_name": "list_APC_DEPLOY_DB_DBT_ANALYTICS_DBT_ANALYTICS"} */
alter session unset quoted_identifiers_ignore_case;
[0m16:51:07.621602 [debug] [ThreadPool]: SQL status: SUCCESS 1 in 0.118 seconds
[0m16:51:07.631050 [debug] [ThreadPool]: SQL status: SUCCESS 1 in 0.102 seconds
[0m16:51:07.639485 [debug] [Thread-2 (]: Began running node model.apc.stg_cost_components
[0m16:51:07.640222 [debug] [Thread-3 (]: Began running node model.apc.stg_energy_prices
[0m16:51:07.640948 [debug] [Thread-4 (]: Began running node model.apc.stg_fx_rates
[0m16:51:07.641716 [debug] [Thread-5 (]: Began running node model.apc.stg_ledger_postings
[0m16:51:07.642463 [info ] [Thread-2 (]: 1 of 22 START sql dynamic_table model DBT_ANALYTICS.stg_cost_components ........ [RUN]
[0m16:51:07.643243 [info ] [Thread-3 (]: 2 of 22 START sql dynamic_table model DBT_ANALYTICS.stg_energy_prices .......... [RUN]
[0m16:51:07.643995 [info ] [Thread-4 (]: 3 of 22 START sql dynamic_table model DBT_ANALYTICS.stg_fx_rates ............... [RUN]
[0m16:51:07.644778 [info ] [Thread-5 (]: 4 of 22 START sql dynamic_table model DBT_ANALYTICS.stg_ledger_postings ........ [RUN]
[0m16:51:07.645519 [debug] [Thread-2 (]: Re-using an available connection from the pool (formerly list_APC_DEPLOY_DB_DBT_ANALYTICS_DBT_ANALYTICS, now model.apc.stg_cost_components)
[0m16:51:07.646463 [debug] [Thread-3 (]: Re-using an available connection from the pool (formerly list_APC_DEPLOY_DB_DBT_ANALYTICS, now model.apc.stg_energy_prices)
[0m16:51:07.647219 [debug] [Thread-4 (]: Acquiring new snowflake connection 'model.apc.stg_fx_rates'
[0m16:51:07.647957 [debug] [Thread-5 (]: Acquiring new snowflake connection 'model.apc.stg_ledger_postings'
[0m16:51:07.648642 [debug] [Thread-2 (]: Began compiling node model.apc.stg_cost_components
[0m16:51:07.649236 [debug] [Thread-3 (]: Began compiling node model.apc.stg_energy_prices
[0m16:51:07.653087 [debug] [Thread-4 (]: Began compiling node model.apc.stg_fx_rates
[0m16:51:07.653771 [debug] [Thread-5 (]: Began compiling node model.apc.stg_ledger_postings
[0m16:51:07.666238 [debug] [Thread-2 (]: Writing injected SQL for node "model.apc.stg_cost_components"
[0m16:51:07.674764 [debug] [Thread-3 (]: Writing injected SQL for node "model.apc.stg_energy_prices"
[0m16:51:07.682137 [debug] [Thread-4 (]: Writing injected SQL for node "model.apc.stg_fx_rates"
[0m16:51:07.690490 [debug] [Thread-5 (]: Writing injected SQL for node "model.apc.stg_ledger_postings"
[0m16:51:07.692803 [debug] [Thread-3 (]: Began executing node model.apc.stg_energy_prices
[0m16:51:07.692255 [debug] [Thread-2 (]: Began executing node model.apc.stg_cost_components
[0m16:51:07.693548 [debug] [Thread-4 (]: Began executing node model.apc.stg_fx_rates
[0m16:51:07.710252 [debug] [Thread-5 (]: Began executing node model.apc.stg_ledger_postings
[0m16:51:07.730545 [debug] [Thread-3 (]: Applying CREATE to: APC_DEPLOY_DB.DBT_ANALYTICS.stg_energy_prices
[0m16:51:07.732184 [debug] [Thread-2 (]: Applying CREATE to: APC_DEPLOY_DB.DBT_ANALYTICS.stg_cost_components
[0m16:51:07.739908 [debug] [Thread-4 (]: Applying CREATE to: APC_DEPLOY_DB.DBT_ANALYTICS.stg_fx_rates
[0m16:51:07.746934 [debug] [Thread-5 (]: Applying CREATE to: APC_DEPLOY_DB.DBT_ANALYTICS.stg_ledger_postings
[0m16:51:07.756996 [debug] [Thread-3 (]: Writing runtime sql for node "model.apc.stg_energy_prices"
[0m16:51:07.758124 [debug] [Thread-2 (]: Writing runtime sql for node "model.apc.stg_cost_components"
[0m16:51:07.759284 [debug] [Thread-4 (]: Writing runtime sql for node "model.apc.stg_fx_rates"
[0m16:51:07.760523 [debug] [Thread-5 (]: Writing runtime sql for node "model.apc.stg_ledger_postings"
[0m16:51:07.762865 [debug] [Thread-3 (]: Using snowflake connection "model.apc.stg_energy_prices"
[0m16:51:07.764449 [debug] [Thread-2 (]: Using snowflake connection "model.apc.stg_cost_components"
[0m16:51:07.766113 [debug] [Thread-4 (]: Using snowflake connection "model.apc.stg_fx_rates"
[0m16:51:07.766964 [debug] [Thread-3 (]: On model.apc.stg_energy_prices: /* {"app": "dbt", "dbt_version": "1.9.4", "profile_name": "default", "target_name": "dev", "node_id": "model.apc.stg_energy_prices"} */
create dynamic table APC_DEPLOY_DB.DBT_ANALYTICS.stg_energy_prices
        target_lag = 'downstream'
        warehouse = APC_DEPLOY_WH
        refresh_mode = AUTO

        initialize = ON_CREATE

        as (
            -- Staging: clean the Marketplace-shaped energy price indices (LEBA shape).
-- Parses the YYYYMMDD integer DATE into year/month and exposes the volume-
-- weighted average price (WA, $/MWh) per market index. Swap the source to the
-- real EOSE.* share and this model is unchanged.

select
    "INDEX"                                          as energy_index,
    DELIVERY                                         as delivery,
    "DATE"                                           as price_date_int,
    floor("DATE" / 10000)                            as price_year,
    floor(mod("DATE", 10000) / 100)                  as price_month,
    lpad(floor(mod("DATE", 10000) / 100)::varchar, 3, '0') as period,
    WA                                               as price_per_mwh,
    VOLUME                                           as traded_volume,
    STATUS                                           as status_code,
    FLAG                                             as quality_flag
from APC_DEPLOY_DB.ENERGY_MARKET.ENERGY_PRICE_INDICES
where WA is not null
        )
[0m16:51:07.768766 [debug] [Thread-5 (]: Using snowflake connection "model.apc.stg_ledger_postings"
[0m16:51:07.769427 [debug] [Thread-2 (]: On model.apc.stg_cost_components: /* {"app": "dbt", "dbt_version": "1.9.4", "profile_name": "default", "target_name": "dev", "node_id": "model.apc.stg_cost_components"} */
create dynamic table APC_DEPLOY_DB.DBT_ANALYTICS.stg_cost_components
        target_lag = 'downstream'
        warehouse = APC_DEPLOY_WH
        refresh_mode = AUTO

        initialize = ON_CREATE

        as (
            -- Staging: clean KEPH cost component split. Decode the coded element number to a
-- business label (cost_component_map seed); zero-pad the period. Values are in
-- local currency (converted to USD downstream). Carries standard (S) + actual (A).

select
    trim(k.MATNR)                        as material_number,
    trim(k.WERKS)                        as plant_code,
    k.GJAHR                              as fiscal_year,
    lpad(k.POPER::varchar, 3, '0')       as period,
    cast(k.POPER as int)                 as period_int,
    k.ELEMENT                            as element,
    cm.cost_component,
    trim(k.RECTYPE)                      as record_type,
    k.WERTN                              as value_local,
    trim(k.WAERS)                        as local_currency
from APC_DEPLOY_DB.SAP_RAW.KEPH_RAW k
left join APC_DEPLOY_DB.DBT_ANALYTICS_DBT_ANALYTICS.cost_component_map cm
       on k.ELEMENT = cm.element
where k.WERTN is not null
        )
[0m16:51:07.770124 [debug] [Thread-4 (]: On model.apc.stg_fx_rates: /* {"app": "dbt", "dbt_version": "1.9.4", "profile_name": "default", "target_name": "dev", "node_id": "model.apc.stg_fx_rates"} */
create dynamic table APC_DEPLOY_DB.DBT_ANALYTICS.stg_fx_rates
        target_lag = 'downstream'
        warehouse = APC_DEPLOY_WH
        refresh_mode = AUTO

        initialize = ON_CREATE

        as (
            -- Staging: decode SAP FX rates (TCURR). Reverses the classic inverted GDATU date
-- and exposes a monthly FCURR -> USD rate. usd = local_amount * usd_per_unit.

select
    trim(FCURR)                                              as from_currency,
    trim(TCURR)                                              as to_currency,
    (99999999 - try_to_number(GDATU))                        as rate_date_int,
    floor((99999999 - try_to_number(GDATU)) / 10000)         as rate_year,
    floor(mod(99999999 - try_to_number(GDATU), 10000) / 100) as rate_month,
    UKURS                                                    as usd_per_unit
from APC_DEPLOY_DB.SAP_RAW.TCURR_RAW
where trim(KURST) = 'M'
  and UKURS is not null
        )
[0m16:51:07.770736 [debug] [Thread-3 (]: Opening a new connection, currently in state init
[0m16:51:07.771463 [debug] [Thread-5 (]: On model.apc.stg_ledger_postings: /* {"app": "dbt", "dbt_version": "1.9.4", "profile_name": "default", "target_name": "dev", "node_id": "model.apc.stg_ledger_postings"} */
create dynamic table APC_DEPLOY_DB.DBT_ANALYTICS.stg_ledger_postings
        target_lag = 'downstream'
        warehouse = APC_DEPLOY_WH
        refresh_mode = AUTO

        initialize = ON_CREATE

        as (
            -- Staging: clean material-ledger posting line items.
--   * Drop incomplete postings (null amount).
--   * De-duplicate repeated extract rows on the document key (MANDT, BELNR, BUZEI).
--   * Trim trailing spaces on MATNR / WERKS, zero-pad the period, parse BUDAT.
-- Reversals (negative MENGE / BWART 102) are KEPT — they net out in aggregation.

with deduped as (
    select
        *,
        row_number() over (
            partition by MANDT, BELNR, BUZEI
            order by BUDAT
        ) as _rn
    from APC_DEPLOY_DB.SAP_RAW.MATERIAL_LEDGER_DOC
    where DMBTR is not null
)

select
    trim(MATNR)                          as material_number,
    trim(WERKS)                          as plant_code,
    trim(BUKRS)                          as company_code,
    GJAHR                                as fiscal_year,
    lpad(POPER::varchar, 3, '0')         as period,
    cast(POPER as int)                   as period_int,
    trim(BWART)                          as movement_type,
    MENGE                                as quantity,
    DMBTR                                as amount_local,
    trim(WAERS)                          as local_currency,
    try_to_date(BUDAT, 'YYYYMMDD')       as posting_date
from deduped
where _rn = 1
        )
[0m16:51:07.772143 [debug] [Thread-2 (]: Opening a new connection, currently in state init
[0m16:51:07.772738 [debug] [Thread-4 (]: Opening a new connection, currently in state init
[0m16:51:07.773457 [debug] [Thread-5 (]: Opening a new connection, currently in state init
[0m16:51:10.179374 [debug] [Thread-3 (]: SQL status: SUCCESS 1 in 2.408 seconds
[0m16:51:10.201654 [info ] [Thread-3 (]: 2 of 22 OK created sql dynamic_table model DBT_ANALYTICS.stg_energy_prices ..... [[32mSUCCESS 1[0m in 2.55s]
[0m16:51:10.202514 [debug] [Thread-3 (]: Finished running node model.apc.stg_energy_prices
[0m16:51:10.203548 [debug] [Thread-3 (]: Began running node model.apc.stg_material_master
[0m16:51:10.204497 [info ] [Thread-3 (]: 5 of 22 START sql dynamic_table model DBT_ANALYTICS.stg_material_master ........ [RUN]
[0m16:51:10.205213 [debug] [Thread-3 (]: Re-using an available connection from the pool (formerly model.apc.stg_energy_prices, now model.apc.stg_material_master)
[0m16:51:10.205794 [debug] [Thread-3 (]: Began compiling node model.apc.stg_material_master
[0m16:51:10.213836 [debug] [Thread-3 (]: Writing injected SQL for node "model.apc.stg_material_master"
[0m16:51:10.215375 [debug] [Thread-4 (]: SQL status: SUCCESS 1 in 2.443 seconds
[0m16:51:10.218327 [info ] [Thread-4 (]: 3 of 22 OK created sql dynamic_table model DBT_ANALYTICS.stg_fx_rates .......... [[32mSUCCESS 1[0m in 2.57s]
[0m16:51:10.219078 [debug] [Thread-3 (]: Began executing node model.apc.stg_material_master
[0m16:51:10.219843 [debug] [Thread-4 (]: Finished running node model.apc.stg_fx_rates
[0m16:51:10.228233 [debug] [Thread-3 (]: Applying CREATE to: APC_DEPLOY_DB.DBT_ANALYTICS.stg_material_master
[0m16:51:10.229295 [debug] [Thread-4 (]: Began running node model.apc.stg_plant
[0m16:51:10.230501 [debug] [Thread-3 (]: Writing runtime sql for node "model.apc.stg_material_master"
[0m16:51:10.231228 [info ] [Thread-4 (]: 6 of 22 START sql dynamic_table model DBT_ANALYTICS.stg_plant .................. [RUN]
[0m16:51:10.232214 [debug] [Thread-4 (]: Re-using an available connection from the pool (formerly model.apc.stg_fx_rates, now model.apc.stg_plant)
[0m16:51:10.233779 [debug] [Thread-3 (]: Using snowflake connection "model.apc.stg_material_master"
[0m16:51:10.234427 [debug] [Thread-4 (]: Began compiling node model.apc.stg_plant
[0m16:51:10.235112 [debug] [Thread-3 (]: On model.apc.stg_material_master: /* {"app": "dbt", "dbt_version": "1.9.4", "profile_name": "default", "target_name": "dev", "node_id": "model.apc.stg_material_master"} */
create dynamic table APC_DEPLOY_DB.DBT_ANALYTICS.stg_material_master
        target_lag = 'downstream'
        warehouse = APC_DEPLOY_WH
        refresh_mode = AUTO

        initialize = ON_CREATE

        as (
            -- Staging: clean material master. Trim trailing spaces from MATNR and decode the
-- SAP material-type code (MTART) via the material_type_map seed.

select
    trim(m.MATNR)                       as material_number,
    trim(m.MAKTX)                       as material_description,
    trim(m.MTART)                       as material_type_code,
    coalesce(t.material_type_desc, trim(m.MTART)) as material_type_desc,
    trim(m.MATKL)                       as material_group,
    trim(m.MEINS)                       as base_uom
from APC_DEPLOY_DB.SAP_RAW.MARA_RAW m
left join APC_DEPLOY_DB.DBT_ANALYTICS_DBT_ANALYTICS.material_type_map t
       on trim(m.MTART) = t.mtart
        )
[0m16:51:10.307753 [debug] [Thread-4 (]: Writing injected SQL for node "model.apc.stg_plant"
[0m16:51:10.308509 [debug] [Thread-3 (]: Opening a new connection, currently in state init
[0m16:51:10.312846 [debug] [Thread-4 (]: Began executing node model.apc.stg_plant
[0m16:51:10.320308 [debug] [Thread-4 (]: Applying CREATE to: APC_DEPLOY_DB.DBT_ANALYTICS.stg_plant
[0m16:51:10.321406 [debug] [Thread-4 (]: Writing runtime sql for node "model.apc.stg_plant"
[0m16:51:10.322761 [debug] [Thread-4 (]: Using snowflake connection "model.apc.stg_plant"
[0m16:51:10.323396 [debug] [Thread-4 (]: On model.apc.stg_plant: /* {"app": "dbt", "dbt_version": "1.9.4", "profile_name": "default", "target_name": "dev", "node_id": "model.apc.stg_plant"} */
create dynamic table APC_DEPLOY_DB.DBT_ANALYTICS.stg_plant
        target_lag = 'downstream'
        warehouse = APC_DEPLOY_WH
        refresh_mode = AUTO

        initialize = ON_CREATE

        as (
            -- Staging: clean plant master; exposes company code + local currency + country.

select
    trim(WERKS)  as plant_code,
    trim(NAME1)  as plant_name,
    trim(LAND1)  as country,
    trim(BUKRS)  as company_code,
    trim(WAERS)  as local_currency,
    trim(ORT01)  as city
from APC_DEPLOY_DB.SAP_RAW.T001W_RAW
        )
[0m16:51:10.323992 [debug] [Thread-4 (]: Opening a new connection, currently in state init
[0m16:51:10.422585 [debug] [Thread-5 (]: SQL status: SUCCESS 1 in 2.649 seconds
[0m16:51:10.426719 [info ] [Thread-5 (]: 4 of 22 OK created sql dynamic_table model DBT_ANALYTICS.stg_ledger_postings ... [[32mSUCCESS 1[0m in 2.78s]
[0m16:51:10.427575 [debug] [Thread-5 (]: Finished running node model.apc.stg_ledger_postings
[0m16:51:10.428673 [debug] [Thread-5 (]: Began running node model.apc.stg_sd_billing
[0m16:51:10.429612 [info ] [Thread-5 (]: 7 of 22 START sql dynamic_table model DBT_ANALYTICS.stg_sd_billing ............. [RUN]
[0m16:51:10.430282 [debug] [Thread-5 (]: Re-using an available connection from the pool (formerly model.apc.stg_ledger_postings, now model.apc.stg_sd_billing)
[0m16:51:10.430897 [debug] [Thread-5 (]: Began compiling node model.apc.stg_sd_billing
[0m16:51:10.438661 [debug] [Thread-5 (]: Writing injected SQL for node "model.apc.stg_sd_billing"
[0m16:51:10.439421 [debug] [Thread-5 (]: Began executing node model.apc.stg_sd_billing
[0m16:51:10.446535 [debug] [Thread-5 (]: Applying CREATE to: APC_DEPLOY_DB.DBT_ANALYTICS.stg_sd_billing
[0m16:51:10.447637 [debug] [Thread-5 (]: Writing runtime sql for node "model.apc.stg_sd_billing"
[0m16:51:10.449183 [debug] [Thread-5 (]: Using snowflake connection "model.apc.stg_sd_billing"
[0m16:51:10.449838 [debug] [Thread-5 (]: On model.apc.stg_sd_billing: /* {"app": "dbt", "dbt_version": "1.9.4", "profile_name": "default", "target_name": "dev", "node_id": "model.apc.stg_sd_billing"} */
create dynamic table APC_DEPLOY_DB.DBT_ANALYTICS.stg_sd_billing
        target_lag = 'downstream'
        warehouse = APC_DEPLOY_WH
        refresh_mode = AUTO

        initialize = ON_CREATE

        as (
            -- Staging: clean SD billing line items (VBRP/VBRK) — revenue per material/market/period.

select
    trim(MATNR)                  as material_number,
    trim(WERKS)                  as plant_code,
    trim(MARKET)                 as market,
    lpad(POPER, 3, '0')          as period,
    GJAHR                        as fiscal_year,
    FKMNG                        as billed_qty,
    NETPR                        as net_price,
    NETWR                        as net_revenue,
    coalesce(CURRENCY, 'USD')    as currency
from APC_DEPLOY_DB.SAP_BDC.SD_BILLING
where NETWR is not null
        )
[0m16:51:10.450417 [debug] [Thread-5 (]: Opening a new connection, currently in state init
[0m16:51:10.713986 [debug] [Thread-2 (]: SQL status: SUCCESS 1 in 2.942 seconds
[0m16:51:10.716880 [info ] [Thread-2 (]: 1 of 22 OK created sql dynamic_table model DBT_ANALYTICS.stg_cost_components ... [[32mSUCCESS 1[0m in 3.07s]
[0m16:51:10.717680 [debug] [Thread-2 (]: Finished running node model.apc.stg_cost_components
[0m16:51:10.721729 [debug] [Thread-2 (]: Began running node model.apc.stg_standard_price
[0m16:51:10.722795 [info ] [Thread-2 (]: 8 of 22 START sql dynamic_table model DBT_ANALYTICS.stg_standard_price ......... [RUN]
[0m16:51:10.723496 [debug] [Thread-2 (]: Re-using an available connection from the pool (formerly model.apc.stg_cost_components, now model.apc.stg_standard_price)
[0m16:51:10.724074 [debug] [Thread-2 (]: Began compiling node model.apc.stg_standard_price
[0m16:51:10.732992 [debug] [Thread-2 (]: Writing injected SQL for node "model.apc.stg_standard_price"
[0m16:51:10.733750 [debug] [Thread-2 (]: Began executing node model.apc.stg_standard_price
[0m16:51:10.740773 [debug] [Thread-2 (]: Applying CREATE to: APC_DEPLOY_DB.DBT_ANALYTICS.stg_standard_price
[0m16:51:10.741861 [debug] [Thread-2 (]: Writing runtime sql for node "model.apc.stg_standard_price"
[0m16:51:10.743313 [debug] [Thread-2 (]: Using snowflake connection "model.apc.stg_standard_price"
[0m16:51:10.743965 [debug] [Thread-2 (]: On model.apc.stg_standard_price: /* {"app": "dbt", "dbt_version": "1.9.4", "profile_name": "default", "target_name": "dev", "node_id": "model.apc.stg_standard_price"} */
create dynamic table APC_DEPLOY_DB.DBT_ANALYTICS.stg_standard_price
        target_lag = 'downstream'
        warehouse = APC_DEPLOY_WH
        refresh_mode = AUTO

        initialize = ON_CREATE

        as (
            -- Staging: clean effective-dated standard prices (MBEW), in local currency.
-- One row per material x plant x valid-from; the valid-from year is used later
-- to pick the standard in force for each fiscal year.

select
    trim(MATNR)                          as material_number,
    trim(BWKEY)                          as plant_code,
    STPRS                                as standard_price_local,
    coalesce(PEINH, 1)                   as price_unit,
    trim(WAERS)                          as local_currency,
    try_to_date(VALID_FROM, 'YYYYMMDD')  as valid_from,
    year(try_to_date(VALID_FROM, 'YYYYMMDD')) as valid_from_year
from APC_DEPLOY_DB.SAP_RAW.MBEW_RAW
where STPRS is not null
        )
[0m16:51:10.744583 [debug] [Thread-2 (]: Opening a new connection, currently in state init
[0m16:51:12.506220 [debug] [Thread-4 (]: SQL status: SUCCESS 1 in 2.182 seconds
[0m16:51:12.509206 [info ] [Thread-4 (]: 6 of 22 OK created sql dynamic_table model DBT_ANALYTICS.stg_plant ............. [[32mSUCCESS 1[0m in 2.28s]
[0m16:51:12.510004 [debug] [Thread-4 (]: Finished running node model.apc.stg_plant
[0m16:51:12.511043 [debug] [Thread-4 (]: Began running node model.apc.mart_energy_cost_bridge
[0m16:51:12.511846 [info ] [Thread-4 (]: 9 of 22 START sql dynamic_table model DBT_ANALYTICS.mart_energy_cost_bridge .... [RUN]
[0m16:51:12.512547 [debug] [Thread-4 (]: Re-using an available connection from the pool (formerly model.apc.stg_plant, now model.apc.mart_energy_cost_bridge)
[0m16:51:12.513193 [debug] [Thread-4 (]: Began compiling node model.apc.mart_energy_cost_bridge
[0m16:51:12.514356 [debug] [Thread-5 (]: SQL status: SUCCESS 1 in 2.064 seconds
[0m16:51:12.523527 [debug] [Thread-4 (]: Writing injected SQL for node "model.apc.mart_energy_cost_bridge"
[0m16:51:12.526061 [info ] [Thread-5 (]: 7 of 22 OK created sql dynamic_table model DBT_ANALYTICS.stg_sd_billing ........ [[32mSUCCESS 1[0m in 2.10s]
[0m16:51:12.527057 [debug] [Thread-5 (]: Finished running node model.apc.stg_sd_billing
[0m16:51:12.528234 [debug] [Thread-5 (]: Began running node model.apc.int_period_actuals
[0m16:51:12.528853 [debug] [Thread-4 (]: Began executing node model.apc.mart_energy_cost_bridge
[0m16:51:12.529646 [info ] [Thread-5 (]: 10 of 22 START sql dynamic_table model DBT_ANALYTICS.int_period_actuals ........ [RUN]
[0m16:51:12.537125 [debug] [Thread-4 (]: Applying CREATE to: APC_DEPLOY_DB.DBT_ANALYTICS.mart_energy_cost_bridge
[0m16:51:12.537821 [debug] [Thread-5 (]: Re-using an available connection from the pool (formerly model.apc.stg_sd_billing, now model.apc.int_period_actuals)
[0m16:51:12.538981 [debug] [Thread-4 (]: Writing runtime sql for node "model.apc.mart_energy_cost_bridge"
[0m16:51:12.539608 [debug] [Thread-5 (]: Began compiling node model.apc.int_period_actuals
[0m16:51:12.548239 [debug] [Thread-5 (]: Writing injected SQL for node "model.apc.int_period_actuals"
[0m16:51:12.549770 [debug] [Thread-4 (]: Using snowflake connection "model.apc.mart_energy_cost_bridge"
[0m16:51:12.550787 [debug] [Thread-4 (]: On model.apc.mart_energy_cost_bridge: /* {"app": "dbt", "dbt_version": "1.9.4", "profile_name": "default", "target_name": "dev", "node_id": "model.apc.mart_energy_cost_bridge"} */
create dynamic table APC_DEPLOY_DB.DBT_ANALYTICS.mart_energy_cost_bridge
        target_lag = '1 hour'
        warehouse = APC_DEPLOY_WH
        refresh_mode = AUTO

        initialize = ON_CREATE

        as (
            -- Mart: energy cost bridge — the live "external market index -> costed energy"
-- lineage. Joins the Marketplace-shaped energy price feed (WA $/MWh) to each
-- plant's energy intensity (MWh per produced unit) to derive an energy cost per
-- unit by plant and period. This is the data-sharing story: a real Marketplace
-- energy share would flow through here unchanged.

select
    i.plant_code,
    i.country,
    i.energy_index,
    e.price_year                                     as fiscal_year,
    e.period,
    e.delivery,
    e.price_per_mwh,
    i.mwh_per_unit,
    round(e.price_per_mwh * i.mwh_per_unit, 4)        as energy_cost_per_unit
from APC_DEPLOY_DB.DBT_ANALYTICS.stg_energy_prices e
join APC_DEPLOY_DB.DBT_ANALYTICS_DBT_ANALYTICS.plant_energy_intensity i
  on i.energy_index = e.energy_index
        )
[0m16:51:12.551593 [debug] [Thread-5 (]: Began executing node model.apc.int_period_actuals
[0m16:51:12.552163 [debug] [Thread-4 (]: Opening a new connection, currently in state init
[0m16:51:12.559650 [debug] [Thread-5 (]: Applying CREATE to: APC_DEPLOY_DB.DBT_ANALYTICS.int_period_actuals
[0m16:51:12.560949 [debug] [Thread-5 (]: Writing runtime sql for node "model.apc.int_period_actuals"
[0m16:51:12.563111 [debug] [Thread-5 (]: Using snowflake connection "model.apc.int_period_actuals"
[0m16:51:12.563823 [debug] [Thread-5 (]: On model.apc.int_period_actuals: /* {"app": "dbt", "dbt_version": "1.9.4", "profile_name": "default", "target_name": "dev", "node_id": "model.apc.int_period_actuals"} */
create dynamic table APC_DEPLOY_DB.DBT_ANALYTICS.int_period_actuals
        target_lag = 'downstream'
        warehouse = APC_DEPLOY_WH
        refresh_mode = AUTO

        initialize = ON_CREATE

        as (
            -- Intermediate: derive period actual unit cost from raw postings.
--   1. Aggregate line items to material x plant x period (Σqty, Σamount) — this
--      nets out reversals (BWART 102 negative rows).
--   2. Weighted-average unit cost = Σamount / Σqty (in local currency).
--   3. FX-convert to USD using the monthly TCURR rate for the posting period.
-- This is the core "raw transactions -> analysis-ready actual cost" transform.

with postings as (
    select * from APC_DEPLOY_DB.DBT_ANALYTICS.stg_ledger_postings
),

agg as (
    select
        material_number,
        plant_code,
        company_code,
        fiscal_year,
        period,
        period_int,
        local_currency,
        sum(quantity)     as net_quantity,
        sum(amount_local) as net_amount_local
    from postings
    group by 1, 2, 3, 4, 5, 6, 7
),

fx as (
    select from_currency, rate_year, rate_month, usd_per_unit
    from APC_DEPLOY_DB.DBT_ANALYTICS.stg_fx_rates
)

select
    a.material_number,
    a.plant_code,
    a.company_code,
    a.fiscal_year,
    a.period,
    a.period_int,
    a.local_currency,
    a.net_quantity,
    a.net_amount_local,
    a.net_amount_local / nullif(a.net_quantity, 0)                             as unit_cost_local,
    round(a.net_amount_local / nullif(a.net_quantity, 0) * f.usd_per_unit, 4)  as actual_cost_usd
from agg a
left join fx f
       on f.from_currency = a.local_currency
      and f.rate_year     = a.fiscal_year
      and f.rate_month    = a.period_int
where a.net_quantity <> 0
        )
[0m16:51:12.564475 [debug] [Thread-5 (]: Opening a new connection, currently in state init
[0m16:51:12.580606 [debug] [Thread-3 (]: SQL status: SUCCESS 1 in 2.272 seconds
[0m16:51:12.583239 [info ] [Thread-3 (]: 5 of 22 OK created sql dynamic_table model DBT_ANALYTICS.stg_material_master ... [[32mSUCCESS 1[0m in 2.38s]
[0m16:51:12.584494 [debug] [Thread-3 (]: Finished running node model.apc.stg_material_master
[0m16:51:12.585930 [debug] [Thread-3 (]: Began running node model.apc.int_cost_components
[0m16:51:12.586734 [info ] [Thread-3 (]: 11 of 22 START sql dynamic_table model DBT_ANALYTICS.int_cost_components ....... [RUN]
[0m16:51:12.587401 [debug] [Thread-3 (]: Re-using an available connection from the pool (formerly model.apc.stg_material_master, now model.apc.int_cost_components)
[0m16:51:12.587969 [debug] [Thread-3 (]: Began compiling node model.apc.int_cost_components
[0m16:51:12.596285 [debug] [Thread-3 (]: Writing injected SQL for node "model.apc.int_cost_components"
[0m16:51:12.596992 [debug] [Thread-3 (]: Began executing node model.apc.int_cost_components
[0m16:51:12.604061 [debug] [Thread-3 (]: Applying CREATE to: APC_DEPLOY_DB.DBT_ANALYTICS.int_cost_components
[0m16:51:12.605573 [debug] [Thread-3 (]: Writing runtime sql for node "model.apc.int_cost_components"
[0m16:51:12.608035 [debug] [Thread-3 (]: Using snowflake connection "model.apc.int_cost_components"
[0m16:51:12.608830 [debug] [Thread-3 (]: On model.apc.int_cost_components: /* {"app": "dbt", "dbt_version": "1.9.4", "profile_name": "default", "target_name": "dev", "node_id": "model.apc.int_cost_components"} */
create dynamic table APC_DEPLOY_DB.DBT_ANALYTICS.int_cost_components
        target_lag = 'downstream'
        warehouse = APC_DEPLOY_WH
        refresh_mode = AUTO

        initialize = ON_CREATE

        as (
            -- Intermediate: FX-convert component values to USD and pivot the KEPH S/A record
-- types into standard vs actual per component.

with comp as (
    select
        c.material_number,
        c.plant_code,
        c.fiscal_year,
        c.period,
        c.period_int,
        c.cost_component,
        c.record_type,
        c.value_local * f.usd_per_unit as value_usd
    from APC_DEPLOY_DB.DBT_ANALYTICS.stg_cost_components c
    left join APC_DEPLOY_DB.DBT_ANALYTICS.stg_fx_rates f
           on f.from_currency = c.local_currency
          and f.rate_year     = c.fiscal_year
          and f.rate_month    = c.period_int
)

select
    material_number,
    plant_code,
    fiscal_year,
    period,
    period_int,
    cost_component,
    round(sum(case when record_type = 'S' then value_usd end), 4) as standard_cost,
    round(sum(case when record_type = 'A' then value_usd end), 4) as actual_cost
from comp
group by 1, 2, 3, 4, 5, 6
        )
[0m16:51:12.609443 [debug] [Thread-3 (]: Opening a new connection, currently in state init
[0m16:51:12.943411 [debug] [Thread-2 (]: SQL status: SUCCESS 1 in 2.199 seconds
[0m16:51:12.946351 [info ] [Thread-2 (]: 8 of 22 OK created sql dynamic_table model DBT_ANALYTICS.stg_standard_price .... [[32mSUCCESS 1[0m in 2.22s]
[0m16:51:12.947187 [debug] [Thread-2 (]: Finished running node model.apc.stg_standard_price
[0m16:51:12.948422 [debug] [Thread-2 (]: Began running node model.apc.int_standard_by_period
[0m16:51:12.949145 [info ] [Thread-2 (]: 12 of 22 START sql dynamic_table model DBT_ANALYTICS.int_standard_by_period .... [RUN]
[0m16:51:12.949837 [debug] [Thread-2 (]: Re-using an available connection from the pool (formerly model.apc.stg_standard_price, now model.apc.int_standard_by_period)
[0m16:51:12.950424 [debug] [Thread-2 (]: Began compiling node model.apc.int_standard_by_period
[0m16:51:12.959645 [debug] [Thread-2 (]: Writing injected SQL for node "model.apc.int_standard_by_period"
[0m16:51:12.960401 [debug] [Thread-2 (]: Began executing node model.apc.int_standard_by_period
[0m16:51:12.967434 [debug] [Thread-2 (]: Applying CREATE to: APC_DEPLOY_DB.DBT_ANALYTICS.int_standard_by_period
[0m16:51:12.968564 [debug] [Thread-2 (]: Writing runtime sql for node "model.apc.int_standard_by_period"
[0m16:51:12.970758 [debug] [Thread-2 (]: Using snowflake connection "model.apc.int_standard_by_period"
[0m16:51:12.971467 [debug] [Thread-2 (]: On model.apc.int_standard_by_period: /* {"app": "dbt", "dbt_version": "1.9.4", "profile_name": "default", "target_name": "dev", "node_id": "model.apc.int_standard_by_period"} */
create dynamic table APC_DEPLOY_DB.DBT_ANALYTICS.int_standard_by_period
        target_lag = 'downstream'
        warehouse = APC_DEPLOY_WH
        refresh_mode = AUTO

        initialize = ON_CREATE

        as (
            -- Intermediate: resolve the effective-dated standard price for each fiscal year,
-- then FX-convert to USD. For each material x plant x fiscal year, pick the MBEW
-- row with the latest valid_from_year <= that fiscal year (standard in force).

with standards as (
    select * from APC_DEPLOY_DB.DBT_ANALYTICS.stg_standard_price
),

fiscal_years as (
    select distinct fiscal_year from APC_DEPLOY_DB.DBT_ANALYTICS.stg_ledger_postings
),

resolved as (
    select
        s.material_number,
        s.plant_code,
        y.fiscal_year,
        s.standard_price_local,
        s.local_currency,
        s.valid_from_year,
        row_number() over (
            partition by s.material_number, s.plant_code, y.fiscal_year
            order by s.valid_from_year desc
        ) as _rn
    from standards s
    join fiscal_years y
      on s.valid_from_year <= y.fiscal_year
)

select
    r.material_number,
    r.plant_code,
    r.fiscal_year,
    r.standard_price_local,
    r.local_currency,
    round(r.standard_price_local * f.usd_per_unit, 4) as standard_cost_usd
from resolved r
left join APC_DEPLOY_DB.DBT_ANALYTICS.stg_fx_rates f
       on f.from_currency = r.local_currency
      and f.rate_year     = r.fiscal_year
      and f.rate_month    = 1            -- annual standard valued at start-of-year FX
where r._rn = 1
        )
[0m16:51:12.972189 [debug] [Thread-2 (]: Opening a new connection, currently in state init
[0m16:51:15.201635 [debug] [Thread-5 (]: SQL status: SUCCESS 1 in 2.637 seconds
[0m16:51:15.204486 [info ] [Thread-5 (]: 10 of 22 OK created sql dynamic_table model DBT_ANALYTICS.int_period_actuals ... [[32mSUCCESS 1[0m in 2.67s]
[0m16:51:15.205297 [debug] [Thread-5 (]: Finished running node model.apc.int_period_actuals
[0m16:51:15.206569 [debug] [Thread-5 (]: Began running node model.apc.int_budget
[0m16:51:15.207359 [info ] [Thread-5 (]: 13 of 22 START sql dynamic_table model DBT_ANALYTICS.int_budget ................ [RUN]
[0m16:51:15.208097 [debug] [Thread-5 (]: Re-using an available connection from the pool (formerly model.apc.int_period_actuals, now model.apc.int_budget)
[0m16:51:15.208773 [debug] [Thread-5 (]: Began compiling node model.apc.int_budget
[0m16:51:15.216814 [debug] [Thread-5 (]: Writing injected SQL for node "model.apc.int_budget"
[0m16:51:15.217582 [debug] [Thread-5 (]: Began executing node model.apc.int_budget
[0m16:51:15.225385 [debug] [Thread-5 (]: Applying CREATE to: APC_DEPLOY_DB.DBT_ANALYTICS.int_budget
[0m16:51:15.226461 [debug] [Thread-5 (]: Writing runtime sql for node "model.apc.int_budget"
[0m16:51:15.228718 [debug] [Thread-5 (]: Using snowflake connection "model.apc.int_budget"
[0m16:51:15.229433 [debug] [Thread-5 (]: On model.apc.int_budget: /* {"app": "dbt", "dbt_version": "1.9.4", "profile_name": "default", "target_name": "dev", "node_id": "model.apc.int_budget"} */
create dynamic table APC_DEPLOY_DB.DBT_ANALYTICS.int_budget
        target_lag = 'downstream'
        warehouse = APC_DEPLOY_WH
        refresh_mode = AUTO

        initialize = ON_CREATE

        as (
            -- Intermediate: derive the budget + (for transparency) the annual standard reset.
--   Budget(year Y, period m) = actual_cost_usd(Y-1, m)  [prior-year same-month actual]
--   Derived standard(Y)      = avg(prior-year actual) * (1 + inflation if Y >= 2026)
-- Demonstrates the budget + standard-reset engineering in governed, tested SQL.

with actuals as (
    select * from APC_DEPLOY_DB.DBT_ANALYTICS.int_period_actuals
),

prior_year_avg as (
    select
        material_number,
        plant_code,
        fiscal_year + 1                       as for_fiscal_year,
        round(avg(actual_cost_usd), 4)         as prior_year_avg_actual
    from actuals
    group by 1, 2, 3
)

select
    cur.material_number,
    cur.plant_code,
    cur.fiscal_year,
    cur.period,
    cur.period_int,
    prev.actual_cost_usd                       as budget_cost_usd,
    round(
        pya.prior_year_avg_actual
        * (1 + case when cur.fiscal_year >= 2026
                    then 0.03 else 0 end),
        2
    )                                          as derived_standard_usd
from actuals cur
left join actuals prev
       on prev.material_number = cur.material_number
      and prev.plant_code      = cur.plant_code
      and prev.fiscal_year     = cur.fiscal_year - 1
      and prev.period_int      = cur.period_int
left join prior_year_avg pya
       on pya.material_number  = cur.material_number
      and pya.plant_code       = cur.plant_code
      and pya.for_fiscal_year  = cur.fiscal_year
        )
[0m16:51:15.230055 [debug] [Thread-5 (]: Opening a new connection, currently in state init
[0m16:51:15.488915 [debug] [Thread-4 (]: SQL status: SUCCESS 1 in 2.937 seconds
[0m16:51:15.492225 [info ] [Thread-4 (]: 9 of 22 OK created sql dynamic_table model DBT_ANALYTICS.mart_energy_cost_bridge  [[32mSUCCESS 1[0m in 2.98s]
[0m16:51:15.496262 [debug] [Thread-4 (]: Finished running node model.apc.mart_energy_cost_bridge
[0m16:51:16.346593 [debug] [Thread-3 (]: SQL status: SUCCESS 1 in 3.737 seconds
[0m16:51:16.349480 [info ] [Thread-3 (]: 11 of 22 OK created sql dynamic_table model DBT_ANALYTICS.int_cost_components .. [[32mSUCCESS 1[0m in 3.76s]
[0m16:51:16.350296 [debug] [Thread-3 (]: Finished running node model.apc.int_cost_components
[0m16:51:16.351519 [debug] [Thread-4 (]: Began running node model.apc.mart_cost_anomalies
[0m16:51:16.352191 [debug] [Thread-3 (]: Began running node model.apc.mart_cost_component_detail
[0m16:51:16.352918 [info ] [Thread-4 (]: 14 of 22 START sql dynamic_table model DBT_ANALYTICS.mart_cost_anomalies ....... [RUN]
[0m16:51:16.353701 [info ] [Thread-3 (]: 15 of 22 START sql dynamic_table model DBT_ANALYTICS.mart_cost_component_detail  [RUN]
[0m16:51:16.354433 [debug] [Thread-4 (]: Re-using an available connection from the pool (formerly model.apc.mart_energy_cost_bridge, now model.apc.mart_cost_anomalies)
[0m16:51:16.355092 [debug] [Thread-3 (]: Re-using an available connection from the pool (formerly model.apc.int_cost_components, now model.apc.mart_cost_component_detail)
[0m16:51:16.355674 [debug] [Thread-4 (]: Began compiling node model.apc.mart_cost_anomalies
[0m16:51:16.356248 [debug] [Thread-3 (]: Began compiling node model.apc.mart_cost_component_detail
[0m16:51:16.364947 [debug] [Thread-4 (]: Writing injected SQL for node "model.apc.mart_cost_anomalies"
[0m16:51:16.373784 [debug] [Thread-3 (]: Writing injected SQL for node "model.apc.mart_cost_component_detail"
[0m16:51:16.374842 [debug] [Thread-4 (]: Began executing node model.apc.mart_cost_anomalies
[0m16:51:16.381408 [debug] [Thread-3 (]: Began executing node model.apc.mart_cost_component_detail
[0m16:51:16.382862 [debug] [Thread-4 (]: Applying CREATE to: APC_DEPLOY_DB.DBT_ANALYTICS.mart_cost_anomalies
[0m16:51:16.390806 [debug] [Thread-3 (]: Applying CREATE to: APC_DEPLOY_DB.DBT_ANALYTICS.mart_cost_component_detail
[0m16:51:16.391895 [debug] [Thread-4 (]: Writing runtime sql for node "model.apc.mart_cost_anomalies"
[0m16:51:16.392946 [debug] [Thread-3 (]: Writing runtime sql for node "model.apc.mart_cost_component_detail"
[0m16:51:16.395982 [debug] [Thread-4 (]: Using snowflake connection "model.apc.mart_cost_anomalies"
[0m16:51:16.396877 [debug] [Thread-4 (]: On model.apc.mart_cost_anomalies: /* {"app": "dbt", "dbt_version": "1.9.4", "profile_name": "default", "target_name": "dev", "node_id": "model.apc.mart_cost_anomalies"} */
create dynamic table APC_DEPLOY_DB.DBT_ANALYTICS.mart_cost_anomalies
        target_lag = '1 hour'
        warehouse = APC_DEPLOY_WH
        refresh_mode = AUTO

        initialize = ON_CREATE

        as (
            -- Mart: statistical cost anomalies (z-score of component variance within
-- component x year x period). Parity with APC_DEPLOY_DB.ANALYTICS.COST_ANOMALIES.

with comp as (
    select
        c.material_number,
        c.plant_code,
        c.fiscal_year,
        c.period,
        c.cost_component,
        c.standard_cost,
        c.actual_cost,
        round((c.actual_cost - c.standard_cost) / nullif(c.standard_cost, 0) * 100, 2) as variance_pct,
        m.material_description,
        p.plant_name
    from APC_DEPLOY_DB.DBT_ANALYTICS.int_cost_components c
    join APC_DEPLOY_DB.DBT_ANALYTICS.stg_material_master m on c.material_number = m.material_number
    join APC_DEPLOY_DB.DBT_ANALYTICS.stg_plant p           on c.plant_code      = p.plant_code
),

stats as (
    select
        cost_component, fiscal_year, period,
        avg(variance_pct)    as mean_var,
        stddev(variance_pct) as std_var
    from comp
    group by 1, 2, 3
)

select
    c.material_number                                              as MATERIAL_NUMBER,
    c.material_description                                         as MATERIAL_DESCRIPTION,
    c.plant_name                                                  as PLANT_NAME,
    c.cost_component                                              as COST_COMPONENT,
    c.fiscal_year                                                 as FISCAL_YEAR,
    c.period                                                      as PERIOD,
    round(c.actual_cost, 2)                                       as ACTUAL_COST,
    round(c.standard_cost, 2)                                     as STANDARD_COST,
    c.variance_pct                                                as VARIANCE_PCT,
    round((c.variance_pct - s.mean_var) / nullif(s.std_var, 0), 2) as Z_SCORE,
    abs((c.variance_pct - s.mean_var) / nullif(s.std_var, 0)) > 1.5 as IS_ANOMALY
from comp c
join stats s
  on c.cost_component = s.cost_component
 and c.fiscal_year    = s.fiscal_year
 and c.period         = s.period
        )
[0m16:51:16.398619 [debug] [Thread-3 (]: Using snowflake connection "model.apc.mart_cost_component_detail"
[0m16:51:16.399211 [debug] [Thread-4 (]: Opening a new connection, currently in state init
[0m16:51:16.399879 [debug] [Thread-3 (]: On model.apc.mart_cost_component_detail: /* {"app": "dbt", "dbt_version": "1.9.4", "profile_name": "default", "target_name": "dev", "node_id": "model.apc.mart_cost_component_detail"} */
create dynamic table APC_DEPLOY_DB.DBT_ANALYTICS.mart_cost_component_detail
        target_lag = '1 hour'
        warehouse = APC_DEPLOY_WH
        refresh_mode = AUTO

        initialize = ON_CREATE

        as (
            -- Mart: cost component detail (standard vs actual by component) in USD.
-- Parity with APC_DEPLOY_DB.ANALYTICS.COST_COMPONENT_DETAIL.

select
    c.material_number,
    m.material_description,
    m.material_type_code                                   as material_type,
    c.plant_code,
    p.plant_name,
    p.country,
    c.fiscal_year,
    c.period,
    c.cost_component,
    c.standard_cost,
    c.actual_cost,
    round(c.actual_cost - c.standard_cost, 4)              as component_variance,
    round((c.actual_cost - c.standard_cost)
          / nullif(c.standard_cost, 0) * 100, 2)           as component_variance_pct,
    'USD'                                                  as currency
from APC_DEPLOY_DB.DBT_ANALYTICS.int_cost_components c
join APC_DEPLOY_DB.DBT_ANALYTICS.stg_material_master m on c.material_number = m.material_number
join APC_DEPLOY_DB.DBT_ANALYTICS.stg_plant p           on c.plant_code      = p.plant_code
        )
[0m16:51:16.400702 [debug] [Thread-3 (]: Opening a new connection, currently in state init
[0m16:51:17.721778 [debug] [Thread-2 (]: SQL status: SUCCESS 1 in 4.749 seconds
[0m16:51:17.724715 [info ] [Thread-2 (]: 12 of 22 OK created sql dynamic_table model DBT_ANALYTICS.int_standard_by_period  [[32mSUCCESS 1[0m in 4.77s]
[0m16:51:17.725529 [debug] [Thread-2 (]: Finished running node model.apc.int_standard_by_period
[0m16:51:19.474684 [debug] [Thread-5 (]: SQL status: SUCCESS 1 in 4.244 seconds
[0m16:51:19.477551 [info ] [Thread-5 (]: 13 of 22 OK created sql dynamic_table model DBT_ANALYTICS.int_budget ........... [[32mSUCCESS 1[0m in 4.27s]
[0m16:51:19.478428 [debug] [Thread-5 (]: Finished running node model.apc.int_budget
[0m16:51:19.479664 [debug] [Thread-2 (]: Began running node model.apc.mart_cost_budget
[0m16:51:19.480365 [debug] [Thread-5 (]: Began running node model.apc.mart_product_cost
[0m16:51:19.481103 [info ] [Thread-2 (]: 16 of 22 START sql dynamic_table model DBT_ANALYTICS.mart_cost_budget .......... [RUN]
[0m16:51:19.481893 [info ] [Thread-5 (]: 17 of 22 START sql dynamic_table model DBT_ANALYTICS.mart_product_cost ......... [RUN]
[0m16:51:19.482660 [debug] [Thread-2 (]: Re-using an available connection from the pool (formerly model.apc.int_standard_by_period, now model.apc.mart_cost_budget)
[0m16:51:19.483329 [debug] [Thread-5 (]: Re-using an available connection from the pool (formerly model.apc.int_budget, now model.apc.mart_product_cost)
[0m16:51:19.483948 [debug] [Thread-2 (]: Began compiling node model.apc.mart_cost_budget
[0m16:51:19.484523 [debug] [Thread-5 (]: Began compiling node model.apc.mart_product_cost
[0m16:51:19.492652 [debug] [Thread-2 (]: Writing injected SQL for node "model.apc.mart_cost_budget"
[0m16:51:19.502116 [debug] [Thread-5 (]: Writing injected SQL for node "model.apc.mart_product_cost"
[0m16:51:19.503031 [debug] [Thread-2 (]: Began executing node model.apc.mart_cost_budget
[0m16:51:19.509178 [debug] [Thread-5 (]: Began executing node model.apc.mart_product_cost
[0m16:51:19.510918 [debug] [Thread-2 (]: Applying CREATE to: APC_DEPLOY_DB.DBT_ANALYTICS.mart_cost_budget
[0m16:51:19.518838 [debug] [Thread-5 (]: Applying CREATE to: APC_DEPLOY_DB.DBT_ANALYTICS.mart_product_cost
[0m16:51:19.519983 [debug] [Thread-2 (]: Writing runtime sql for node "model.apc.mart_cost_budget"
[0m16:51:19.600389 [debug] [Thread-5 (]: Writing runtime sql for node "model.apc.mart_product_cost"
[0m16:51:19.602089 [debug] [Thread-2 (]: Using snowflake connection "model.apc.mart_cost_budget"
[0m16:51:19.602875 [debug] [Thread-2 (]: On model.apc.mart_cost_budget: /* {"app": "dbt", "dbt_version": "1.9.4", "profile_name": "default", "target_name": "dev", "node_id": "model.apc.mart_cost_budget"} */
create dynamic table APC_DEPLOY_DB.DBT_ANALYTICS.mart_cost_budget
        target_lag = '1 hour'
        warehouse = APC_DEPLOY_WH
        refresh_mode = AUTO

        initialize = ON_CREATE

        as (
            -- Mart: period budget (prior-year actual) per material x plant x period.
-- Parity with APC_DEPLOY_DB.SAP_BDC.COST_BUDGET, derived from raw via the pipeline.

select
    material_number,
    plant_code,
    fiscal_year,
    period,
    budget_cost_usd as budget_cost,
    'USD'           as currency
from APC_DEPLOY_DB.DBT_ANALYTICS.int_budget
where budget_cost_usd is not null
        )
[0m16:51:19.606013 [debug] [Thread-5 (]: Using snowflake connection "model.apc.mart_product_cost"
[0m16:51:19.606668 [debug] [Thread-2 (]: Opening a new connection, currently in state init
[0m16:51:19.607514 [debug] [Thread-5 (]: On model.apc.mart_product_cost: /* {"app": "dbt", "dbt_version": "1.9.4", "profile_name": "default", "target_name": "dev", "node_id": "model.apc.mart_product_cost"} */
create dynamic table APC_DEPLOY_DB.DBT_ANALYTICS.mart_product_cost
        target_lag = '1 hour'
        warehouse = APC_DEPLOY_WH
        refresh_mode = AUTO

        initialize = ON_CREATE

        as (
            -- Mart: analysis-ready product cost — Actual vs Budget vs Standard per
-- material x plant x period. Parity with APC_DEPLOY_DB.ANALYTICS.PRODUCT_COST_SUMMARY,
-- but built entirely from RAW SAP via the dbt medallion pipeline.

with actuals as (
    select * from APC_DEPLOY_DB.DBT_ANALYTICS.int_period_actuals
),

standard as (
    select * from APC_DEPLOY_DB.DBT_ANALYTICS.int_standard_by_period
),

budget as (
    select * from APC_DEPLOY_DB.DBT_ANALYTICS.int_budget
),

material as (
    select * from APC_DEPLOY_DB.DBT_ANALYTICS.stg_material_master
),

plant as (
    select * from APC_DEPLOY_DB.DBT_ANALYTICS.stg_plant
)

select
    a.plant_code,
    p.plant_name,
    p.country,
    a.material_number,
    m.material_description,
    m.material_type_code                                       as material_type,
    m.material_group,
    a.fiscal_year,
    a.period,
    a.fiscal_year || '-P' || a.period                          as year_period,
    s.standard_cost_usd                                        as standard_cost_per_unit,
    a.actual_cost_usd                                          as actual_cost_per_unit,
    b.budget_cost_usd                                          as budget_cost_per_unit,
    round(a.actual_cost_usd - s.standard_cost_usd, 4)          as cost_variance_abs,
    round((a.actual_cost_usd - s.standard_cost_usd)
          / nullif(s.standard_cost_usd, 0) * 100, 2)           as cost_variance_pct,
    round(a.actual_cost_usd - b.budget_cost_usd, 4)            as budget_variance_abs,
    round((a.actual_cost_usd - b.budget_cost_usd)
          / nullif(b.budget_cost_usd, 0) * 100, 2)             as budget_variance_pct,
    case
        when abs((a.actual_cost_usd - s.standard_cost_usd)
                 / nullif(s.standard_cost_usd, 0) * 100) > 5 then 'HIGH'
        when abs((a.actual_cost_usd - s.standard_cost_usd)
                 / nullif(s.standard_cost_usd, 0) * 100) > 2 then 'MEDIUM'
        else 'LOW'
    end                                                        as variance_flag,
    'USD'                                                      as currency
from actuals a
left join standard s
       on s.material_number = a.material_number
      and s.plant_code      = a.plant_code
      and s.fiscal_year     = a.fiscal_year
left join budget b
       on b.material_number = a.material_number
      and b.plant_code      = a.plant_code
      and b.fiscal_year     = a.fiscal_year
      and b.period          = a.period
join material m on a.material_number = m.material_number
join plant    p on a.plant_code      = p.plant_code
        )
[0m16:51:19.608503 [debug] [Thread-5 (]: Opening a new connection, currently in state init
[0m16:51:20.855918 [debug] [Thread-3 (]: SQL status: SUCCESS 1 in 4.455 seconds
[0m16:51:20.858898 [info ] [Thread-3 (]: 15 of 22 OK created sql dynamic_table model DBT_ANALYTICS.mart_cost_component_detail  [[32mSUCCESS 1[0m in 4.50s]
[0m16:51:20.859762 [debug] [Thread-3 (]: Finished running node model.apc.mart_cost_component_detail
[0m16:51:21.061383 [debug] [Thread-4 (]: SQL status: SUCCESS 1 in 4.662 seconds
[0m16:51:21.064083 [info ] [Thread-4 (]: 14 of 22 OK created sql dynamic_table model DBT_ANALYTICS.mart_cost_anomalies .. [[32mSUCCESS 1[0m in 4.71s]
[0m16:51:21.064915 [debug] [Thread-4 (]: Finished running node model.apc.mart_cost_anomalies
[0m16:51:23.151359 [debug] [Thread-2 (]: SQL status: SUCCESS 1 in 3.545 seconds
[0m16:51:23.154276 [info ] [Thread-2 (]: 16 of 22 OK created sql dynamic_table model DBT_ANALYTICS.mart_cost_budget ..... [[32mSUCCESS 1[0m in 3.67s]
[0m16:51:23.155091 [debug] [Thread-2 (]: Finished running node model.apc.mart_cost_budget
[0m16:51:24.688500 [debug] [Thread-5 (]: SQL status: SUCCESS 1 in 5.080 seconds
[0m16:51:24.691330 [info ] [Thread-5 (]: 17 of 22 OK created sql dynamic_table model DBT_ANALYTICS.mart_product_cost .... [[32mSUCCESS 1[0m in 5.21s]
[0m16:51:24.692168 [debug] [Thread-5 (]: Finished running node model.apc.mart_product_cost
[0m16:51:24.694122 [debug] [Thread-3 (]: Began running node model.apc.mart_product_cost_monthly
[0m16:51:24.694819 [debug] [Thread-4 (]: Began running node model.apc.mart_product_profitability
[0m16:51:24.695535 [debug] [Thread-2 (]: Began running node model.apc.mart_product_risk_scores
[0m16:51:24.696272 [debug] [Thread-5 (]: Began running node model.apc.mart_sales_forecast
[0m16:51:24.696999 [info ] [Thread-3 (]: 18 of 22 START sql dynamic_table model DBT_ANALYTICS.mart_product_cost_monthly . [RUN]
[0m16:51:24.697748 [info ] [Thread-4 (]: 19 of 22 START sql dynamic_table model DBT_ANALYTICS.mart_product_profitability  [RUN]
[0m16:51:24.698551 [info ] [Thread-2 (]: 20 of 22 START sql dynamic_table model DBT_ANALYTICS.mart_product_risk_scores .. [RUN]
[0m16:51:24.699291 [info ] [Thread-5 (]: 21 of 22 START sql dynamic_table model DBT_ANALYTICS.mart_sales_forecast ....... [RUN]
[0m16:51:24.700004 [debug] [Thread-3 (]: Re-using an available connection from the pool (formerly model.apc.mart_cost_component_detail, now model.apc.mart_product_cost_monthly)
[0m16:51:24.700641 [debug] [Thread-4 (]: Re-using an available connection from the pool (formerly model.apc.mart_cost_anomalies, now model.apc.mart_product_profitability)
[0m16:51:24.701295 [debug] [Thread-2 (]: Re-using an available connection from the pool (formerly model.apc.mart_cost_budget, now model.apc.mart_product_risk_scores)
[0m16:51:24.701940 [debug] [Thread-5 (]: Re-using an available connection from the pool (formerly model.apc.mart_product_cost, now model.apc.mart_sales_forecast)
[0m16:51:24.702608 [debug] [Thread-3 (]: Began compiling node model.apc.mart_product_cost_monthly
[0m16:51:24.703183 [debug] [Thread-4 (]: Began compiling node model.apc.mart_product_profitability
[0m16:51:24.703777 [debug] [Thread-2 (]: Began compiling node model.apc.mart_product_risk_scores
[0m16:51:24.704335 [debug] [Thread-5 (]: Began compiling node model.apc.mart_sales_forecast
[0m16:51:24.712084 [debug] [Thread-3 (]: Writing injected SQL for node "model.apc.mart_product_cost_monthly"
[0m16:51:24.720904 [debug] [Thread-4 (]: Writing injected SQL for node "model.apc.mart_product_profitability"
[0m16:51:24.728371 [debug] [Thread-2 (]: Writing injected SQL for node "model.apc.mart_product_risk_scores"
[0m16:51:24.737100 [debug] [Thread-5 (]: Writing injected SQL for node "model.apc.mart_sales_forecast"
[0m16:51:24.738131 [debug] [Thread-3 (]: Began executing node model.apc.mart_product_cost_monthly
[0m16:51:24.739133 [debug] [Thread-4 (]: Began executing node model.apc.mart_product_profitability
[0m16:51:24.740026 [debug] [Thread-2 (]: Began executing node model.apc.mart_product_risk_scores
[0m16:51:24.748663 [debug] [Thread-3 (]: Applying CREATE to: APC_DEPLOY_DB.DBT_ANALYTICS.mart_product_cost_monthly
[0m16:51:24.749279 [debug] [Thread-5 (]: Began executing node model.apc.mart_sales_forecast
[0m16:51:24.756249 [debug] [Thread-4 (]: Applying CREATE to: APC_DEPLOY_DB.DBT_ANALYTICS.mart_product_profitability
[0m16:51:24.764415 [debug] [Thread-2 (]: Applying CREATE to: APC_DEPLOY_DB.DBT_ANALYTICS.mart_product_risk_scores
[0m16:51:24.765572 [debug] [Thread-3 (]: Writing runtime sql for node "model.apc.mart_product_cost_monthly"
[0m16:51:24.772760 [debug] [Thread-5 (]: Applying CREATE to: APC_DEPLOY_DB.DBT_ANALYTICS.mart_sales_forecast
[0m16:51:24.773831 [debug] [Thread-4 (]: Writing runtime sql for node "model.apc.mart_product_profitability"
[0m16:51:24.774882 [debug] [Thread-2 (]: Writing runtime sql for node "model.apc.mart_product_risk_scores"
[0m16:51:24.776228 [debug] [Thread-5 (]: Writing runtime sql for node "model.apc.mart_sales_forecast"
[0m16:51:24.777955 [debug] [Thread-3 (]: Using snowflake connection "model.apc.mart_product_cost_monthly"
[0m16:51:24.781445 [debug] [Thread-4 (]: Using snowflake connection "model.apc.mart_product_profitability"
[0m16:51:24.790740 [debug] [Thread-5 (]: Using snowflake connection "model.apc.mart_sales_forecast"
[0m16:51:24.784452 [debug] [Thread-3 (]: On model.apc.mart_product_cost_monthly: /* {"app": "dbt", "dbt_version": "1.9.4", "profile_name": "default", "target_name": "dev", "node_id": "model.apc.mart_product_cost_monthly"} */
create dynamic table APC_DEPLOY_DB.DBT_ANALYTICS.mart_product_cost_monthly
        target_lag = '1 hour'
        warehouse = APC_DEPLOY_WH
        refresh_mode = AUTO

        initialize = ON_CREATE

        as (
            -- Mart: cost summary aggregated to material x period across all plants.

select
    material_number,
    material_description,
    material_type,
    fiscal_year,
    period,
    count(distinct plant_code)                              as plant_count,
    round(avg(standard_cost_per_unit), 2)                   as avg_standard_cost,
    round(avg(actual_cost_per_unit), 2)                     as avg_actual_cost,
    round(avg(budget_cost_per_unit), 2)                     as avg_budget_cost,
    round(avg(cost_variance_pct), 2)                        as avg_variance_pct,
    round(max(cost_variance_pct), 2)                        as max_variance_pct,
    sum(case when variance_flag = 'HIGH' then 1 else 0 end) as high_variance_plants
from APC_DEPLOY_DB.DBT_ANALYTICS.mart_product_cost
group by
    material_number,
    material_description,
    material_type,
    fiscal_year,
    period
        )
[0m16:51:24.783659 [debug] [Thread-2 (]: Using snowflake connection "model.apc.mart_product_risk_scores"
[0m16:51:24.791531 [debug] [Thread-4 (]: On model.apc.mart_product_profitability: /* {"app": "dbt", "dbt_version": "1.9.4", "profile_name": "default", "target_name": "dev", "node_id": "model.apc.mart_product_profitability"} */
create dynamic table APC_DEPLOY_DB.DBT_ANALYTICS.mart_product_profitability
        target_lag = '1 hour'
        warehouse = APC_DEPLOY_WH
        refresh_mode = AUTO

        initialize = ON_CREATE

        as (
            -- Mart: product profitability (CO-PA style) — SD revenue vs CO-PC cost, by
-- material x market x period. Parity with APC_DEPLOY_DB.ANALYTICS.PRODUCT_PROFITABILITY.
-- COGS_BUDGET uses the (annual) standard cost; COGS_ACTUAL uses the actual.

with billing as (
    select * from APC_DEPLOY_DB.DBT_ANALYTICS.stg_sd_billing
    where fiscal_year = 2026
),

cost as (
    select
        MATERIAL_NUMBER,
        MATERIAL_DESCRIPTION,
        PERIOD,
        avg(ACTUAL_COST_PER_UNIT)   as avg_actual_cost,
        avg(STANDARD_COST_PER_UNIT) as avg_budget_cost
    from APC_DEPLOY_DB.DBT_ANALYTICS.mart_product_cost
    where FISCAL_YEAR = 2026 and MATERIAL_TYPE = 'FERT'
    group by 1, 2, 3
)

select
    b.material_number                                                   as MATERIAL_NUMBER,
    c.MATERIAL_DESCRIPTION                                              as MATERIAL_DESCRIPTION,
    b.market                                                            as MARKET,
    b.period                                                            as PERIOD,
    b.fiscal_year                                                       as FISCAL_YEAR,
    sum(b.net_revenue)                                                  as REVENUE,
    sum(b.billed_qty)                                                   as VOLUME_UNITS,
    avg(b.net_price)                                                    as AVG_NET_PRICE,
    sum(b.billed_qty * c.avg_actual_cost)                              as COGS_ACTUAL,
    sum(b.billed_qty * c.avg_budget_cost)                              as COGS_BUDGET,
    sum(b.net_revenue) - sum(b.billed_qty * c.avg_actual_cost)         as GROSS_PROFIT_ACTUAL,
    sum(b.net_revenue) - sum(b.billed_qty * c.avg_budget_cost)         as GROSS_PROFIT_BUDGET,
    round((sum(b.net_revenue) - sum(b.billed_qty * c.avg_actual_cost))
          / nullif(sum(b.net_revenue), 0) * 100, 1)                    as GROSS_MARGIN_PCT_ACTUAL,
    round((sum(b.net_revenue) - sum(b.billed_qty * c.avg_budget_cost))
          / nullif(sum(b.net_revenue), 0) * 100, 1)                    as GROSS_MARGIN_PCT_BUDGET,
    round(
        (sum(b.net_revenue) - sum(b.billed_qty * c.avg_actual_cost)) / nullif(sum(b.net_revenue), 0) * 100
        - (sum(b.net_revenue) - sum(b.billed_qty * c.avg_budget_cost)) / nullif(sum(b.net_revenue), 0) * 100
    , 1)                                                                as MARGIN_VARIANCE_PPS
from billing b
join cost c
  on b.material_number = c.MATERIAL_NUMBER
 and b.period          = c.PERIOD
group by 1, 2, 3, 4, 5
        )
[0m16:51:24.792723 [debug] [Thread-5 (]: On model.apc.mart_sales_forecast: /* {"app": "dbt", "dbt_version": "1.9.4", "profile_name": "default", "target_name": "dev", "node_id": "model.apc.mart_sales_forecast"} */
create dynamic table APC_DEPLOY_DB.DBT_ANALYTICS.mart_sales_forecast
        target_lag = '1 hour'
        warehouse = APC_DEPLOY_WH
        refresh_mode = AUTO

        initialize = ON_CREATE

        as (
            -- Mart: sales revenue trend (actuals) + ML forecast + margin compression bridge.
-- Actuals (H1 FY2026) come from the SAP_BDC.SD_BILLING source via stg_sd_billing.
-- Forecast rows (H2 FY2026) come from the procedural ML model outputs in ANALYTICS
-- (SALES_REVENUE_FORECAST, SALES_VOLUME_FORECAST — ML training is not a Dynamic Table).
-- Cost is sourced from mart_product_cost to ensure dbt-pipeline values.

with billing_actuals as (
    select
        date_from_parts(fiscal_year, cast(period as int), 1)  as ts,
        material_number,
        sum(net_revenue)                                       as actual_revenue,
        sum(billed_qty)                                        as actual_volume,
        avg(net_price)                                         as avg_net_price
    from APC_DEPLOY_DB.DBT_ANALYTICS.stg_sd_billing
    group by 1, 2
),

cost_actuals as (
    select
        material_number,
        material_description,
        period,
        fiscal_year,
        avg(actual_cost_per_unit)   as cost_per_unit
    from APC_DEPLOY_DB.DBT_ANALYTICS.mart_product_cost
    where fiscal_year = 2026 and material_type = 'FERT'
    group by 1, 2, 3, 4
),

h1_unit_cost as (
    select
        material_number,
        avg(actual_cost_per_unit) as avg_cost_per_unit
    from APC_DEPLOY_DB.DBT_ANALYTICS.mart_product_cost
    where fiscal_year = 2026 and material_type = 'FERT'
    group by 1
),

cost_trend as (
    select
        material_number,
        avg(cost_variance_pct) / 100.0 as monthly_cost_drift
    from APC_DEPLOY_DB.DBT_ANALYTICS.mart_product_cost
    where fiscal_year = 2026 and material_type = 'FERT'
    group by 1
),

actuals_with_margin as (
    select
        b.ts,
        b.material_number,
        c.material_description,
        b.actual_revenue,
        b.actual_volume,
        c.cost_per_unit,
        round(b.actual_revenue - c.cost_per_unit * b.actual_volume, 2)         as actual_gross_margin,
        round(100.0 * (b.actual_revenue - c.cost_per_unit * b.actual_volume)
                    / nullif(b.actual_revenue, 0), 1)                           as actual_margin_pct,
        null::float                                                              as forecast_revenue,
        null::float                                                              as revenue_lower,
        null::float                                                              as revenue_upper,
        null::float                                                              as forecast_volume,
        null::float                                                              as forecast_cost_per_unit,
        null::float                                                              as forecast_gross_margin,
        null::float                                                              as forecast_margin_pct,
        'actual'                                                                 as data_type
    from billing_actuals b
    left join cost_actuals c
        on  c.material_number = b.material_number
        and c.fiscal_year     = year(b.ts)
        and cast(c.period as int)       = month(b.ts)
),

forecast_rows as (
    select
        rf.ts::date                                                              as ts,
        rf.series                                                                as material_number,
        null::float                                                              as actual_revenue,
        null::float                                                              as actual_volume,
        round(uc.avg_cost_per_unit * (1 + coalesce(ct.monthly_cost_drift, 0)), 2) as cost_per_unit,
        null::float                                                              as actual_gross_margin,
        null::float                                                              as actual_margin_pct,
        round(rf.forecast, 2)                                                    as forecast_revenue,
        round(rf.lower_bound, 2)                                                 as revenue_lower,
        round(rf.upper_bound, 2)                                                 as revenue_upper,
        round(greatest(vf.forecast, 0), 0)                                      as forecast_volume,
        round(uc.avg_cost_per_unit * (1 + coalesce(ct.monthly_cost_drift, 0)), 2) as forecast_cost_per_unit,
        round(rf.forecast
              - greatest(vf.forecast, 0)
                * uc.avg_cost_per_unit
                * (1 + coalesce(ct.monthly_cost_drift, 0)), 2)                   as forecast_gross_margin,
        round(100.0 * (rf.forecast
                       - greatest(vf.forecast, 0)
                         * uc.avg_cost_per_unit
                         * (1 + coalesce(ct.monthly_cost_drift, 0)))
                     / nullif(rf.forecast, 0), 1)                                as forecast_margin_pct,
        'forecast'                                                               as data_type
    from APC_DEPLOY_DB.ANALYTICS.SALES_REVENUE_FORECAST rf
    join APC_DEPLOY_DB.ANALYTICS.SALES_VOLUME_FORECAST vf
        on rf.series = vf.series and rf.ts = vf.ts
    left join h1_unit_cost uc  on uc.material_number = rf.series
    left join cost_trend ct    on ct.material_number = rf.series
)

select
    a.ts                    as TS,
    a.material_number       as MATERIAL_NUMBER,
    null::varchar           as MATERIAL_DESCRIPTION,
    a.actual_revenue        as ACTUAL_REVENUE,
    a.actual_volume         as ACTUAL_VOLUME,
    a.cost_per_unit         as COST_PER_UNIT,
    a.actual_gross_margin   as ACTUAL_GROSS_MARGIN,
    a.actual_margin_pct     as ACTUAL_MARGIN_PCT,
    a.forecast_revenue      as FORECAST_REVENUE,
    a.revenue_lower         as REVENUE_LOWER,
    a.revenue_upper         as REVENUE_UPPER,
    a.forecast_volume       as FORECAST_VOLUME,
    a.forecast_cost_per_unit as FORECAST_COST_PER_UNIT,
    a.forecast_gross_margin as FORECAST_GROSS_MARGIN,
    a.forecast_margin_pct   as FORECAST_MARGIN_PCT,
    a.data_type             as DATA_TYPE
from actuals_with_margin a

union all

select
    f.ts,
    f.material_number,
    null::varchar,
    f.actual_revenue,
    f.actual_volume,
    f.cost_per_unit,
    f.actual_gross_margin,
    f.actual_margin_pct,
    f.forecast_revenue,
    f.revenue_lower,
    f.revenue_upper,
    f.forecast_volume,
    f.forecast_cost_per_unit,
    f.forecast_gross_margin,
    f.forecast_margin_pct,
    f.data_type
from forecast_rows f
        )
[0m16:51:24.793558 [debug] [Thread-3 (]: Opening a new connection, currently in state init
[0m16:51:24.794253 [debug] [Thread-2 (]: On model.apc.mart_product_risk_scores: /* {"app": "dbt", "dbt_version": "1.9.4", "profile_name": "default", "target_name": "dev", "node_id": "model.apc.mart_product_risk_scores"} */
create dynamic table APC_DEPLOY_DB.DBT_ANALYTICS.mart_product_risk_scores
        target_lag = '1 hour'
        warehouse = APC_DEPLOY_WH
        refresh_mode = AUTO

        initialize = ON_CREATE

        as (
            -- Mart: product risk scores — FY2026 H1 variance trajectory (slope P001->P006)
-- and next-period projection. Parity with APC_DEPLOY_DB.ANALYTICS.PRODUCT_RISK_SCORES.

with trend as (
    select
        MATERIAL_NUMBER,
        MATERIAL_DESCRIPTION,
        max(case when PERIOD = '001' then COST_VARIANCE_PCT end) as var_p001,
        max(case when PERIOD = '003' then COST_VARIANCE_PCT end) as var_p003,
        max(case when PERIOD = '006' then COST_VARIANCE_PCT end) as var_p006
    from APC_DEPLOY_DB.DBT_ANALYTICS.mart_product_cost
    where FISCAL_YEAR = 2026 and MATERIAL_TYPE = 'FERT'
    group by 1, 2
)

select
    MATERIAL_NUMBER,
    MATERIAL_DESCRIPTION,
    round(var_p001, 2)                              as VAR_P001,
    round(var_p003, 2)                              as VAR_P003,
    round(var_p006, 2)                              as VAR_P006,
    round((var_p006 - var_p001) / 5, 2)             as SLOPE,
    round(var_p006 + (var_p006 - var_p001) / 5, 2)  as ESTIMATED_P007,
    case
        when var_p006 > 8 or (var_p006 + (var_p006 - var_p001) / 5) > 10 then 'HIGH'
        when var_p006 > 5 or (var_p006 + (var_p006 - var_p001) / 5) > 7  then 'MEDIUM'
        else 'LOW'
    end                                             as RISK_LEVEL
from trend
        )
[0m16:51:24.794928 [debug] [Thread-4 (]: Opening a new connection, currently in state init
[0m16:51:24.795532 [debug] [Thread-5 (]: Opening a new connection, currently in state init
[0m16:51:24.796272 [debug] [Thread-2 (]: Opening a new connection, currently in state init
[0m16:51:29.564867 [debug] [Thread-3 (]: SQL status: SUCCESS 1 in 4.771 seconds
[0m16:51:29.567802 [info ] [Thread-3 (]: 18 of 22 OK created sql dynamic_table model DBT_ANALYTICS.mart_product_cost_monthly  [[32mSUCCESS 1[0m in 4.87s]
[0m16:51:29.568701 [debug] [Thread-3 (]: Finished running node model.apc.mart_product_cost_monthly
[0m16:51:29.569725 [debug] [Thread-3 (]: Began running node model.apc.mart_variance_trend_with_forecast
[0m16:51:29.570499 [info ] [Thread-3 (]: 22 of 22 START sql dynamic_table model DBT_ANALYTICS.mart_variance_trend_with_forecast  [RUN]
[0m16:51:29.571185 [debug] [Thread-3 (]: Re-using an available connection from the pool (formerly model.apc.mart_product_cost_monthly, now model.apc.mart_variance_trend_with_forecast)
[0m16:51:29.571766 [debug] [Thread-3 (]: Began compiling node model.apc.mart_variance_trend_with_forecast
[0m16:51:29.580259 [debug] [Thread-3 (]: Writing injected SQL for node "model.apc.mart_variance_trend_with_forecast"
[0m16:51:29.581006 [debug] [Thread-3 (]: Began executing node model.apc.mart_variance_trend_with_forecast
[0m16:51:29.588100 [debug] [Thread-3 (]: Applying CREATE to: APC_DEPLOY_DB.DBT_ANALYTICS.mart_variance_trend_with_forecast
[0m16:51:29.589353 [debug] [Thread-3 (]: Writing runtime sql for node "model.apc.mart_variance_trend_with_forecast"
[0m16:51:29.591632 [debug] [Thread-3 (]: Using snowflake connection "model.apc.mart_variance_trend_with_forecast"
[0m16:51:29.592424 [debug] [Thread-3 (]: On model.apc.mart_variance_trend_with_forecast: /* {"app": "dbt", "dbt_version": "1.9.4", "profile_name": "default", "target_name": "dev", "node_id": "model.apc.mart_variance_trend_with_forecast"} */
create dynamic table APC_DEPLOY_DB.DBT_ANALYTICS.mart_variance_trend_with_forecast
        target_lag = '1 hour'
        warehouse = APC_DEPLOY_WH
        refresh_mode = AUTO

        initialize = ON_CREATE

        as (
            -- Mart: portfolio variance trend (actuals) + ML forecast. Parity with
-- APC_DEPLOY_DB.ANALYTICS.VARIANCE_TREND_WITH_FORECAST.
-- Actuals come from the dbt pipeline (mart_product_cost). The forecast rows come
-- from the procedural Snowflake ML model output (ANALYTICS.VARIANCE_FORECAST) —
-- ML model training is not a Dynamic Table, so dbt consumes its output here.

with actuals as (
    select
        date_from_parts(FISCAL_YEAR, cast(PERIOD as int), 1) as ts,
        round(avg(COST_VARIANCE_PCT), 2)                     as actual_variance
    from APC_DEPLOY_DB.DBT_ANALYTICS.mart_product_cost
    where MATERIAL_TYPE = 'FERT'
    group by 1
)

select
    ts                                                                   as TS,
    concat(year(ts), '-P', lpad(month(ts)::varchar, 3, '0'))             as PERIOD_LABEL,
    actual_variance                                                      as ACTUAL_VARIANCE,
    null::float                                                          as FORECAST_VARIANCE,
    null::float                                                          as FORECAST_LOWER,
    null::float                                                          as FORECAST_UPPER,
    'actual'                                                             as DATA_TYPE
from actuals

union all

select
    ts::date                                                             as TS,
    concat(year(ts::date), '-P', lpad(month(ts::date)::varchar, 3, '0')) as PERIOD_LABEL,
    null::float                                                          as ACTUAL_VARIANCE,
    round(FORECAST, 2)                                                   as FORECAST_VARIANCE,
    round(LOWER_BOUND, 2)                                                as FORECAST_LOWER,
    round(UPPER_BOUND, 2)                                                as FORECAST_UPPER,
    'forecast'                                                           as DATA_TYPE
from APC_DEPLOY_DB.ANALYTICS.VARIANCE_FORECAST
        )
[0m16:51:29.593117 [debug] [Thread-3 (]: Opening a new connection, currently in state init
[0m16:51:30.210274 [debug] [Thread-2 (]: SQL status: SUCCESS 1 in 5.414 seconds
[0m16:51:30.213190 [info ] [Thread-2 (]: 20 of 22 OK created sql dynamic_table model DBT_ANALYTICS.mart_product_risk_scores  [[32mSUCCESS 1[0m in 5.51s]
[0m16:51:30.214046 [debug] [Thread-2 (]: Finished running node model.apc.mart_product_risk_scores
[0m16:51:31.357694 [debug] [Thread-4 (]: SQL status: SUCCESS 1 in 6.563 seconds
[0m16:51:31.360654 [info ] [Thread-4 (]: 19 of 22 OK created sql dynamic_table model DBT_ANALYTICS.mart_product_profitability  [[32mSUCCESS 1[0m in 6.66s]
[0m16:51:31.361472 [debug] [Thread-4 (]: Finished running node model.apc.mart_product_profitability
[0m16:51:33.042625 [debug] [Thread-5 (]: SQL status: SUCCESS 1 in 8.247 seconds
[0m16:51:33.045426 [info ] [Thread-5 (]: 21 of 22 OK created sql dynamic_table model DBT_ANALYTICS.mart_sales_forecast .. [[32mSUCCESS 1[0m in 8.34s]
[0m16:51:33.046195 [debug] [Thread-5 (]: Finished running node model.apc.mart_sales_forecast
[0m16:51:34.829096 [debug] [Thread-3 (]: SQL status: SUCCESS 1 in 5.236 seconds
[0m16:51:34.831913 [info ] [Thread-3 (]: 22 of 22 OK created sql dynamic_table model DBT_ANALYTICS.mart_variance_trend_with_forecast  [[32mSUCCESS 1[0m in 5.26s]
[0m16:51:34.832761 [debug] [Thread-3 (]: Finished running node model.apc.mart_variance_trend_with_forecast
[0m16:51:34.836016 [debug] [Dummy-1   ]: Connection 'master' was properly closed.
[0m16:51:34.836896 [debug] [Dummy-1   ]: Connection 'model.apc.mart_product_risk_scores' was properly closed.
[0m16:51:34.837486 [debug] [Dummy-1   ]: Connection 'model.apc.mart_variance_trend_with_forecast' was properly closed.
[0m16:51:34.838001 [debug] [Dummy-1   ]: Connection 'model.apc.mart_product_profitability' was properly closed.
[0m16:51:34.838603 [debug] [Dummy-1   ]: Connection 'model.apc.mart_sales_forecast' was properly closed.
[0m16:51:34.839306 [info ] [Dummy-1   ]: 
[0m16:51:34.839903 [info ] [Dummy-1   ]: Finished running 22 dynamic table models in 0 hours 0 minutes and 28.86 seconds (28.86s).
[0m16:51:34.843161 [debug] [Dummy-1   ]: Command end result
[0m16:51:34.879231 [debug] [Dummy-1   ]: Wrote artifact WritableManifest to /tmp/dbt/target/manifest.json
[0m16:51:34.881231 [debug] [Dummy-1   ]: Wrote artifact SemanticManifest to /tmp/dbt/target/semantic_manifest.json
[0m16:51:34.888169 [debug] [Dummy-1   ]: Wrote artifact RunExecutionResult to /tmp/dbt/target/run_results.json
[0m16:51:34.888813 [info ] [Dummy-1   ]: 
[0m16:51:34.889532 [info ] [Dummy-1   ]: [32mCompleted successfully[0m
[0m16:51:34.890143 [info ] [Dummy-1   ]: 
[0m16:51:34.890773 [info ] [Dummy-1   ]: Done. PASS=22 WARN=0 ERROR=0 SKIP=0 TOTAL=22
[0m16:51:34.892527 [debug] [Dummy-1   ]: Resource report: {"command_name": "run", "command_success": true, "command_wall_clock_time": 29.81549, "process_in_blocks": "0", "process_kernel_time": 0.87, "process_mem_max_rss": "469132", "process_out_blocks": "0", "process_user_time": 5.07}
[0m16:51:34.893290 [debug] [Dummy-1   ]: Command `cli run` succeeded at 16:51:34.892893 after 29.82 seconds
[0m16:51:34.893916 [debug] [Dummy-1   ]: Flushing usage events


============================== 16:54:27.953800 | ac2963bd-8b00-4c0e-af6f-f07d270c3a7c ==============================
[0m16:54:27.953800 [info ] [Dummy-1   ]: Running with dbt=1.9.4
[0m16:54:27.954909 [debug] [Dummy-1   ]: running dbt with arguments {'printer_width': '80', 'indirect_selection': 'eager', 'write_json': 'True', 'log_cache_events': 'False', 'partial_parse': 'True', 'cache_selected_only': 'False', 'warn_error': 'None', 'fail_fast': 'False', 'debug': 'False', 'log_path': '/tmp/dbt/logs', 'profiles_dir': '/tmp/dbt/', 'version_check': 'True', 'use_colors': 'True', 'use_experimental_parser': 'False', 'no_print': 'None', 'quiet': 'False', 'empty': 'None', 'log_format': 'default', 'static_parser': 'True', 'invocation_command': 'dbt ', 'warn_error_options': 'WarnErrorOptions(include=[], exclude=[])', 'target_path': '/tmp/dbt/target/', 'introspect': 'True', 'send_anonymous_usage_stats': 'False'}
[0m16:54:28.256450 [info ] [Dummy-1   ]: Registered adapter: snowflake=1.9.2
[0m16:54:28.304720 [debug] [Dummy-1   ]: checksum: 53ed91fada2233efb98368d1716b44ab532c83a9c293cf1890b7905d5b45fb25, vars: {}, profile: , target: dev, version: 1.9.4
[0m16:54:28.624649 [debug] [Dummy-1   ]: Partial parsing enabled: 0 files deleted, 0 files added, 0 files changed.
[0m16:54:28.625417 [debug] [Dummy-1   ]: Partial parsing enabled, no changes found, skipping parsing
[0m16:54:28.832648 [debug] [Dummy-1   ]: Wrote artifact WritableManifest to /tmp/dbt/target/manifest.json
[0m16:54:28.835109 [debug] [Dummy-1   ]: Wrote artifact SemanticManifest to /tmp/dbt/target/semantic_manifest.json
[0m16:54:28.902081 [info ] [Dummy-1   ]: Found 22 models, 44 data tests, 3 seeds, 8 sources, 474 macros
[0m16:54:28.907372 [info ] [Dummy-1   ]: 
[0m16:54:28.908082 [info ] [Dummy-1   ]: Concurrency: 4 threads (target='dev')
[0m16:54:28.908748 [info ] [Dummy-1   ]: 
[0m16:54:28.909673 [debug] [Dummy-1   ]: Acquiring new snowflake connection 'master'
[0m16:54:28.917497 [debug] [ThreadPool]: Acquiring new snowflake connection 'list_APC_DEPLOY_DB_DBT_ANALYTICS'
[0m16:54:28.919122 [debug] [ThreadPool]: Acquiring new snowflake connection 'list_APC_DEPLOY_DB_DBT_ANALYTICS_DBT_ANALYTICS'
[0m16:54:29.021580 [debug] [ThreadPool]: Using snowflake connection "list_APC_DEPLOY_DB_DBT_ANALYTICS"
[0m16:54:29.022536 [debug] [ThreadPool]: Using snowflake connection "list_APC_DEPLOY_DB_DBT_ANALYTICS_DBT_ANALYTICS"
[0m16:54:29.023484 [debug] [ThreadPool]: On list_APC_DEPLOY_DB_DBT_ANALYTICS: /* {"app": "dbt", "dbt_version": "1.9.4", "profile_name": "default", "target_name": "dev", "connection_name": "list_APC_DEPLOY_DB_DBT_ANALYTICS"} */
alter session set quoted_identifiers_ignore_case = false;
[0m16:54:29.024207 [debug] [ThreadPool]: On list_APC_DEPLOY_DB_DBT_ANALYTICS_DBT_ANALYTICS: /* {"app": "dbt", "dbt_version": "1.9.4", "profile_name": "default", "target_name": "dev", "connection_name": "list_APC_DEPLOY_DB_DBT_ANALYTICS_DBT_ANALYTICS"} */
alter session set quoted_identifiers_ignore_case = false;
[0m16:54:29.024856 [debug] [ThreadPool]: Opening a new connection, currently in state init
[0m16:54:29.025503 [debug] [ThreadPool]: Opening a new connection, currently in state init
[0m16:54:29.697659 [debug] [ThreadPool]: SQL status: SUCCESS 1 in 0.672 seconds
[0m16:54:29.699267 [debug] [ThreadPool]: SQL status: SUCCESS 1 in 0.674 seconds
[0m16:54:29.704215 [debug] [ThreadPool]: Using snowflake connection "list_APC_DEPLOY_DB_DBT_ANALYTICS_DBT_ANALYTICS"
[0m16:54:29.706459 [debug] [ThreadPool]: Using snowflake connection "list_APC_DEPLOY_DB_DBT_ANALYTICS"
[0m16:54:29.707135 [debug] [ThreadPool]: On list_APC_DEPLOY_DB_DBT_ANALYTICS_DBT_ANALYTICS: /* {"app": "dbt", "dbt_version": "1.9.4", "profile_name": "default", "target_name": "dev", "connection_name": "list_APC_DEPLOY_DB_DBT_ANALYTICS_DBT_ANALYTICS"} */
show objects in APC_DEPLOY_DB.DBT_ANALYTICS_DBT_ANALYTICS
    limit 10000
    
;
[0m16:54:29.707788 [debug] [ThreadPool]: On list_APC_DEPLOY_DB_DBT_ANALYTICS: /* {"app": "dbt", "dbt_version": "1.9.4", "profile_name": "default", "target_name": "dev", "connection_name": "list_APC_DEPLOY_DB_DBT_ANALYTICS"} */
show objects in APC_DEPLOY_DB.DBT_ANALYTICS
    limit 10000
    
;
[0m16:54:29.845957 [debug] [ThreadPool]: SQL status: SUCCESS 3 in 0.137 seconds
[0m16:54:29.848777 [debug] [ThreadPool]: Using snowflake connection "list_APC_DEPLOY_DB_DBT_ANALYTICS_DBT_ANALYTICS"
[0m16:54:29.849428 [debug] [ThreadPool]: On list_APC_DEPLOY_DB_DBT_ANALYTICS_DBT_ANALYTICS: /* {"app": "dbt", "dbt_version": "1.9.4", "profile_name": "default", "target_name": "dev", "connection_name": "list_APC_DEPLOY_DB_DBT_ANALYTICS_DBT_ANALYTICS"} */
alter session unset quoted_identifiers_ignore_case;
[0m16:54:29.854952 [debug] [ThreadPool]: SQL status: SUCCESS 22 in 0.142 seconds
[0m16:54:29.857822 [debug] [ThreadPool]: Using snowflake connection "list_APC_DEPLOY_DB_DBT_ANALYTICS"
[0m16:54:29.858575 [debug] [ThreadPool]: On list_APC_DEPLOY_DB_DBT_ANALYTICS: /* {"app": "dbt", "dbt_version": "1.9.4", "profile_name": "default", "target_name": "dev", "connection_name": "list_APC_DEPLOY_DB_DBT_ANALYTICS"} */
alter session unset quoted_identifiers_ignore_case;
[0m16:54:30.016891 [debug] [ThreadPool]: SQL status: SUCCESS 1 in 0.158 seconds
[0m16:54:30.078620 [debug] [ThreadPool]: SQL status: SUCCESS 1 in 0.228 seconds
[0m16:54:30.090926 [debug] [Thread-2 (]: Began running node test.apc.accepted_values_mart_product_cost_variance_flag__HIGH__MEDIUM__LOW.0535cdbec7
[0m16:54:30.091880 [debug] [Thread-3 (]: Began running node test.apc.accepted_values_mart_product_risk_scores_RISK_LEVEL__HIGH__MEDIUM__LOW.45e743858b
[0m16:54:30.092768 [debug] [Thread-4 (]: Began running node test.apc.accepted_values_mart_sales_forecast_DATA_TYPE__actual__forecast.3887f1a860
[0m16:54:30.097043 [debug] [Thread-5 (]: Began running node test.apc.accepted_values_mart_variance_trend_with_forecast_DATA_TYPE__actual__forecast.42850f61e1
[0m16:54:30.098043 [info ] [Thread-2 (]: 1 of 44 START test accepted_values_mart_product_cost_variance_flag__HIGH__MEDIUM__LOW  [RUN]
[0m16:54:30.099081 [info ] [Thread-3 (]: 2 of 44 START test accepted_values_mart_product_risk_scores_RISK_LEVEL__HIGH__MEDIUM__LOW  [RUN]
[0m16:54:30.099853 [info ] [Thread-4 (]: 3 of 44 START test accepted_values_mart_sales_forecast_DATA_TYPE__actual__forecast  [RUN]
[0m16:54:30.100578 [info ] [Thread-5 (]: 4 of 44 START test accepted_values_mart_variance_trend_with_forecast_DATA_TYPE__actual__forecast  [RUN]
[0m16:54:30.101457 [debug] [Thread-2 (]: Re-using an available connection from the pool (formerly list_APC_DEPLOY_DB_DBT_ANALYTICS, now test.apc.accepted_values_mart_product_cost_variance_flag__HIGH__MEDIUM__LOW.0535cdbec7)
[0m16:54:30.102221 [debug] [Thread-3 (]: Re-using an available connection from the pool (formerly list_APC_DEPLOY_DB_DBT_ANALYTICS_DBT_ANALYTICS, now test.apc.accepted_values_mart_product_risk_scores_RISK_LEVEL__HIGH__MEDIUM__LOW.45e743858b)
[0m16:54:30.103105 [debug] [Thread-4 (]: Acquiring new snowflake connection 'test.apc.accepted_values_mart_sales_forecast_DATA_TYPE__actual__forecast.3887f1a860'
[0m16:54:30.103950 [debug] [Thread-5 (]: Acquiring new snowflake connection 'test.apc.accepted_values_mart_variance_trend_with_forecast_DATA_TYPE__actual__forecast.42850f61e1'
[0m16:54:30.104670 [debug] [Thread-2 (]: Began compiling node test.apc.accepted_values_mart_product_cost_variance_flag__HIGH__MEDIUM__LOW.0535cdbec7
[0m16:54:30.105323 [debug] [Thread-3 (]: Began compiling node test.apc.accepted_values_mart_product_risk_scores_RISK_LEVEL__HIGH__MEDIUM__LOW.45e743858b
[0m16:54:30.105958 [debug] [Thread-4 (]: Began compiling node test.apc.accepted_values_mart_sales_forecast_DATA_TYPE__actual__forecast.3887f1a860
[0m16:54:30.106562 [debug] [Thread-5 (]: Began compiling node test.apc.accepted_values_mart_variance_trend_with_forecast_DATA_TYPE__actual__forecast.42850f61e1
[0m16:54:30.131511 [debug] [Thread-2 (]: Writing injected SQL for node "test.apc.accepted_values_mart_product_cost_variance_flag__HIGH__MEDIUM__LOW.0535cdbec7"
[0m16:54:30.143828 [debug] [Thread-3 (]: Writing injected SQL for node "test.apc.accepted_values_mart_product_risk_scores_RISK_LEVEL__HIGH__MEDIUM__LOW.45e743858b"
[0m16:54:30.155551 [debug] [Thread-4 (]: Writing injected SQL for node "test.apc.accepted_values_mart_sales_forecast_DATA_TYPE__actual__forecast.3887f1a860"
[0m16:54:30.167296 [debug] [Thread-5 (]: Writing injected SQL for node "test.apc.accepted_values_mart_variance_trend_with_forecast_DATA_TYPE__actual__forecast.42850f61e1"
[0m16:54:30.168924 [debug] [Thread-2 (]: Began executing node test.apc.accepted_values_mart_product_cost_variance_flag__HIGH__MEDIUM__LOW.0535cdbec7
[0m16:54:30.169919 [debug] [Thread-3 (]: Began executing node test.apc.accepted_values_mart_product_risk_scores_RISK_LEVEL__HIGH__MEDIUM__LOW.45e743858b
[0m16:54:30.201452 [debug] [Thread-2 (]: Writing runtime sql for node "test.apc.accepted_values_mart_product_cost_variance_flag__HIGH__MEDIUM__LOW.0535cdbec7"
[0m16:54:30.171023 [debug] [Thread-4 (]: Began executing node test.apc.accepted_values_mart_sales_forecast_DATA_TYPE__actual__forecast.3887f1a860
[0m16:54:30.210925 [debug] [Thread-3 (]: Writing runtime sql for node "test.apc.accepted_values_mart_product_risk_scores_RISK_LEVEL__HIGH__MEDIUM__LOW.45e743858b"
[0m16:54:30.211682 [debug] [Thread-5 (]: Began executing node test.apc.accepted_values_mart_variance_trend_with_forecast_DATA_TYPE__actual__forecast.42850f61e1
[0m16:54:30.220179 [debug] [Thread-4 (]: Writing runtime sql for node "test.apc.accepted_values_mart_sales_forecast_DATA_TYPE__actual__forecast.3887f1a860"
[0m16:54:30.222013 [debug] [Thread-2 (]: Using snowflake connection "test.apc.accepted_values_mart_product_cost_variance_flag__HIGH__MEDIUM__LOW.0535cdbec7"
[0m16:54:30.231318 [debug] [Thread-5 (]: Writing runtime sql for node "test.apc.accepted_values_mart_variance_trend_with_forecast_DATA_TYPE__actual__forecast.42850f61e1"
[0m16:54:30.232777 [debug] [Thread-3 (]: Using snowflake connection "test.apc.accepted_values_mart_product_risk_scores_RISK_LEVEL__HIGH__MEDIUM__LOW.45e743858b"
[0m16:54:30.234045 [debug] [Thread-2 (]: On test.apc.accepted_values_mart_product_cost_variance_flag__HIGH__MEDIUM__LOW.0535cdbec7: /* {"app": "dbt", "dbt_version": "1.9.4", "profile_name": "default", "target_name": "dev", "node_id": "test.apc.accepted_values_mart_product_cost_variance_flag__HIGH__MEDIUM__LOW.0535cdbec7"} */
select
      count(*) as failures,
      count(*) != 0 as should_warn,
      count(*) != 0 as should_error
    from (
      
    
    

with all_values as (

    select
        variance_flag as value_field,
        count(*) as n_records

    from APC_DEPLOY_DB.DBT_ANALYTICS.mart_product_cost
    group by variance_flag

)

select *
from all_values
where value_field not in (
    'HIGH','MEDIUM','LOW'
)



      
    ) dbt_internal_test
[0m16:54:30.235471 [debug] [Thread-4 (]: Using snowflake connection "test.apc.accepted_values_mart_sales_forecast_DATA_TYPE__actual__forecast.3887f1a860"
[0m16:54:30.236513 [debug] [Thread-3 (]: On test.apc.accepted_values_mart_product_risk_scores_RISK_LEVEL__HIGH__MEDIUM__LOW.45e743858b: /* {"app": "dbt", "dbt_version": "1.9.4", "profile_name": "default", "target_name": "dev", "node_id": "test.apc.accepted_values_mart_product_risk_scores_RISK_LEVEL__HIGH__MEDIUM__LOW.45e743858b"} */
select
      count(*) as failures,
      count(*) != 0 as should_warn,
      count(*) != 0 as should_error
    from (
      
    
    

with all_values as (

    select
        RISK_LEVEL as value_field,
        count(*) as n_records

    from APC_DEPLOY_DB.DBT_ANALYTICS.mart_product_risk_scores
    group by RISK_LEVEL

)

select *
from all_values
where value_field not in (
    'HIGH','MEDIUM','LOW'
)



      
    ) dbt_internal_test
[0m16:54:30.237912 [debug] [Thread-5 (]: Using snowflake connection "test.apc.accepted_values_mart_variance_trend_with_forecast_DATA_TYPE__actual__forecast.42850f61e1"
[0m16:54:30.238683 [debug] [Thread-2 (]: Opening a new connection, currently in state init
[0m16:54:30.239462 [debug] [Thread-4 (]: On test.apc.accepted_values_mart_sales_forecast_DATA_TYPE__actual__forecast.3887f1a860: /* {"app": "dbt", "dbt_version": "1.9.4", "profile_name": "default", "target_name": "dev", "node_id": "test.apc.accepted_values_mart_sales_forecast_DATA_TYPE__actual__forecast.3887f1a860"} */
select
      count(*) as failures,
      count(*) != 0 as should_warn,
      count(*) != 0 as should_error
    from (
      
    
    

with all_values as (

    select
        DATA_TYPE as value_field,
        count(*) as n_records

    from APC_DEPLOY_DB.DBT_ANALYTICS.mart_sales_forecast
    group by DATA_TYPE

)

select *
from all_values
where value_field not in (
    'actual','forecast'
)



      
    ) dbt_internal_test
[0m16:54:30.240188 [debug] [Thread-3 (]: Opening a new connection, currently in state init
[0m16:54:30.240938 [debug] [Thread-5 (]: On test.apc.accepted_values_mart_variance_trend_with_forecast_DATA_TYPE__actual__forecast.42850f61e1: /* {"app": "dbt", "dbt_version": "1.9.4", "profile_name": "default", "target_name": "dev", "node_id": "test.apc.accepted_values_mart_variance_trend_with_forecast_DATA_TYPE__actual__forecast.42850f61e1"} */
select
      count(*) as failures,
      count(*) != 0 as should_warn,
      count(*) != 0 as should_error
    from (
      
    
    

with all_values as (

    select
        DATA_TYPE as value_field,
        count(*) as n_records

    from APC_DEPLOY_DB.DBT_ANALYTICS.mart_variance_trend_with_forecast
    group by DATA_TYPE

)

select *
from all_values
where value_field not in (
    'actual','forecast'
)



      
    ) dbt_internal_test
[0m16:54:30.241818 [debug] [Thread-4 (]: Opening a new connection, currently in state init
[0m16:54:30.242759 [debug] [Thread-5 (]: Opening a new connection, currently in state init
[0m16:54:31.051254 [debug] [Thread-3 (]: SQL status: SUCCESS 1 in 0.811 seconds
[0m16:54:31.062086 [info ] [Thread-3 (]: 2 of 44 PASS accepted_values_mart_product_risk_scores_RISK_LEVEL__HIGH__MEDIUM__LOW  [[32mPASS[0m in 0.96s]
[0m16:54:31.063264 [debug] [Thread-3 (]: Finished running node test.apc.accepted_values_mart_product_risk_scores_RISK_LEVEL__HIGH__MEDIUM__LOW.45e743858b
[0m16:54:31.064522 [debug] [Thread-3 (]: Began running node test.apc.accepted_values_stg_cost_components_record_type__S__A.9a08f5469a
[0m16:54:31.065470 [info ] [Thread-3 (]: 5 of 44 START test accepted_values_stg_cost_components_record_type__S__A ....... [RUN]
[0m16:54:31.066393 [debug] [Thread-3 (]: Re-using an available connection from the pool (formerly test.apc.accepted_values_mart_product_risk_scores_RISK_LEVEL__HIGH__MEDIUM__LOW.45e743858b, now test.apc.accepted_values_stg_cost_components_record_type__S__A.9a08f5469a)
[0m16:54:31.067058 [debug] [Thread-3 (]: Began compiling node test.apc.accepted_values_stg_cost_components_record_type__S__A.9a08f5469a
[0m16:54:31.078832 [debug] [Thread-3 (]: Writing injected SQL for node "test.apc.accepted_values_stg_cost_components_record_type__S__A.9a08f5469a"
[0m16:54:31.079869 [debug] [Thread-3 (]: Began executing node test.apc.accepted_values_stg_cost_components_record_type__S__A.9a08f5469a
[0m16:54:31.089357 [debug] [Thread-3 (]: Writing runtime sql for node "test.apc.accepted_values_stg_cost_components_record_type__S__A.9a08f5469a"
[0m16:54:31.091034 [debug] [Thread-3 (]: Using snowflake connection "test.apc.accepted_values_stg_cost_components_record_type__S__A.9a08f5469a"
[0m16:54:31.091810 [debug] [Thread-3 (]: On test.apc.accepted_values_stg_cost_components_record_type__S__A.9a08f5469a: /* {"app": "dbt", "dbt_version": "1.9.4", "profile_name": "default", "target_name": "dev", "node_id": "test.apc.accepted_values_stg_cost_components_record_type__S__A.9a08f5469a"} */
select
      count(*) as failures,
      count(*) != 0 as should_warn,
      count(*) != 0 as should_error
    from (
      
    
    

with all_values as (

    select
        record_type as value_field,
        count(*) as n_records

    from APC_DEPLOY_DB.DBT_ANALYTICS.stg_cost_components
    group by record_type

)

select *
from all_values
where value_field not in (
    'S','A'
)



      
    ) dbt_internal_test
[0m16:54:31.092473 [debug] [Thread-3 (]: Opening a new connection, currently in state init
[0m16:54:31.116386 [debug] [Thread-5 (]: SQL status: SUCCESS 1 in 0.874 seconds
[0m16:54:31.209721 [debug] [Thread-4 (]: SQL status: SUCCESS 1 in 0.968 seconds
[0m16:54:31.211026 [debug] [Thread-2 (]: SQL status: SUCCESS 1 in 0.972 seconds
[0m16:54:31.212687 [info ] [Thread-5 (]: 4 of 44 PASS accepted_values_mart_variance_trend_with_forecast_DATA_TYPE__actual__forecast  [[32mPASS[0m in 1.11s]
[0m16:54:31.215722 [info ] [Thread-4 (]: 3 of 44 PASS accepted_values_mart_sales_forecast_DATA_TYPE__actual__forecast ... [[32mPASS[0m in 1.11s]
[0m16:54:31.218750 [info ] [Thread-2 (]: 1 of 44 PASS accepted_values_mart_product_cost_variance_flag__HIGH__MEDIUM__LOW  [[32mPASS[0m in 1.12s]
[0m16:54:31.219793 [debug] [Thread-5 (]: Finished running node test.apc.accepted_values_mart_variance_trend_with_forecast_DATA_TYPE__actual__forecast.42850f61e1
[0m16:54:31.220688 [debug] [Thread-4 (]: Finished running node test.apc.accepted_values_mart_sales_forecast_DATA_TYPE__actual__forecast.3887f1a860
[0m16:54:31.221571 [debug] [Thread-2 (]: Finished running node test.apc.accepted_values_mart_product_cost_variance_flag__HIGH__MEDIUM__LOW.0535cdbec7
[0m16:54:31.222744 [debug] [Thread-5 (]: Began running node test.apc.assert_budget_reconciles
[0m16:54:31.223942 [debug] [Thread-4 (]: Began running node test.apc.assert_product_cost_reconciles
[0m16:54:31.225135 [debug] [Thread-2 (]: Began running node test.apc.not_null_int_budget_material_number.6b0c205415
[0m16:54:31.226003 [info ] [Thread-5 (]: 6 of 44 START test assert_budget_reconciles .................................... [RUN]
[0m16:54:31.226748 [info ] [Thread-4 (]: 7 of 44 START test assert_product_cost_reconciles .............................. [RUN]
[0m16:54:31.227456 [info ] [Thread-2 (]: 8 of 44 START test not_null_int_budget_material_number ......................... [RUN]
[0m16:54:31.228326 [debug] [Thread-5 (]: Re-using an available connection from the pool (formerly test.apc.accepted_values_mart_variance_trend_with_forecast_DATA_TYPE__actual__forecast.42850f61e1, now test.apc.assert_budget_reconciles)
[0m16:54:31.229120 [debug] [Thread-4 (]: Re-using an available connection from the pool (formerly test.apc.accepted_values_mart_sales_forecast_DATA_TYPE__actual__forecast.3887f1a860, now test.apc.assert_product_cost_reconciles)
[0m16:54:31.229918 [debug] [Thread-2 (]: Re-using an available connection from the pool (formerly test.apc.accepted_values_mart_product_cost_variance_flag__HIGH__MEDIUM__LOW.0535cdbec7, now test.apc.not_null_int_budget_material_number.6b0c205415)
[0m16:54:31.230611 [debug] [Thread-5 (]: Began compiling node test.apc.assert_budget_reconciles
[0m16:54:31.231270 [debug] [Thread-4 (]: Began compiling node test.apc.assert_product_cost_reconciles
[0m16:54:31.231904 [debug] [Thread-2 (]: Began compiling node test.apc.not_null_int_budget_material_number.6b0c205415
[0m16:54:31.241121 [debug] [Thread-5 (]: Writing injected SQL for node "test.apc.assert_budget_reconciles"
[0m16:54:31.259403 [debug] [Thread-4 (]: Writing injected SQL for node "test.apc.assert_product_cost_reconciles"
[0m16:54:31.275353 [debug] [Thread-2 (]: Writing injected SQL for node "test.apc.not_null_int_budget_material_number.6b0c205415"
[0m16:54:31.276793 [debug] [Thread-5 (]: Began executing node test.apc.assert_budget_reconciles
[0m16:54:31.277822 [debug] [Thread-4 (]: Began executing node test.apc.assert_product_cost_reconciles
[0m16:54:31.287237 [debug] [Thread-2 (]: Began executing node test.apc.not_null_int_budget_material_number.6b0c205415
[0m16:54:31.286334 [debug] [Thread-5 (]: Writing runtime sql for node "test.apc.assert_budget_reconciles"
[0m16:54:31.296903 [debug] [Thread-4 (]: Writing runtime sql for node "test.apc.assert_product_cost_reconciles"
[0m16:54:31.305128 [debug] [Thread-2 (]: Writing runtime sql for node "test.apc.not_null_int_budget_material_number.6b0c205415"
[0m16:54:31.307617 [debug] [Thread-5 (]: Using snowflake connection "test.apc.assert_budget_reconciles"
[0m16:54:31.310620 [debug] [Thread-4 (]: Using snowflake connection "test.apc.assert_product_cost_reconciles"
[0m16:54:31.311566 [debug] [Thread-5 (]: On test.apc.assert_budget_reconciles: /* {"app": "dbt", "dbt_version": "1.9.4", "profile_name": "default", "target_name": "dev", "node_id": "test.apc.assert_budget_reconciles"} */
select
      count(*) as failures,
      count(*) != 0 as should_warn,
      count(*) != 0 as should_error
    from (
      -- Singular test: the derived budget (prior-year actual, from raw) must match the
-- curated SAP_BDC.COST_BUDGET table within FX round-trip tolerance (±0.05).

with derived as (
    select material_number, plant_code, fiscal_year, period, budget_cost
    from APC_DEPLOY_DB.DBT_ANALYTICS.mart_cost_budget
),

src as (
    select trim(MATNR) as material_number, trim(BWKEY) as plant_code,
           GJAHR as fiscal_year, POPER as period, BUDGET_COST as budget_cost
    from APC_DEPLOY_DB.SAP_BDC.COST_BUDGET
)

select d.material_number, d.plant_code, d.fiscal_year, d.period,
       d.budget_cost as derived_budget, s.budget_cost as source_budget
from derived d
join src s
  on s.material_number = d.material_number
 and s.plant_code      = d.plant_code
 and s.fiscal_year     = d.fiscal_year
 and s.period          = d.period
where abs(d.budget_cost - s.budget_cost) > 0.05
      
    ) dbt_internal_test
[0m16:54:31.312991 [debug] [Thread-2 (]: Using snowflake connection "test.apc.not_null_int_budget_material_number.6b0c205415"
[0m16:54:31.313883 [debug] [Thread-4 (]: On test.apc.assert_product_cost_reconciles: /* {"app": "dbt", "dbt_version": "1.9.4", "profile_name": "default", "target_name": "dev", "node_id": "test.apc.assert_product_cost_reconciles"} */
select
      count(*) as failures,
      count(*) != 0 as should_warn,
      count(*) != 0 as should_error
    from (
      -- Singular test: the raw -> dbt pipeline must reproduce the curated costing truth.
-- Compares mart_product_cost (built from RAW SAP) to ANALYTICS.PRODUCT_COST_SUMMARY.
-- Returns rows ONLY on a mismatch beyond a small FX round-trip tolerance (±0.05).

with derived as (
    select material_number, plant_code, fiscal_year, period,
           actual_cost_per_unit, standard_cost_per_unit, budget_cost_per_unit
    from APC_DEPLOY_DB.DBT_ANALYTICS.mart_product_cost
),

curated as (
    select MATERIAL_NUMBER as material_number, PLANT_CODE as plant_code,
           FISCAL_YEAR as fiscal_year, PERIOD as period,
           ACTUAL_COST_PER_UNIT as actual_cost, STANDARD_COST_PER_UNIT as standard_cost,
           BUDGET_COST_PER_UNIT as budget_cost
    from APC_DEPLOY_DB.ANALYTICS.PRODUCT_COST_SUMMARY
)

select
    d.material_number, d.plant_code, d.fiscal_year, d.period,
    d.actual_cost_per_unit, c.actual_cost,
    d.standard_cost_per_unit, c.standard_cost,
    d.budget_cost_per_unit, c.budget_cost
from derived d
join curated c
  on c.material_number = d.material_number
 and c.plant_code      = d.plant_code
 and c.fiscal_year     = d.fiscal_year
 and c.period          = d.period
where abs(d.actual_cost_per_unit - c.actual_cost) > 0.05
   or abs(coalesce(d.standard_cost_per_unit, 0) - coalesce(c.standard_cost, 0)) > 0.05
   or abs(coalesce(d.budget_cost_per_unit, -999) - coalesce(c.budget_cost, -999)) > 0.05
      
    ) dbt_internal_test
[0m16:54:31.314758 [debug] [Thread-5 (]: Opening a new connection, currently in state init
[0m16:54:31.315487 [debug] [Thread-2 (]: On test.apc.not_null_int_budget_material_number.6b0c205415: /* {"app": "dbt", "dbt_version": "1.9.4", "profile_name": "default", "target_name": "dev", "node_id": "test.apc.not_null_int_budget_material_number.6b0c205415"} */
select
      count(*) as failures,
      count(*) != 0 as should_warn,
      count(*) != 0 as should_error
    from (
      
    
    



select material_number
from APC_DEPLOY_DB.DBT_ANALYTICS.int_budget
where material_number is null



      
    ) dbt_internal_test
[0m16:54:31.316186 [debug] [Thread-4 (]: Opening a new connection, currently in state init
[0m16:54:31.317037 [debug] [Thread-2 (]: Opening a new connection, currently in state init
[0m16:54:32.126858 [debug] [Thread-2 (]: SQL status: SUCCESS 1 in 0.810 seconds
[0m16:54:32.130124 [info ] [Thread-2 (]: 8 of 44 PASS not_null_int_budget_material_number ............................... [[32mPASS[0m in 0.90s]
[0m16:54:32.131277 [debug] [Thread-2 (]: Finished running node test.apc.not_null_int_budget_material_number.6b0c205415
[0m16:54:32.136184 [debug] [Thread-2 (]: Began running node test.apc.not_null_int_cost_components_cost_component.2063332322
[0m16:54:32.137709 [debug] [Thread-3 (]: SQL status: SUCCESS 1 in 1.045 seconds
[0m16:54:32.138711 [info ] [Thread-2 (]: 9 of 44 START test not_null_int_cost_components_cost_component ................. [RUN]
[0m16:54:32.141712 [info ] [Thread-3 (]: 5 of 44 PASS accepted_values_stg_cost_components_record_type__S__A ............. [[32mPASS[0m in 1.08s]
[0m16:54:32.142654 [debug] [Thread-2 (]: Re-using an available connection from the pool (formerly test.apc.not_null_int_budget_material_number.6b0c205415, now test.apc.not_null_int_cost_components_cost_component.2063332322)
[0m16:54:32.143517 [debug] [Thread-3 (]: Finished running node test.apc.accepted_values_stg_cost_components_record_type__S__A.9a08f5469a
[0m16:54:32.144198 [debug] [Thread-2 (]: Began compiling node test.apc.not_null_int_cost_components_cost_component.2063332322
[0m16:54:32.145328 [debug] [Thread-3 (]: Began running node test.apc.not_null_int_period_actuals_actual_cost_usd.bd76424a6f
[0m16:54:32.157399 [debug] [Thread-2 (]: Writing injected SQL for node "test.apc.not_null_int_cost_components_cost_component.2063332322"
[0m16:54:32.158366 [info ] [Thread-3 (]: 10 of 44 START test not_null_int_period_actuals_actual_cost_usd ................ [RUN]
[0m16:54:32.159683 [debug] [Thread-3 (]: Re-using an available connection from the pool (formerly test.apc.accepted_values_stg_cost_components_record_type__S__A.9a08f5469a, now test.apc.not_null_int_period_actuals_actual_cost_usd.bd76424a6f)
[0m16:54:32.160572 [debug] [Thread-2 (]: Began executing node test.apc.not_null_int_cost_components_cost_component.2063332322
[0m16:54:32.161311 [debug] [Thread-3 (]: Began compiling node test.apc.not_null_int_period_actuals_actual_cost_usd.bd76424a6f
[0m16:54:32.169403 [debug] [Thread-2 (]: Writing runtime sql for node "test.apc.not_null_int_cost_components_cost_component.2063332322"
[0m16:54:32.180609 [debug] [Thread-3 (]: Writing injected SQL for node "test.apc.not_null_int_period_actuals_actual_cost_usd.bd76424a6f"
[0m16:54:32.182418 [debug] [Thread-2 (]: Using snowflake connection "test.apc.not_null_int_cost_components_cost_component.2063332322"
[0m16:54:32.183372 [debug] [Thread-2 (]: On test.apc.not_null_int_cost_components_cost_component.2063332322: /* {"app": "dbt", "dbt_version": "1.9.4", "profile_name": "default", "target_name": "dev", "node_id": "test.apc.not_null_int_cost_components_cost_component.2063332322"} */
select
      count(*) as failures,
      count(*) != 0 as should_warn,
      count(*) != 0 as should_error
    from (
      
    
    



select cost_component
from APC_DEPLOY_DB.DBT_ANALYTICS.int_cost_components
where cost_component is null



      
    ) dbt_internal_test
[0m16:54:32.184104 [debug] [Thread-3 (]: Began executing node test.apc.not_null_int_period_actuals_actual_cost_usd.bd76424a6f
[0m16:54:32.184782 [debug] [Thread-2 (]: Opening a new connection, currently in state init
[0m16:54:32.193131 [debug] [Thread-3 (]: Writing runtime sql for node "test.apc.not_null_int_period_actuals_actual_cost_usd.bd76424a6f"
[0m16:54:32.194842 [debug] [Thread-3 (]: Using snowflake connection "test.apc.not_null_int_period_actuals_actual_cost_usd.bd76424a6f"
[0m16:54:32.195806 [debug] [Thread-3 (]: On test.apc.not_null_int_period_actuals_actual_cost_usd.bd76424a6f: /* {"app": "dbt", "dbt_version": "1.9.4", "profile_name": "default", "target_name": "dev", "node_id": "test.apc.not_null_int_period_actuals_actual_cost_usd.bd76424a6f"} */
select
      count(*) as failures,
      count(*) != 0 as should_warn,
      count(*) != 0 as should_error
    from (
      
    
    



select actual_cost_usd
from APC_DEPLOY_DB.DBT_ANALYTICS.int_period_actuals
where actual_cost_usd is null



      
    ) dbt_internal_test
[0m16:54:32.196538 [debug] [Thread-3 (]: Opening a new connection, currently in state init
[0m16:54:32.437174 [debug] [Thread-5 (]: SQL status: SUCCESS 1 in 1.119 seconds
[0m16:54:32.440523 [info ] [Thread-5 (]: 6 of 44 PASS assert_budget_reconciles .......................................... [[32mPASS[0m in 1.21s]
[0m16:54:32.441572 [debug] [Thread-5 (]: Finished running node test.apc.assert_budget_reconciles
[0m16:54:32.442751 [debug] [Thread-5 (]: Began running node test.apc.not_null_int_period_actuals_material_number.c179280f67
[0m16:54:32.443617 [info ] [Thread-5 (]: 11 of 44 START test not_null_int_period_actuals_material_number ................ [RUN]
[0m16:54:32.444466 [debug] [Thread-5 (]: Re-using an available connection from the pool (formerly test.apc.assert_budget_reconciles, now test.apc.not_null_int_period_actuals_material_number.c179280f67)
[0m16:54:32.445137 [debug] [Thread-5 (]: Began compiling node test.apc.not_null_int_period_actuals_material_number.c179280f67
[0m16:54:32.456668 [debug] [Thread-5 (]: Writing injected SQL for node "test.apc.not_null_int_period_actuals_material_number.c179280f67"
[0m16:54:32.457650 [debug] [Thread-5 (]: Began executing node test.apc.not_null_int_period_actuals_material_number.c179280f67
[0m16:54:32.465832 [debug] [Thread-5 (]: Writing runtime sql for node "test.apc.not_null_int_period_actuals_material_number.c179280f67"
[0m16:54:32.467232 [debug] [Thread-5 (]: Using snowflake connection "test.apc.not_null_int_period_actuals_material_number.c179280f67"
[0m16:54:32.467973 [debug] [Thread-5 (]: On test.apc.not_null_int_period_actuals_material_number.c179280f67: /* {"app": "dbt", "dbt_version": "1.9.4", "profile_name": "default", "target_name": "dev", "node_id": "test.apc.not_null_int_period_actuals_material_number.c179280f67"} */
select
      count(*) as failures,
      count(*) != 0 as should_warn,
      count(*) != 0 as should_error
    from (
      
    
    



select material_number
from APC_DEPLOY_DB.DBT_ANALYTICS.int_period_actuals
where material_number is null



      
    ) dbt_internal_test
[0m16:54:32.468709 [debug] [Thread-5 (]: Opening a new connection, currently in state init
[0m16:54:32.857090 [debug] [Thread-4 (]: SQL status: SUCCESS 1 in 1.541 seconds
[0m16:54:32.860384 [info ] [Thread-4 (]: 7 of 44 PASS assert_product_cost_reconciles .................................... [[32mPASS[0m in 1.63s]
[0m16:54:32.861467 [debug] [Thread-4 (]: Finished running node test.apc.assert_product_cost_reconciles
[0m16:54:32.862664 [debug] [Thread-4 (]: Began running node test.apc.not_null_int_standard_by_period_standard_cost_usd.301f51d10d
[0m16:54:32.863532 [info ] [Thread-4 (]: 12 of 44 START test not_null_int_standard_by_period_standard_cost_usd .......... [RUN]
[0m16:54:32.864406 [debug] [Thread-4 (]: Re-using an available connection from the pool (formerly test.apc.assert_product_cost_reconciles, now test.apc.not_null_int_standard_by_period_standard_cost_usd.301f51d10d)
[0m16:54:32.865130 [debug] [Thread-4 (]: Began compiling node test.apc.not_null_int_standard_by_period_standard_cost_usd.301f51d10d
[0m16:54:32.875445 [debug] [Thread-4 (]: Writing injected SQL for node "test.apc.not_null_int_standard_by_period_standard_cost_usd.301f51d10d"
[0m16:54:32.876416 [debug] [Thread-4 (]: Began executing node test.apc.not_null_int_standard_by_period_standard_cost_usd.301f51d10d
[0m16:54:32.885570 [debug] [Thread-4 (]: Writing runtime sql for node "test.apc.not_null_int_standard_by_period_standard_cost_usd.301f51d10d"
[0m16:54:32.886968 [debug] [Thread-4 (]: Using snowflake connection "test.apc.not_null_int_standard_by_period_standard_cost_usd.301f51d10d"
[0m16:54:32.887907 [debug] [Thread-4 (]: On test.apc.not_null_int_standard_by_period_standard_cost_usd.301f51d10d: /* {"app": "dbt", "dbt_version": "1.9.4", "profile_name": "default", "target_name": "dev", "node_id": "test.apc.not_null_int_standard_by_period_standard_cost_usd.301f51d10d"} */
select
      count(*) as failures,
      count(*) != 0 as should_warn,
      count(*) != 0 as should_error
    from (
      
    
    



select standard_cost_usd
from APC_DEPLOY_DB.DBT_ANALYTICS.int_standard_by_period
where standard_cost_usd is null



      
    ) dbt_internal_test
[0m16:54:32.888644 [debug] [Thread-4 (]: Opening a new connection, currently in state init
[0m16:54:33.010291 [debug] [Thread-2 (]: SQL status: SUCCESS 1 in 0.825 seconds
[0m16:54:33.013262 [info ] [Thread-2 (]: 9 of 44 PASS not_null_int_cost_components_cost_component ....................... [[32mPASS[0m in 0.87s]
[0m16:54:33.014280 [debug] [Thread-2 (]: Finished running node test.apc.not_null_int_cost_components_cost_component.2063332322
[0m16:54:33.015355 [debug] [Thread-2 (]: Began running node test.apc.not_null_mart_cost_anomalies_MATERIAL_NUMBER.74a999018d
[0m16:54:33.016137 [info ] [Thread-2 (]: 13 of 44 START test not_null_mart_cost_anomalies_MATERIAL_NUMBER ............... [RUN]
[0m16:54:33.017085 [debug] [Thread-2 (]: Re-using an available connection from the pool (formerly test.apc.not_null_int_cost_components_cost_component.2063332322, now test.apc.not_null_mart_cost_anomalies_MATERIAL_NUMBER.74a999018d)
[0m16:54:33.018606 [debug] [Thread-3 (]: SQL status: SUCCESS 1 in 0.822 seconds
[0m16:54:33.019444 [debug] [Thread-2 (]: Began compiling node test.apc.not_null_mart_cost_anomalies_MATERIAL_NUMBER.74a999018d
[0m16:54:33.022463 [info ] [Thread-3 (]: 10 of 44 PASS not_null_int_period_actuals_actual_cost_usd ...................... [[32mPASS[0m in 0.86s]
[0m16:54:33.033276 [debug] [Thread-2 (]: Writing injected SQL for node "test.apc.not_null_mart_cost_anomalies_MATERIAL_NUMBER.74a999018d"
[0m16:54:33.034477 [debug] [Thread-3 (]: Finished running node test.apc.not_null_int_period_actuals_actual_cost_usd.bd76424a6f
[0m16:54:33.036028 [debug] [Thread-3 (]: Began running node test.apc.not_null_mart_cost_anomalies_Z_SCORE.06611d6904
[0m16:54:33.037001 [debug] [Thread-2 (]: Began executing node test.apc.not_null_mart_cost_anomalies_MATERIAL_NUMBER.74a999018d
[0m16:54:33.037768 [info ] [Thread-3 (]: 14 of 44 START test not_null_mart_cost_anomalies_Z_SCORE ....................... [RUN]
[0m16:54:33.047351 [debug] [Thread-2 (]: Writing runtime sql for node "test.apc.not_null_mart_cost_anomalies_MATERIAL_NUMBER.74a999018d"
[0m16:54:33.048322 [debug] [Thread-3 (]: Re-using an available connection from the pool (formerly test.apc.not_null_int_period_actuals_actual_cost_usd.bd76424a6f, now test.apc.not_null_mart_cost_anomalies_Z_SCORE.06611d6904)
[0m16:54:33.049467 [debug] [Thread-3 (]: Began compiling node test.apc.not_null_mart_cost_anomalies_Z_SCORE.06611d6904
[0m16:54:33.050730 [debug] [Thread-2 (]: Using snowflake connection "test.apc.not_null_mart_cost_anomalies_MATERIAL_NUMBER.74a999018d"
[0m16:54:33.061085 [debug] [Thread-3 (]: Writing injected SQL for node "test.apc.not_null_mart_cost_anomalies_Z_SCORE.06611d6904"
[0m16:54:33.061932 [debug] [Thread-2 (]: On test.apc.not_null_mart_cost_anomalies_MATERIAL_NUMBER.74a999018d: /* {"app": "dbt", "dbt_version": "1.9.4", "profile_name": "default", "target_name": "dev", "node_id": "test.apc.not_null_mart_cost_anomalies_MATERIAL_NUMBER.74a999018d"} */
select
      count(*) as failures,
      count(*) != 0 as should_warn,
      count(*) != 0 as should_error
    from (
      
    
    



select MATERIAL_NUMBER
from APC_DEPLOY_DB.DBT_ANALYTICS.mart_cost_anomalies
where MATERIAL_NUMBER is null



      
    ) dbt_internal_test
[0m16:54:33.062877 [debug] [Thread-2 (]: Opening a new connection, currently in state init
[0m16:54:33.063650 [debug] [Thread-3 (]: Began executing node test.apc.not_null_mart_cost_anomalies_Z_SCORE.06611d6904
[0m16:54:33.073026 [debug] [Thread-3 (]: Writing runtime sql for node "test.apc.not_null_mart_cost_anomalies_Z_SCORE.06611d6904"
[0m16:54:33.076339 [debug] [Thread-3 (]: Using snowflake connection "test.apc.not_null_mart_cost_anomalies_Z_SCORE.06611d6904"
[0m16:54:33.077100 [debug] [Thread-3 (]: On test.apc.not_null_mart_cost_anomalies_Z_SCORE.06611d6904: /* {"app": "dbt", "dbt_version": "1.9.4", "profile_name": "default", "target_name": "dev", "node_id": "test.apc.not_null_mart_cost_anomalies_Z_SCORE.06611d6904"} */
select
      count(*) as failures,
      count(*) != 0 as should_warn,
      count(*) != 0 as should_error
    from (
      
    
    



select Z_SCORE
from APC_DEPLOY_DB.DBT_ANALYTICS.mart_cost_anomalies
where Z_SCORE is null



      
    ) dbt_internal_test
[0m16:54:33.077783 [debug] [Thread-3 (]: Opening a new connection, currently in state init
[0m16:54:33.214369 [debug] [Thread-5 (]: SQL status: SUCCESS 1 in 0.745 seconds
[0m16:54:33.217490 [info ] [Thread-5 (]: 11 of 44 PASS not_null_int_period_actuals_material_number ...................... [[32mPASS[0m in 0.77s]
[0m16:54:33.218619 [debug] [Thread-5 (]: Finished running node test.apc.not_null_int_period_actuals_material_number.c179280f67
[0m16:54:33.219773 [debug] [Thread-5 (]: Began running node test.apc.not_null_mart_cost_budget_budget_cost.0343542b64
[0m16:54:33.220601 [info ] [Thread-5 (]: 15 of 44 START test not_null_mart_cost_budget_budget_cost ...................... [RUN]
[0m16:54:33.221473 [debug] [Thread-5 (]: Re-using an available connection from the pool (formerly test.apc.not_null_int_period_actuals_material_number.c179280f67, now test.apc.not_null_mart_cost_budget_budget_cost.0343542b64)
[0m16:54:33.222197 [debug] [Thread-5 (]: Began compiling node test.apc.not_null_mart_cost_budget_budget_cost.0343542b64
[0m16:54:33.232460 [debug] [Thread-5 (]: Writing injected SQL for node "test.apc.not_null_mart_cost_budget_budget_cost.0343542b64"
[0m16:54:33.233458 [debug] [Thread-5 (]: Began executing node test.apc.not_null_mart_cost_budget_budget_cost.0343542b64
[0m16:54:33.242955 [debug] [Thread-5 (]: Writing runtime sql for node "test.apc.not_null_mart_cost_budget_budget_cost.0343542b64"
[0m16:54:33.244352 [debug] [Thread-5 (]: Using snowflake connection "test.apc.not_null_mart_cost_budget_budget_cost.0343542b64"
[0m16:54:33.245119 [debug] [Thread-5 (]: On test.apc.not_null_mart_cost_budget_budget_cost.0343542b64: /* {"app": "dbt", "dbt_version": "1.9.4", "profile_name": "default", "target_name": "dev", "node_id": "test.apc.not_null_mart_cost_budget_budget_cost.0343542b64"} */
select
      count(*) as failures,
      count(*) != 0 as should_warn,
      count(*) != 0 as should_error
    from (
      
    
    



select budget_cost
from APC_DEPLOY_DB.DBT_ANALYTICS.mart_cost_budget
where budget_cost is null



      
    ) dbt_internal_test
[0m16:54:33.245804 [debug] [Thread-5 (]: Opening a new connection, currently in state init
[0m16:54:33.627803 [debug] [Thread-4 (]: SQL status: SUCCESS 1 in 0.739 seconds
[0m16:54:33.630909 [info ] [Thread-4 (]: 12 of 44 PASS not_null_int_standard_by_period_standard_cost_usd ................ [[32mPASS[0m in 0.77s]
[0m16:54:33.631939 [debug] [Thread-4 (]: Finished running node test.apc.not_null_int_standard_by_period_standard_cost_usd.301f51d10d
[0m16:54:33.633114 [debug] [Thread-4 (]: Began running node test.apc.not_null_mart_cost_component_detail_cost_component.a0c13940df
[0m16:54:33.633968 [info ] [Thread-4 (]: 16 of 44 START test not_null_mart_cost_component_detail_cost_component ......... [RUN]
[0m16:54:33.634834 [debug] [Thread-4 (]: Re-using an available connection from the pool (formerly test.apc.not_null_int_standard_by_period_standard_cost_usd.301f51d10d, now test.apc.not_null_mart_cost_component_detail_cost_component.a0c13940df)
[0m16:54:33.635525 [debug] [Thread-4 (]: Began compiling node test.apc.not_null_mart_cost_component_detail_cost_component.a0c13940df
[0m16:54:33.647582 [debug] [Thread-4 (]: Writing injected SQL for node "test.apc.not_null_mart_cost_component_detail_cost_component.a0c13940df"
[0m16:54:33.649229 [debug] [Thread-4 (]: Began executing node test.apc.not_null_mart_cost_component_detail_cost_component.a0c13940df
[0m16:54:33.657300 [debug] [Thread-4 (]: Writing runtime sql for node "test.apc.not_null_mart_cost_component_detail_cost_component.a0c13940df"
[0m16:54:33.658810 [debug] [Thread-4 (]: Using snowflake connection "test.apc.not_null_mart_cost_component_detail_cost_component.a0c13940df"
[0m16:54:33.659586 [debug] [Thread-4 (]: On test.apc.not_null_mart_cost_component_detail_cost_component.a0c13940df: /* {"app": "dbt", "dbt_version": "1.9.4", "profile_name": "default", "target_name": "dev", "node_id": "test.apc.not_null_mart_cost_component_detail_cost_component.a0c13940df"} */
select
      count(*) as failures,
      count(*) != 0 as should_warn,
      count(*) != 0 as should_error
    from (
      
    
    



select cost_component
from APC_DEPLOY_DB.DBT_ANALYTICS.mart_cost_component_detail
where cost_component is null



      
    ) dbt_internal_test
[0m16:54:33.660280 [debug] [Thread-4 (]: Opening a new connection, currently in state init
[0m16:54:33.847089 [debug] [Thread-3 (]: SQL status: SUCCESS 1 in 0.769 seconds
[0m16:54:33.848461 [debug] [Thread-2 (]: SQL status: SUCCESS 1 in 0.785 seconds
[0m16:54:33.851392 [info ] [Thread-3 (]: 14 of 44 PASS not_null_mart_cost_anomalies_Z_SCORE ............................. [[32mPASS[0m in 0.80s]
[0m16:54:33.854333 [info ] [Thread-2 (]: 13 of 44 PASS not_null_mart_cost_anomalies_MATERIAL_NUMBER ..................... [[32mPASS[0m in 0.84s]
[0m16:54:33.855339 [debug] [Thread-3 (]: Finished running node test.apc.not_null_mart_cost_anomalies_Z_SCORE.06611d6904
[0m16:54:33.856198 [debug] [Thread-2 (]: Finished running node test.apc.not_null_mart_cost_anomalies_MATERIAL_NUMBER.74a999018d
[0m16:54:33.857316 [debug] [Thread-3 (]: Began running node test.apc.not_null_mart_cost_component_detail_material_number.f8bd0b262a
[0m16:54:33.858561 [debug] [Thread-2 (]: Began running node test.apc.not_null_mart_product_cost_actual_cost_per_unit.4266a8e5a0
[0m16:54:33.859536 [info ] [Thread-3 (]: 17 of 44 START test not_null_mart_cost_component_detail_material_number ........ [RUN]
[0m16:54:33.860367 [info ] [Thread-2 (]: 18 of 44 START test not_null_mart_product_cost_actual_cost_per_unit ............ [RUN]
[0m16:54:33.861378 [debug] [Thread-3 (]: Re-using an available connection from the pool (formerly test.apc.not_null_mart_cost_anomalies_Z_SCORE.06611d6904, now test.apc.not_null_mart_cost_component_detail_material_number.f8bd0b262a)
[0m16:54:33.862332 [debug] [Thread-2 (]: Re-using an available connection from the pool (formerly test.apc.not_null_mart_cost_anomalies_MATERIAL_NUMBER.74a999018d, now test.apc.not_null_mart_product_cost_actual_cost_per_unit.4266a8e5a0)
[0m16:54:33.863125 [debug] [Thread-3 (]: Began compiling node test.apc.not_null_mart_cost_component_detail_material_number.f8bd0b262a
[0m16:54:33.863872 [debug] [Thread-2 (]: Began compiling node test.apc.not_null_mart_product_cost_actual_cost_per_unit.4266a8e5a0
[0m16:54:33.875876 [debug] [Thread-3 (]: Writing injected SQL for node "test.apc.not_null_mart_cost_component_detail_material_number.f8bd0b262a"
[0m16:54:33.891334 [debug] [Thread-2 (]: Writing injected SQL for node "test.apc.not_null_mart_product_cost_actual_cost_per_unit.4266a8e5a0"
[0m16:54:33.893108 [debug] [Thread-3 (]: Began executing node test.apc.not_null_mart_cost_component_detail_material_number.f8bd0b262a
[0m16:54:33.894053 [debug] [Thread-2 (]: Began executing node test.apc.not_null_mart_product_cost_actual_cost_per_unit.4266a8e5a0
[0m16:54:33.903441 [debug] [Thread-3 (]: Writing runtime sql for node "test.apc.not_null_mart_cost_component_detail_material_number.f8bd0b262a"
[0m16:54:33.911597 [debug] [Thread-2 (]: Writing runtime sql for node "test.apc.not_null_mart_product_cost_actual_cost_per_unit.4266a8e5a0"
[0m16:54:33.913323 [debug] [Thread-3 (]: Using snowflake connection "test.apc.not_null_mart_cost_component_detail_material_number.f8bd0b262a"
[0m16:54:33.914619 [debug] [Thread-2 (]: Using snowflake connection "test.apc.not_null_mart_product_cost_actual_cost_per_unit.4266a8e5a0"
[0m16:54:33.915353 [debug] [Thread-3 (]: On test.apc.not_null_mart_cost_component_detail_material_number.f8bd0b262a: /* {"app": "dbt", "dbt_version": "1.9.4", "profile_name": "default", "target_name": "dev", "node_id": "test.apc.not_null_mart_cost_component_detail_material_number.f8bd0b262a"} */
select
      count(*) as failures,
      count(*) != 0 as should_warn,
      count(*) != 0 as should_error
    from (
      
    
    



select material_number
from APC_DEPLOY_DB.DBT_ANALYTICS.mart_cost_component_detail
where material_number is null



      
    ) dbt_internal_test
[0m16:54:33.916154 [debug] [Thread-2 (]: On test.apc.not_null_mart_product_cost_actual_cost_per_unit.4266a8e5a0: /* {"app": "dbt", "dbt_version": "1.9.4", "profile_name": "default", "target_name": "dev", "node_id": "test.apc.not_null_mart_product_cost_actual_cost_per_unit.4266a8e5a0"} */
select
      count(*) as failures,
      count(*) != 0 as should_warn,
      count(*) != 0 as should_error
    from (
      
    
    



select actual_cost_per_unit
from APC_DEPLOY_DB.DBT_ANALYTICS.mart_product_cost
where actual_cost_per_unit is null



      
    ) dbt_internal_test
[0m16:54:33.916850 [debug] [Thread-3 (]: Opening a new connection, currently in state init
[0m16:54:33.917479 [debug] [Thread-2 (]: Opening a new connection, currently in state init
[0m16:54:33.987058 [debug] [Thread-5 (]: SQL status: SUCCESS 1 in 0.741 seconds
[0m16:54:33.990779 [info ] [Thread-5 (]: 15 of 44 PASS not_null_mart_cost_budget_budget_cost ............................ [[32mPASS[0m in 0.77s]
[0m16:54:34.009493 [debug] [Thread-5 (]: Finished running node test.apc.not_null_mart_cost_budget_budget_cost.0343542b64
[0m16:54:34.010771 [debug] [Thread-5 (]: Began running node test.apc.not_null_mart_product_cost_cost_variance_pct.8564ce539b
[0m16:54:34.011687 [info ] [Thread-5 (]: 19 of 44 START test not_null_mart_product_cost_cost_variance_pct ............... [RUN]
[0m16:54:34.012637 [debug] [Thread-5 (]: Re-using an available connection from the pool (formerly test.apc.not_null_mart_cost_budget_budget_cost.0343542b64, now test.apc.not_null_mart_product_cost_cost_variance_pct.8564ce539b)
[0m16:54:34.013356 [debug] [Thread-5 (]: Began compiling node test.apc.not_null_mart_product_cost_cost_variance_pct.8564ce539b
[0m16:54:34.143769 [debug] [Thread-5 (]: Writing injected SQL for node "test.apc.not_null_mart_product_cost_cost_variance_pct.8564ce539b"
[0m16:54:34.145355 [debug] [Thread-5 (]: Began executing node test.apc.not_null_mart_product_cost_cost_variance_pct.8564ce539b
[0m16:54:34.153631 [debug] [Thread-5 (]: Writing runtime sql for node "test.apc.not_null_mart_product_cost_cost_variance_pct.8564ce539b"
[0m16:54:34.155294 [debug] [Thread-5 (]: Using snowflake connection "test.apc.not_null_mart_product_cost_cost_variance_pct.8564ce539b"
[0m16:54:34.156088 [debug] [Thread-5 (]: On test.apc.not_null_mart_product_cost_cost_variance_pct.8564ce539b: /* {"app": "dbt", "dbt_version": "1.9.4", "profile_name": "default", "target_name": "dev", "node_id": "test.apc.not_null_mart_product_cost_cost_variance_pct.8564ce539b"} */
select
      count(*) as failures,
      count(*) != 0 as should_warn,
      count(*) != 0 as should_error
    from (
      
    
    



select cost_variance_pct
from APC_DEPLOY_DB.DBT_ANALYTICS.mart_product_cost
where cost_variance_pct is null



      
    ) dbt_internal_test
[0m16:54:34.156803 [debug] [Thread-5 (]: Opening a new connection, currently in state init
[0m16:54:34.488522 [debug] [Thread-4 (]: SQL status: SUCCESS 1 in 0.828 seconds
[0m16:54:34.491600 [info ] [Thread-4 (]: 16 of 44 PASS not_null_mart_cost_component_detail_cost_component ............... [[32mPASS[0m in 0.86s]
[0m16:54:34.492654 [debug] [Thread-4 (]: Finished running node test.apc.not_null_mart_cost_component_detail_cost_component.a0c13940df
[0m16:54:34.493807 [debug] [Thread-4 (]: Began running node test.apc.not_null_mart_product_cost_material_number.09ad82bedf
[0m16:54:34.494611 [info ] [Thread-4 (]: 20 of 44 START test not_null_mart_product_cost_material_number ................. [RUN]
[0m16:54:34.495517 [debug] [Thread-4 (]: Re-using an available connection from the pool (formerly test.apc.not_null_mart_cost_component_detail_cost_component.a0c13940df, now test.apc.not_null_mart_product_cost_material_number.09ad82bedf)
[0m16:54:34.496212 [debug] [Thread-4 (]: Began compiling node test.apc.not_null_mart_product_cost_material_number.09ad82bedf
[0m16:54:34.507652 [debug] [Thread-4 (]: Writing injected SQL for node "test.apc.not_null_mart_product_cost_material_number.09ad82bedf"
[0m16:54:34.508712 [debug] [Thread-4 (]: Began executing node test.apc.not_null_mart_product_cost_material_number.09ad82bedf
[0m16:54:34.516845 [debug] [Thread-4 (]: Writing runtime sql for node "test.apc.not_null_mart_product_cost_material_number.09ad82bedf"
[0m16:54:34.518368 [debug] [Thread-4 (]: Using snowflake connection "test.apc.not_null_mart_product_cost_material_number.09ad82bedf"
[0m16:54:34.526039 [debug] [Thread-4 (]: On test.apc.not_null_mart_product_cost_material_number.09ad82bedf: /* {"app": "dbt", "dbt_version": "1.9.4", "profile_name": "default", "target_name": "dev", "node_id": "test.apc.not_null_mart_product_cost_material_number.09ad82bedf"} */
select
      count(*) as failures,
      count(*) != 0 as should_warn,
      count(*) != 0 as should_error
    from (
      
    
    



select material_number
from APC_DEPLOY_DB.DBT_ANALYTICS.mart_product_cost
where material_number is null



      
    ) dbt_internal_test
[0m16:54:34.526828 [debug] [Thread-4 (]: Opening a new connection, currently in state init
[0m16:54:34.647842 [debug] [Thread-3 (]: SQL status: SUCCESS 1 in 0.731 seconds
[0m16:54:34.650911 [info ] [Thread-3 (]: 17 of 44 PASS not_null_mart_cost_component_detail_material_number .............. [[32mPASS[0m in 0.79s]
[0m16:54:34.652302 [debug] [Thread-2 (]: SQL status: SUCCESS 1 in 0.735 seconds
[0m16:54:34.653277 [debug] [Thread-3 (]: Finished running node test.apc.not_null_mart_cost_component_detail_material_number.f8bd0b262a
[0m16:54:34.656058 [info ] [Thread-2 (]: 18 of 44 PASS not_null_mart_product_cost_actual_cost_per_unit .................. [[32mPASS[0m in 0.79s]
[0m16:54:34.659443 [debug] [Thread-3 (]: Began running node test.apc.not_null_mart_product_cost_monthly_avg_variance_pct.a80051a083
[0m16:54:34.660540 [debug] [Thread-2 (]: Finished running node test.apc.not_null_mart_product_cost_actual_cost_per_unit.4266a8e5a0
[0m16:54:34.661329 [info ] [Thread-3 (]: 21 of 44 START test not_null_mart_product_cost_monthly_avg_variance_pct ........ [RUN]
[0m16:54:34.662567 [debug] [Thread-2 (]: Began running node test.apc.not_null_mart_product_cost_monthly_material_number.e073106e05
[0m16:54:34.663532 [debug] [Thread-3 (]: Re-using an available connection from the pool (formerly test.apc.not_null_mart_cost_component_detail_material_number.f8bd0b262a, now test.apc.not_null_mart_product_cost_monthly_avg_variance_pct.a80051a083)
[0m16:54:34.664309 [info ] [Thread-2 (]: 22 of 44 START test not_null_mart_product_cost_monthly_material_number ......... [RUN]
[0m16:54:34.665062 [debug] [Thread-3 (]: Began compiling node test.apc.not_null_mart_product_cost_monthly_avg_variance_pct.a80051a083
[0m16:54:34.665899 [debug] [Thread-2 (]: Re-using an available connection from the pool (formerly test.apc.not_null_mart_product_cost_actual_cost_per_unit.4266a8e5a0, now test.apc.not_null_mart_product_cost_monthly_material_number.e073106e05)
[0m16:54:34.676275 [debug] [Thread-3 (]: Writing injected SQL for node "test.apc.not_null_mart_product_cost_monthly_avg_variance_pct.a80051a083"
[0m16:54:34.677106 [debug] [Thread-2 (]: Began compiling node test.apc.not_null_mart_product_cost_monthly_material_number.e073106e05
[0m16:54:34.683619 [debug] [Thread-3 (]: Began executing node test.apc.not_null_mart_product_cost_monthly_avg_variance_pct.a80051a083
[0m16:54:34.695250 [debug] [Thread-2 (]: Writing injected SQL for node "test.apc.not_null_mart_product_cost_monthly_material_number.e073106e05"
[0m16:54:34.704077 [debug] [Thread-3 (]: Writing runtime sql for node "test.apc.not_null_mart_product_cost_monthly_avg_variance_pct.a80051a083"
[0m16:54:34.705214 [debug] [Thread-2 (]: Began executing node test.apc.not_null_mart_product_cost_monthly_material_number.e073106e05
[0m16:54:34.706530 [debug] [Thread-3 (]: Using snowflake connection "test.apc.not_null_mart_product_cost_monthly_avg_variance_pct.a80051a083"
[0m16:54:34.715740 [debug] [Thread-2 (]: Writing runtime sql for node "test.apc.not_null_mart_product_cost_monthly_material_number.e073106e05"
[0m16:54:34.716567 [debug] [Thread-3 (]: On test.apc.not_null_mart_product_cost_monthly_avg_variance_pct.a80051a083: /* {"app": "dbt", "dbt_version": "1.9.4", "profile_name": "default", "target_name": "dev", "node_id": "test.apc.not_null_mart_product_cost_monthly_avg_variance_pct.a80051a083"} */
select
      count(*) as failures,
      count(*) != 0 as should_warn,
      count(*) != 0 as should_error
    from (
      
    
    



select avg_variance_pct
from APC_DEPLOY_DB.DBT_ANALYTICS.mart_product_cost_monthly
where avg_variance_pct is null



      
    ) dbt_internal_test
[0m16:54:34.717621 [debug] [Thread-3 (]: Opening a new connection, currently in state init
[0m16:54:34.719097 [debug] [Thread-2 (]: Using snowflake connection "test.apc.not_null_mart_product_cost_monthly_material_number.e073106e05"
[0m16:54:34.720039 [debug] [Thread-2 (]: On test.apc.not_null_mart_product_cost_monthly_material_number.e073106e05: /* {"app": "dbt", "dbt_version": "1.9.4", "profile_name": "default", "target_name": "dev", "node_id": "test.apc.not_null_mart_product_cost_monthly_material_number.e073106e05"} */
select
      count(*) as failures,
      count(*) != 0 as should_warn,
      count(*) != 0 as should_error
    from (
      
    
    



select material_number
from APC_DEPLOY_DB.DBT_ANALYTICS.mart_product_cost_monthly
where material_number is null



      
    ) dbt_internal_test
[0m16:54:34.720817 [debug] [Thread-2 (]: Opening a new connection, currently in state init
[0m16:54:34.769248 [debug] [Thread-5 (]: SQL status: SUCCESS 1 in 0.612 seconds
[0m16:54:34.772255 [info ] [Thread-5 (]: 19 of 44 PASS not_null_mart_product_cost_cost_variance_pct ..................... [[32mPASS[0m in 0.76s]
[0m16:54:34.773251 [debug] [Thread-5 (]: Finished running node test.apc.not_null_mart_product_cost_cost_variance_pct.8564ce539b
[0m16:54:34.774378 [debug] [Thread-5 (]: Began running node test.apc.not_null_mart_product_cost_standard_cost_per_unit.96b812691c
[0m16:54:34.775205 [info ] [Thread-5 (]: 23 of 44 START test not_null_mart_product_cost_standard_cost_per_unit .......... [RUN]
[0m16:54:34.793190 [debug] [Thread-5 (]: Re-using an available connection from the pool (formerly test.apc.not_null_mart_product_cost_cost_variance_pct.8564ce539b, now test.apc.not_null_mart_product_cost_standard_cost_per_unit.96b812691c)
[0m16:54:34.794530 [debug] [Thread-5 (]: Began compiling node test.apc.not_null_mart_product_cost_standard_cost_per_unit.96b812691c
[0m16:54:34.806209 [debug] [Thread-5 (]: Writing injected SQL for node "test.apc.not_null_mart_product_cost_standard_cost_per_unit.96b812691c"
[0m16:54:34.807743 [debug] [Thread-5 (]: Began executing node test.apc.not_null_mart_product_cost_standard_cost_per_unit.96b812691c
[0m16:54:34.816991 [debug] [Thread-5 (]: Writing runtime sql for node "test.apc.not_null_mart_product_cost_standard_cost_per_unit.96b812691c"
[0m16:54:34.818483 [debug] [Thread-5 (]: Using snowflake connection "test.apc.not_null_mart_product_cost_standard_cost_per_unit.96b812691c"
[0m16:54:34.819240 [debug] [Thread-5 (]: On test.apc.not_null_mart_product_cost_standard_cost_per_unit.96b812691c: /* {"app": "dbt", "dbt_version": "1.9.4", "profile_name": "default", "target_name": "dev", "node_id": "test.apc.not_null_mart_product_cost_standard_cost_per_unit.96b812691c"} */
select
      count(*) as failures,
      count(*) != 0 as should_warn,
      count(*) != 0 as should_error
    from (
      
    
    



select standard_cost_per_unit
from APC_DEPLOY_DB.DBT_ANALYTICS.mart_product_cost
where standard_cost_per_unit is null



      
    ) dbt_internal_test
[0m16:54:34.819884 [debug] [Thread-5 (]: Opening a new connection, currently in state init
[0m16:54:35.163390 [debug] [Thread-4 (]: SQL status: SUCCESS 1 in 0.636 seconds
[0m16:54:35.166365 [info ] [Thread-4 (]: 20 of 44 PASS not_null_mart_product_cost_material_number ....................... [[32mPASS[0m in 0.67s]
[0m16:54:35.167339 [debug] [Thread-4 (]: Finished running node test.apc.not_null_mart_product_cost_material_number.09ad82bedf
[0m16:54:35.168480 [debug] [Thread-4 (]: Began running node test.apc.not_null_mart_product_profitability_MATERIAL_NUMBER.5e713beffa
[0m16:54:35.169289 [info ] [Thread-4 (]: 24 of 44 START test not_null_mart_product_profitability_MATERIAL_NUMBER ........ [RUN]
[0m16:54:35.170117 [debug] [Thread-4 (]: Re-using an available connection from the pool (formerly test.apc.not_null_mart_product_cost_material_number.09ad82bedf, now test.apc.not_null_mart_product_profitability_MATERIAL_NUMBER.5e713beffa)
[0m16:54:35.170747 [debug] [Thread-4 (]: Began compiling node test.apc.not_null_mart_product_profitability_MATERIAL_NUMBER.5e713beffa
[0m16:54:35.180848 [debug] [Thread-4 (]: Writing injected SQL for node "test.apc.not_null_mart_product_profitability_MATERIAL_NUMBER.5e713beffa"
[0m16:54:35.181814 [debug] [Thread-4 (]: Began executing node test.apc.not_null_mart_product_profitability_MATERIAL_NUMBER.5e713beffa
[0m16:54:35.190991 [debug] [Thread-4 (]: Writing runtime sql for node "test.apc.not_null_mart_product_profitability_MATERIAL_NUMBER.5e713beffa"
[0m16:54:35.192371 [debug] [Thread-4 (]: Using snowflake connection "test.apc.not_null_mart_product_profitability_MATERIAL_NUMBER.5e713beffa"
[0m16:54:35.193132 [debug] [Thread-4 (]: On test.apc.not_null_mart_product_profitability_MATERIAL_NUMBER.5e713beffa: /* {"app": "dbt", "dbt_version": "1.9.4", "profile_name": "default", "target_name": "dev", "node_id": "test.apc.not_null_mart_product_profitability_MATERIAL_NUMBER.5e713beffa"} */
select
      count(*) as failures,
      count(*) != 0 as should_warn,
      count(*) != 0 as should_error
    from (
      
    
    



select MATERIAL_NUMBER
from APC_DEPLOY_DB.DBT_ANALYTICS.mart_product_profitability
where MATERIAL_NUMBER is null



      
    ) dbt_internal_test
[0m16:54:35.193823 [debug] [Thread-4 (]: Opening a new connection, currently in state init
[0m16:54:35.422556 [debug] [Thread-3 (]: SQL status: SUCCESS 1 in 0.705 seconds
[0m16:54:35.429075 [info ] [Thread-3 (]: 21 of 44 PASS not_null_mart_product_cost_monthly_avg_variance_pct .............. [[32mPASS[0m in 0.77s]
[0m16:54:35.430572 [debug] [Thread-2 (]: SQL status: SUCCESS 1 in 0.710 seconds
[0m16:54:35.431574 [debug] [Thread-3 (]: Finished running node test.apc.not_null_mart_product_cost_monthly_avg_variance_pct.a80051a083
[0m16:54:35.434511 [info ] [Thread-2 (]: 22 of 44 PASS not_null_mart_product_cost_monthly_material_number ............... [[32mPASS[0m in 0.77s]
[0m16:54:35.435798 [debug] [Thread-3 (]: Began running node test.apc.not_null_mart_product_profitability_REVENUE.d405616edb
[0m16:54:35.436793 [debug] [Thread-2 (]: Finished running node test.apc.not_null_mart_product_cost_monthly_material_number.e073106e05
[0m16:54:35.437521 [info ] [Thread-3 (]: 25 of 44 START test not_null_mart_product_profitability_REVENUE ................ [RUN]
[0m16:54:35.438718 [debug] [Thread-2 (]: Began running node test.apc.not_null_mart_product_risk_scores_MATERIAL_NUMBER.ec1b33c667
[0m16:54:35.439655 [debug] [Thread-3 (]: Re-using an available connection from the pool (formerly test.apc.not_null_mart_product_cost_monthly_avg_variance_pct.a80051a083, now test.apc.not_null_mart_product_profitability_REVENUE.d405616edb)
[0m16:54:35.440343 [info ] [Thread-2 (]: 26 of 44 START test not_null_mart_product_risk_scores_MATERIAL_NUMBER .......... [RUN]
[0m16:54:35.441039 [debug] [Thread-3 (]: Began compiling node test.apc.not_null_mart_product_profitability_REVENUE.d405616edb
[0m16:54:35.441796 [debug] [Thread-2 (]: Re-using an available connection from the pool (formerly test.apc.not_null_mart_product_cost_monthly_material_number.e073106e05, now test.apc.not_null_mart_product_risk_scores_MATERIAL_NUMBER.ec1b33c667)
[0m16:54:35.452242 [debug] [Thread-3 (]: Writing injected SQL for node "test.apc.not_null_mart_product_profitability_REVENUE.d405616edb"
[0m16:54:35.453160 [debug] [Thread-2 (]: Began compiling node test.apc.not_null_mart_product_risk_scores_MATERIAL_NUMBER.ec1b33c667
[0m16:54:35.464903 [debug] [Thread-3 (]: Began executing node test.apc.not_null_mart_product_profitability_REVENUE.d405616edb
[0m16:54:35.467195 [debug] [Thread-2 (]: Writing injected SQL for node "test.apc.not_null_mart_product_risk_scores_MATERIAL_NUMBER.ec1b33c667"
[0m16:54:35.475999 [debug] [Thread-3 (]: Writing runtime sql for node "test.apc.not_null_mart_product_profitability_REVENUE.d405616edb"
[0m16:54:35.477328 [debug] [Thread-2 (]: Began executing node test.apc.not_null_mart_product_risk_scores_MATERIAL_NUMBER.ec1b33c667
[0m16:54:35.478641 [debug] [Thread-3 (]: Using snowflake connection "test.apc.not_null_mart_product_profitability_REVENUE.d405616edb"
[0m16:54:35.486745 [debug] [Thread-2 (]: Writing runtime sql for node "test.apc.not_null_mart_product_risk_scores_MATERIAL_NUMBER.ec1b33c667"
[0m16:54:35.487662 [debug] [Thread-3 (]: On test.apc.not_null_mart_product_profitability_REVENUE.d405616edb: /* {"app": "dbt", "dbt_version": "1.9.4", "profile_name": "default", "target_name": "dev", "node_id": "test.apc.not_null_mart_product_profitability_REVENUE.d405616edb"} */
select
      count(*) as failures,
      count(*) != 0 as should_warn,
      count(*) != 0 as should_error
    from (
      
    
    



select REVENUE
from APC_DEPLOY_DB.DBT_ANALYTICS.mart_product_profitability
where REVENUE is null



      
    ) dbt_internal_test
[0m16:54:35.488790 [debug] [Thread-3 (]: Opening a new connection, currently in state init
[0m16:54:35.490109 [debug] [Thread-2 (]: Using snowflake connection "test.apc.not_null_mart_product_risk_scores_MATERIAL_NUMBER.ec1b33c667"
[0m16:54:35.491046 [debug] [Thread-2 (]: On test.apc.not_null_mart_product_risk_scores_MATERIAL_NUMBER.ec1b33c667: /* {"app": "dbt", "dbt_version": "1.9.4", "profile_name": "default", "target_name": "dev", "node_id": "test.apc.not_null_mart_product_risk_scores_MATERIAL_NUMBER.ec1b33c667"} */
select
      count(*) as failures,
      count(*) != 0 as should_warn,
      count(*) != 0 as should_error
    from (
      
    
    



select MATERIAL_NUMBER
from APC_DEPLOY_DB.DBT_ANALYTICS.mart_product_risk_scores
where MATERIAL_NUMBER is null



      
    ) dbt_internal_test
[0m16:54:35.491736 [debug] [Thread-2 (]: Opening a new connection, currently in state init
[0m16:54:35.503263 [debug] [Thread-5 (]: SQL status: SUCCESS 1 in 0.683 seconds
[0m16:54:35.506233 [info ] [Thread-5 (]: 23 of 44 PASS not_null_mart_product_cost_standard_cost_per_unit ................ [[32mPASS[0m in 0.71s]
[0m16:54:35.507206 [debug] [Thread-5 (]: Finished running node test.apc.not_null_mart_product_cost_standard_cost_per_unit.96b812691c
[0m16:54:35.508392 [debug] [Thread-5 (]: Began running node test.apc.not_null_mart_sales_forecast_MATERIAL_NUMBER.e8daaea235
[0m16:54:35.509216 [info ] [Thread-5 (]: 27 of 44 START test not_null_mart_sales_forecast_MATERIAL_NUMBER ............... [RUN]
[0m16:54:35.510050 [debug] [Thread-5 (]: Re-using an available connection from the pool (formerly test.apc.not_null_mart_product_cost_standard_cost_per_unit.96b812691c, now test.apc.not_null_mart_sales_forecast_MATERIAL_NUMBER.e8daaea235)
[0m16:54:35.510679 [debug] [Thread-5 (]: Began compiling node test.apc.not_null_mart_sales_forecast_MATERIAL_NUMBER.e8daaea235
[0m16:54:35.521810 [debug] [Thread-5 (]: Writing injected SQL for node "test.apc.not_null_mart_sales_forecast_MATERIAL_NUMBER.e8daaea235"
[0m16:54:35.522815 [debug] [Thread-5 (]: Began executing node test.apc.not_null_mart_sales_forecast_MATERIAL_NUMBER.e8daaea235
[0m16:54:35.531169 [debug] [Thread-5 (]: Writing runtime sql for node "test.apc.not_null_mart_sales_forecast_MATERIAL_NUMBER.e8daaea235"
[0m16:54:35.533235 [debug] [Thread-5 (]: Using snowflake connection "test.apc.not_null_mart_sales_forecast_MATERIAL_NUMBER.e8daaea235"
[0m16:54:35.534388 [debug] [Thread-5 (]: On test.apc.not_null_mart_sales_forecast_MATERIAL_NUMBER.e8daaea235: /* {"app": "dbt", "dbt_version": "1.9.4", "profile_name": "default", "target_name": "dev", "node_id": "test.apc.not_null_mart_sales_forecast_MATERIAL_NUMBER.e8daaea235"} */
select
      count(*) as failures,
      count(*) != 0 as should_warn,
      count(*) != 0 as should_error
    from (
      
    
    



select MATERIAL_NUMBER
from APC_DEPLOY_DB.DBT_ANALYTICS.mart_sales_forecast
where MATERIAL_NUMBER is null



      
    ) dbt_internal_test
[0m16:54:35.535341 [debug] [Thread-5 (]: Opening a new connection, currently in state init
[0m16:54:35.952515 [debug] [Thread-4 (]: SQL status: SUCCESS 1 in 0.758 seconds
[0m16:54:35.960770 [info ] [Thread-4 (]: 24 of 44 PASS not_null_mart_product_profitability_MATERIAL_NUMBER .............. [[32mPASS[0m in 0.79s]
[0m16:54:35.961791 [debug] [Thread-4 (]: Finished running node test.apc.not_null_mart_product_profitability_MATERIAL_NUMBER.5e713beffa
[0m16:54:35.962931 [debug] [Thread-4 (]: Began running node test.apc.not_null_stg_cost_components_material_number.27d3aba671
[0m16:54:35.963725 [info ] [Thread-4 (]: 28 of 44 START test not_null_stg_cost_components_material_number ............... [RUN]
[0m16:54:35.964516 [debug] [Thread-4 (]: Re-using an available connection from the pool (formerly test.apc.not_null_mart_product_profitability_MATERIAL_NUMBER.5e713beffa, now test.apc.not_null_stg_cost_components_material_number.27d3aba671)
[0m16:54:35.965162 [debug] [Thread-4 (]: Began compiling node test.apc.not_null_stg_cost_components_material_number.27d3aba671
[0m16:54:35.976317 [debug] [Thread-4 (]: Writing injected SQL for node "test.apc.not_null_stg_cost_components_material_number.27d3aba671"
[0m16:54:35.977311 [debug] [Thread-4 (]: Began executing node test.apc.not_null_stg_cost_components_material_number.27d3aba671
[0m16:54:35.985532 [debug] [Thread-4 (]: Writing runtime sql for node "test.apc.not_null_stg_cost_components_material_number.27d3aba671"
[0m16:54:35.986933 [debug] [Thread-4 (]: Using snowflake connection "test.apc.not_null_stg_cost_components_material_number.27d3aba671"
[0m16:54:35.987670 [debug] [Thread-4 (]: On test.apc.not_null_stg_cost_components_material_number.27d3aba671: /* {"app": "dbt", "dbt_version": "1.9.4", "profile_name": "default", "target_name": "dev", "node_id": "test.apc.not_null_stg_cost_components_material_number.27d3aba671"} */
select
      count(*) as failures,
      count(*) != 0 as should_warn,
      count(*) != 0 as should_error
    from (
      
    
    



select material_number
from APC_DEPLOY_DB.DBT_ANALYTICS.stg_cost_components
where material_number is null



      
    ) dbt_internal_test
[0m16:54:35.988394 [debug] [Thread-4 (]: Opening a new connection, currently in state init
[0m16:54:36.158485 [debug] [Thread-3 (]: SQL status: SUCCESS 1 in 0.669 seconds
[0m16:54:36.161566 [info ] [Thread-3 (]: 25 of 44 PASS not_null_mart_product_profitability_REVENUE ...................... [[32mPASS[0m in 0.72s]
[0m16:54:36.162611 [debug] [Thread-3 (]: Finished running node test.apc.not_null_mart_product_profitability_REVENUE.d405616edb
[0m16:54:36.163749 [debug] [Thread-3 (]: Began running node test.apc.not_null_stg_fx_rates_from_currency.789d8211d0
[0m16:54:36.164590 [info ] [Thread-3 (]: 29 of 44 START test not_null_stg_fx_rates_from_currency ........................ [RUN]
[0m16:54:36.165446 [debug] [Thread-3 (]: Re-using an available connection from the pool (formerly test.apc.not_null_mart_product_profitability_REVENUE.d405616edb, now test.apc.not_null_stg_fx_rates_from_currency.789d8211d0)
[0m16:54:36.166108 [debug] [Thread-3 (]: Began compiling node test.apc.not_null_stg_fx_rates_from_currency.789d8211d0
[0m16:54:36.177256 [debug] [Thread-3 (]: Writing injected SQL for node "test.apc.not_null_stg_fx_rates_from_currency.789d8211d0"
[0m16:54:36.179981 [debug] [Thread-3 (]: Began executing node test.apc.not_null_stg_fx_rates_from_currency.789d8211d0
[0m16:54:36.188029 [debug] [Thread-3 (]: Writing runtime sql for node "test.apc.not_null_stg_fx_rates_from_currency.789d8211d0"
[0m16:54:36.189539 [debug] [Thread-3 (]: Using snowflake connection "test.apc.not_null_stg_fx_rates_from_currency.789d8211d0"
[0m16:54:36.190343 [debug] [Thread-3 (]: On test.apc.not_null_stg_fx_rates_from_currency.789d8211d0: /* {"app": "dbt", "dbt_version": "1.9.4", "profile_name": "default", "target_name": "dev", "node_id": "test.apc.not_null_stg_fx_rates_from_currency.789d8211d0"} */
select
      count(*) as failures,
      count(*) != 0 as should_warn,
      count(*) != 0 as should_error
    from (
      
    
    



select from_currency
from APC_DEPLOY_DB.DBT_ANALYTICS.stg_fx_rates
where from_currency is null



      
    ) dbt_internal_test
[0m16:54:36.191035 [debug] [Thread-3 (]: Opening a new connection, currently in state init
[0m16:54:36.223527 [debug] [Thread-5 (]: SQL status: SUCCESS 1 in 0.688 seconds
[0m16:54:36.226808 [info ] [Thread-5 (]: 27 of 44 PASS not_null_mart_sales_forecast_MATERIAL_NUMBER ..................... [[32mPASS[0m in 0.72s]
[0m16:54:36.227876 [debug] [Thread-5 (]: Finished running node test.apc.not_null_mart_sales_forecast_MATERIAL_NUMBER.e8daaea235
[0m16:54:36.229153 [debug] [Thread-5 (]: Began running node test.apc.not_null_stg_fx_rates_usd_per_unit.c266c25427
[0m16:54:36.230062 [info ] [Thread-5 (]: 30 of 44 START test not_null_stg_fx_rates_usd_per_unit ......................... [RUN]
[0m16:54:36.231012 [debug] [Thread-5 (]: Re-using an available connection from the pool (formerly test.apc.not_null_mart_sales_forecast_MATERIAL_NUMBER.e8daaea235, now test.apc.not_null_stg_fx_rates_usd_per_unit.c266c25427)
[0m16:54:36.231720 [debug] [Thread-5 (]: Began compiling node test.apc.not_null_stg_fx_rates_usd_per_unit.c266c25427
[0m16:54:36.243002 [debug] [Thread-5 (]: Writing injected SQL for node "test.apc.not_null_stg_fx_rates_usd_per_unit.c266c25427"
[0m16:54:36.244414 [debug] [Thread-2 (]: SQL status: SUCCESS 1 in 0.753 seconds
[0m16:54:36.247795 [info ] [Thread-2 (]: 26 of 44 PASS not_null_mart_product_risk_scores_MATERIAL_NUMBER ................ [[32mPASS[0m in 0.81s]
[0m16:54:36.249402 [debug] [Thread-5 (]: Began executing node test.apc.not_null_stg_fx_rates_usd_per_unit.c266c25427
[0m16:54:36.258135 [debug] [Thread-2 (]: Finished running node test.apc.not_null_mart_product_risk_scores_MATERIAL_NUMBER.ec1b33c667
[0m16:54:36.266715 [debug] [Thread-5 (]: Writing runtime sql for node "test.apc.not_null_stg_fx_rates_usd_per_unit.c266c25427"
[0m16:54:36.268063 [debug] [Thread-2 (]: Began running node test.apc.not_null_stg_ledger_postings_amount_local.445034c428
[0m16:54:36.269407 [info ] [Thread-2 (]: 31 of 44 START test not_null_stg_ledger_postings_amount_local .................. [RUN]
[0m16:54:36.270724 [debug] [Thread-5 (]: Using snowflake connection "test.apc.not_null_stg_fx_rates_usd_per_unit.c266c25427"
[0m16:54:36.271844 [debug] [Thread-2 (]: Re-using an available connection from the pool (formerly test.apc.not_null_mart_product_risk_scores_MATERIAL_NUMBER.ec1b33c667, now test.apc.not_null_stg_ledger_postings_amount_local.445034c428)
[0m16:54:36.272643 [debug] [Thread-5 (]: On test.apc.not_null_stg_fx_rates_usd_per_unit.c266c25427: /* {"app": "dbt", "dbt_version": "1.9.4", "profile_name": "default", "target_name": "dev", "node_id": "test.apc.not_null_stg_fx_rates_usd_per_unit.c266c25427"} */
select
      count(*) as failures,
      count(*) != 0 as should_warn,
      count(*) != 0 as should_error
    from (
      
    
    



select usd_per_unit
from APC_DEPLOY_DB.DBT_ANALYTICS.stg_fx_rates
where usd_per_unit is null



      
    ) dbt_internal_test
[0m16:54:36.273443 [debug] [Thread-2 (]: Began compiling node test.apc.not_null_stg_ledger_postings_amount_local.445034c428
[0m16:54:36.274131 [debug] [Thread-5 (]: Opening a new connection, currently in state init
[0m16:54:36.290180 [debug] [Thread-2 (]: Writing injected SQL for node "test.apc.not_null_stg_ledger_postings_amount_local.445034c428"
[0m16:54:36.292179 [debug] [Thread-2 (]: Began executing node test.apc.not_null_stg_ledger_postings_amount_local.445034c428
[0m16:54:36.423208 [debug] [Thread-2 (]: Writing runtime sql for node "test.apc.not_null_stg_ledger_postings_amount_local.445034c428"
[0m16:54:36.425525 [debug] [Thread-2 (]: Using snowflake connection "test.apc.not_null_stg_ledger_postings_amount_local.445034c428"
[0m16:54:36.426348 [debug] [Thread-2 (]: On test.apc.not_null_stg_ledger_postings_amount_local.445034c428: /* {"app": "dbt", "dbt_version": "1.9.4", "profile_name": "default", "target_name": "dev", "node_id": "test.apc.not_null_stg_ledger_postings_amount_local.445034c428"} */
select
      count(*) as failures,
      count(*) != 0 as should_warn,
      count(*) != 0 as should_error
    from (
      
    
    



select amount_local
from APC_DEPLOY_DB.DBT_ANALYTICS.stg_ledger_postings
where amount_local is null



      
    ) dbt_internal_test
[0m16:54:36.427077 [debug] [Thread-2 (]: Opening a new connection, currently in state init
[0m16:54:36.699034 [debug] [Thread-4 (]: SQL status: SUCCESS 1 in 0.711 seconds
[0m16:54:36.702072 [info ] [Thread-4 (]: 28 of 44 PASS not_null_stg_cost_components_material_number ..................... [[32mPASS[0m in 0.74s]
[0m16:54:36.708352 [debug] [Thread-4 (]: Finished running node test.apc.not_null_stg_cost_components_material_number.27d3aba671
[0m16:54:36.709613 [debug] [Thread-4 (]: Began running node test.apc.not_null_stg_ledger_postings_material_number.83eed49392
[0m16:54:36.710503 [info ] [Thread-4 (]: 32 of 44 START test not_null_stg_ledger_postings_material_number ............... [RUN]
[0m16:54:36.711390 [debug] [Thread-4 (]: Re-using an available connection from the pool (formerly test.apc.not_null_stg_cost_components_material_number.27d3aba671, now test.apc.not_null_stg_ledger_postings_material_number.83eed49392)
[0m16:54:36.712071 [debug] [Thread-4 (]: Began compiling node test.apc.not_null_stg_ledger_postings_material_number.83eed49392
[0m16:54:36.722363 [debug] [Thread-4 (]: Writing injected SQL for node "test.apc.not_null_stg_ledger_postings_material_number.83eed49392"
[0m16:54:36.723314 [debug] [Thread-4 (]: Began executing node test.apc.not_null_stg_ledger_postings_material_number.83eed49392
[0m16:54:36.732707 [debug] [Thread-4 (]: Writing runtime sql for node "test.apc.not_null_stg_ledger_postings_material_number.83eed49392"
[0m16:54:36.735939 [debug] [Thread-4 (]: Using snowflake connection "test.apc.not_null_stg_ledger_postings_material_number.83eed49392"
[0m16:54:36.736757 [debug] [Thread-4 (]: On test.apc.not_null_stg_ledger_postings_material_number.83eed49392: /* {"app": "dbt", "dbt_version": "1.9.4", "profile_name": "default", "target_name": "dev", "node_id": "test.apc.not_null_stg_ledger_postings_material_number.83eed49392"} */
select
      count(*) as failures,
      count(*) != 0 as should_warn,
      count(*) != 0 as should_error
    from (
      
    
    



select material_number
from APC_DEPLOY_DB.DBT_ANALYTICS.stg_ledger_postings
where material_number is null



      
    ) dbt_internal_test
[0m16:54:36.737462 [debug] [Thread-4 (]: Opening a new connection, currently in state init
[0m16:54:36.938795 [debug] [Thread-3 (]: SQL status: SUCCESS 1 in 0.748 seconds
[0m16:54:36.942272 [info ] [Thread-3 (]: 29 of 44 PASS not_null_stg_fx_rates_from_currency .............................. [[32mPASS[0m in 0.78s]
[0m16:54:36.943284 [debug] [Thread-3 (]: Finished running node test.apc.not_null_stg_fx_rates_from_currency.789d8211d0
[0m16:54:36.944401 [debug] [Thread-3 (]: Began running node test.apc.not_null_stg_ledger_postings_plant_code.4b887d1f83
[0m16:54:36.945250 [info ] [Thread-3 (]: 33 of 44 START test not_null_stg_ledger_postings_plant_code .................... [RUN]
[0m16:54:36.946128 [debug] [Thread-3 (]: Re-using an available connection from the pool (formerly test.apc.not_null_stg_fx_rates_from_currency.789d8211d0, now test.apc.not_null_stg_ledger_postings_plant_code.4b887d1f83)
[0m16:54:36.946808 [debug] [Thread-3 (]: Began compiling node test.apc.not_null_stg_ledger_postings_plant_code.4b887d1f83
[0m16:54:36.958648 [debug] [Thread-3 (]: Writing injected SQL for node "test.apc.not_null_stg_ledger_postings_plant_code.4b887d1f83"
[0m16:54:36.960096 [debug] [Thread-3 (]: Began executing node test.apc.not_null_stg_ledger_postings_plant_code.4b887d1f83
[0m16:54:36.969871 [debug] [Thread-3 (]: Writing runtime sql for node "test.apc.not_null_stg_ledger_postings_plant_code.4b887d1f83"
[0m16:54:36.971232 [debug] [Thread-3 (]: Using snowflake connection "test.apc.not_null_stg_ledger_postings_plant_code.4b887d1f83"
[0m16:54:36.971940 [debug] [Thread-3 (]: On test.apc.not_null_stg_ledger_postings_plant_code.4b887d1f83: /* {"app": "dbt", "dbt_version": "1.9.4", "profile_name": "default", "target_name": "dev", "node_id": "test.apc.not_null_stg_ledger_postings_plant_code.4b887d1f83"} */
select
      count(*) as failures,
      count(*) != 0 as should_warn,
      count(*) != 0 as should_error
    from (
      
    
    



select plant_code
from APC_DEPLOY_DB.DBT_ANALYTICS.stg_ledger_postings
where plant_code is null



      
    ) dbt_internal_test
[0m16:54:36.972591 [debug] [Thread-3 (]: Opening a new connection, currently in state init
[0m16:54:37.289217 [debug] [Thread-5 (]: SQL status: SUCCESS 1 in 1.015 seconds
[0m16:54:37.292218 [info ] [Thread-5 (]: 30 of 44 PASS not_null_stg_fx_rates_usd_per_unit ............................... [[32mPASS[0m in 1.06s]
[0m16:54:37.293192 [debug] [Thread-5 (]: Finished running node test.apc.not_null_stg_fx_rates_usd_per_unit.c266c25427
[0m16:54:37.294286 [debug] [Thread-5 (]: Began running node test.apc.not_null_stg_material_master_material_number.05b3ee2b60
[0m16:54:37.295113 [info ] [Thread-5 (]: 34 of 44 START test not_null_stg_material_master_material_number ............... [RUN]
[0m16:54:37.299284 [debug] [Thread-5 (]: Re-using an available connection from the pool (formerly test.apc.not_null_stg_fx_rates_usd_per_unit.c266c25427, now test.apc.not_null_stg_material_master_material_number.05b3ee2b60)
[0m16:54:37.300288 [debug] [Thread-5 (]: Began compiling node test.apc.not_null_stg_material_master_material_number.05b3ee2b60
[0m16:54:37.310531 [debug] [Thread-5 (]: Writing injected SQL for node "test.apc.not_null_stg_material_master_material_number.05b3ee2b60"
[0m16:54:37.311523 [debug] [Thread-5 (]: Began executing node test.apc.not_null_stg_material_master_material_number.05b3ee2b60
[0m16:54:37.321020 [debug] [Thread-5 (]: Writing runtime sql for node "test.apc.not_null_stg_material_master_material_number.05b3ee2b60"
[0m16:54:37.322391 [debug] [Thread-5 (]: Using snowflake connection "test.apc.not_null_stg_material_master_material_number.05b3ee2b60"
[0m16:54:37.323150 [debug] [Thread-5 (]: On test.apc.not_null_stg_material_master_material_number.05b3ee2b60: /* {"app": "dbt", "dbt_version": "1.9.4", "profile_name": "default", "target_name": "dev", "node_id": "test.apc.not_null_stg_material_master_material_number.05b3ee2b60"} */
select
      count(*) as failures,
      count(*) != 0 as should_warn,
      count(*) != 0 as should_error
    from (
      
    
    



select material_number
from APC_DEPLOY_DB.DBT_ANALYTICS.stg_material_master
where material_number is null



      
    ) dbt_internal_test
[0m16:54:37.323825 [debug] [Thread-5 (]: Opening a new connection, currently in state init
[0m16:54:37.508373 [debug] [Thread-2 (]: SQL status: SUCCESS 1 in 1.081 seconds
[0m16:54:37.511365 [info ] [Thread-2 (]: 31 of 44 PASS not_null_stg_ledger_postings_amount_local ........................ [[32mPASS[0m in 1.24s]
[0m16:54:37.512396 [debug] [Thread-2 (]: Finished running node test.apc.not_null_stg_ledger_postings_amount_local.445034c428
[0m16:54:37.513538 [debug] [Thread-2 (]: Began running node test.apc.not_null_stg_plant_local_currency.6991f0929a
[0m16:54:37.514362 [info ] [Thread-2 (]: 35 of 44 START test not_null_stg_plant_local_currency .......................... [RUN]
[0m16:54:37.515182 [debug] [Thread-2 (]: Re-using an available connection from the pool (formerly test.apc.not_null_stg_ledger_postings_amount_local.445034c428, now test.apc.not_null_stg_plant_local_currency.6991f0929a)
[0m16:54:37.515842 [debug] [Thread-2 (]: Began compiling node test.apc.not_null_stg_plant_local_currency.6991f0929a
[0m16:54:37.526040 [debug] [Thread-2 (]: Writing injected SQL for node "test.apc.not_null_stg_plant_local_currency.6991f0929a"
[0m16:54:37.527031 [debug] [Thread-2 (]: Began executing node test.apc.not_null_stg_plant_local_currency.6991f0929a
[0m16:54:37.536463 [debug] [Thread-2 (]: Writing runtime sql for node "test.apc.not_null_stg_plant_local_currency.6991f0929a"
[0m16:54:37.537832 [debug] [Thread-2 (]: Using snowflake connection "test.apc.not_null_stg_plant_local_currency.6991f0929a"
[0m16:54:37.538652 [debug] [Thread-2 (]: On test.apc.not_null_stg_plant_local_currency.6991f0929a: /* {"app": "dbt", "dbt_version": "1.9.4", "profile_name": "default", "target_name": "dev", "node_id": "test.apc.not_null_stg_plant_local_currency.6991f0929a"} */
select
      count(*) as failures,
      count(*) != 0 as should_warn,
      count(*) != 0 as should_error
    from (
      
    
    



select local_currency
from APC_DEPLOY_DB.DBT_ANALYTICS.stg_plant
where local_currency is null



      
    ) dbt_internal_test
[0m16:54:37.539338 [debug] [Thread-2 (]: Opening a new connection, currently in state init
[0m16:54:37.573172 [debug] [Thread-4 (]: SQL status: SUCCESS 1 in 0.836 seconds
[0m16:54:37.576100 [info ] [Thread-4 (]: 32 of 44 PASS not_null_stg_ledger_postings_material_number ..................... [[32mPASS[0m in 0.86s]
[0m16:54:37.577100 [debug] [Thread-4 (]: Finished running node test.apc.not_null_stg_ledger_postings_material_number.83eed49392
[0m16:54:37.578193 [debug] [Thread-4 (]: Began running node test.apc.not_null_stg_plant_plant_code.898247d37d
[0m16:54:37.579067 [info ] [Thread-4 (]: 36 of 44 START test not_null_stg_plant_plant_code .............................. [RUN]
[0m16:54:37.579883 [debug] [Thread-4 (]: Re-using an available connection from the pool (formerly test.apc.not_null_stg_ledger_postings_material_number.83eed49392, now test.apc.not_null_stg_plant_plant_code.898247d37d)
[0m16:54:37.580536 [debug] [Thread-4 (]: Began compiling node test.apc.not_null_stg_plant_plant_code.898247d37d
[0m16:54:37.590710 [debug] [Thread-4 (]: Writing injected SQL for node "test.apc.not_null_stg_plant_plant_code.898247d37d"
[0m16:54:37.591714 [debug] [Thread-4 (]: Began executing node test.apc.not_null_stg_plant_plant_code.898247d37d
[0m16:54:37.599787 [debug] [Thread-4 (]: Writing runtime sql for node "test.apc.not_null_stg_plant_plant_code.898247d37d"
[0m16:54:37.601135 [debug] [Thread-4 (]: Using snowflake connection "test.apc.not_null_stg_plant_plant_code.898247d37d"
[0m16:54:37.601872 [debug] [Thread-4 (]: On test.apc.not_null_stg_plant_plant_code.898247d37d: /* {"app": "dbt", "dbt_version": "1.9.4", "profile_name": "default", "target_name": "dev", "node_id": "test.apc.not_null_stg_plant_plant_code.898247d37d"} */
select
      count(*) as failures,
      count(*) != 0 as should_warn,
      count(*) != 0 as should_error
    from (
      
    
    



select plant_code
from APC_DEPLOY_DB.DBT_ANALYTICS.stg_plant
where plant_code is null



      
    ) dbt_internal_test
[0m16:54:37.602527 [debug] [Thread-4 (]: Opening a new connection, currently in state init
[0m16:54:37.893029 [debug] [Thread-3 (]: SQL status: SUCCESS 1 in 0.920 seconds
[0m16:54:37.896039 [info ] [Thread-3 (]: 33 of 44 PASS not_null_stg_ledger_postings_plant_code .......................... [[32mPASS[0m in 0.95s]
[0m16:54:37.897016 [debug] [Thread-3 (]: Finished running node test.apc.not_null_stg_ledger_postings_plant_code.4b887d1f83
[0m16:54:37.898155 [debug] [Thread-3 (]: Began running node test.apc.not_null_stg_sd_billing_material_number.49d00cf3c1
[0m16:54:37.899035 [info ] [Thread-3 (]: 37 of 44 START test not_null_stg_sd_billing_material_number .................... [RUN]
[0m16:54:37.899892 [debug] [Thread-3 (]: Re-using an available connection from the pool (formerly test.apc.not_null_stg_ledger_postings_plant_code.4b887d1f83, now test.apc.not_null_stg_sd_billing_material_number.49d00cf3c1)
[0m16:54:37.900575 [debug] [Thread-3 (]: Began compiling node test.apc.not_null_stg_sd_billing_material_number.49d00cf3c1
[0m16:54:37.910914 [debug] [Thread-3 (]: Writing injected SQL for node "test.apc.not_null_stg_sd_billing_material_number.49d00cf3c1"
[0m16:54:37.916993 [debug] [Thread-3 (]: Began executing node test.apc.not_null_stg_sd_billing_material_number.49d00cf3c1
[0m16:54:37.926603 [debug] [Thread-3 (]: Writing runtime sql for node "test.apc.not_null_stg_sd_billing_material_number.49d00cf3c1"
[0m16:54:37.928656 [debug] [Thread-3 (]: Using snowflake connection "test.apc.not_null_stg_sd_billing_material_number.49d00cf3c1"
[0m16:54:37.929419 [debug] [Thread-3 (]: On test.apc.not_null_stg_sd_billing_material_number.49d00cf3c1: /* {"app": "dbt", "dbt_version": "1.9.4", "profile_name": "default", "target_name": "dev", "node_id": "test.apc.not_null_stg_sd_billing_material_number.49d00cf3c1"} */
select
      count(*) as failures,
      count(*) != 0 as should_warn,
      count(*) != 0 as should_error
    from (
      
    
    



select material_number
from APC_DEPLOY_DB.DBT_ANALYTICS.stg_sd_billing
where material_number is null



      
    ) dbt_internal_test
[0m16:54:37.930116 [debug] [Thread-3 (]: Opening a new connection, currently in state init
[0m16:54:38.113719 [debug] [Thread-5 (]: SQL status: SUCCESS 1 in 0.790 seconds
[0m16:54:38.116718 [info ] [Thread-5 (]: 34 of 44 PASS not_null_stg_material_master_material_number ..................... [[32mPASS[0m in 0.82s]
[0m16:54:38.117768 [debug] [Thread-5 (]: Finished running node test.apc.not_null_stg_material_master_material_number.05b3ee2b60
[0m16:54:38.118961 [debug] [Thread-5 (]: Began running node test.apc.not_null_stg_sd_billing_net_revenue.0afa4f5fb0
[0m16:54:38.119790 [info ] [Thread-5 (]: 38 of 44 START test not_null_stg_sd_billing_net_revenue ........................ [RUN]
[0m16:54:38.120612 [debug] [Thread-5 (]: Re-using an available connection from the pool (formerly test.apc.not_null_stg_material_master_material_number.05b3ee2b60, now test.apc.not_null_stg_sd_billing_net_revenue.0afa4f5fb0)
[0m16:54:38.121262 [debug] [Thread-5 (]: Began compiling node test.apc.not_null_stg_sd_billing_net_revenue.0afa4f5fb0
[0m16:54:38.133181 [debug] [Thread-5 (]: Writing injected SQL for node "test.apc.not_null_stg_sd_billing_net_revenue.0afa4f5fb0"
[0m16:54:38.134233 [debug] [Thread-5 (]: Began executing node test.apc.not_null_stg_sd_billing_net_revenue.0afa4f5fb0
[0m16:54:38.142507 [debug] [Thread-5 (]: Writing runtime sql for node "test.apc.not_null_stg_sd_billing_net_revenue.0afa4f5fb0"
[0m16:54:38.143933 [debug] [Thread-5 (]: Using snowflake connection "test.apc.not_null_stg_sd_billing_net_revenue.0afa4f5fb0"
[0m16:54:38.144726 [debug] [Thread-5 (]: On test.apc.not_null_stg_sd_billing_net_revenue.0afa4f5fb0: /* {"app": "dbt", "dbt_version": "1.9.4", "profile_name": "default", "target_name": "dev", "node_id": "test.apc.not_null_stg_sd_billing_net_revenue.0afa4f5fb0"} */
select
      count(*) as failures,
      count(*) != 0 as should_warn,
      count(*) != 0 as should_error
    from (
      
    
    



select net_revenue
from APC_DEPLOY_DB.DBT_ANALYTICS.stg_sd_billing
where net_revenue is null



      
    ) dbt_internal_test
[0m16:54:38.145407 [debug] [Thread-5 (]: Opening a new connection, currently in state init
[0m16:54:38.277909 [debug] [Thread-2 (]: SQL status: SUCCESS 1 in 0.738 seconds
[0m16:54:38.281009 [info ] [Thread-2 (]: 35 of 44 PASS not_null_stg_plant_local_currency ................................ [[32mPASS[0m in 0.77s]
[0m16:54:38.282408 [debug] [Thread-4 (]: SQL status: SUCCESS 1 in 0.680 seconds
[0m16:54:38.283351 [debug] [Thread-2 (]: Finished running node test.apc.not_null_stg_plant_local_currency.6991f0929a
[0m16:54:38.286256 [info ] [Thread-4 (]: 36 of 44 PASS not_null_stg_plant_plant_code .................................... [[32mPASS[0m in 0.71s]
[0m16:54:38.287576 [debug] [Thread-2 (]: Began running node test.apc.not_null_stg_standard_price_material_number.f0c051605a
[0m16:54:38.288659 [debug] [Thread-4 (]: Finished running node test.apc.not_null_stg_plant_plant_code.898247d37d
[0m16:54:38.289394 [info ] [Thread-2 (]: 39 of 44 START test not_null_stg_standard_price_material_number ................ [RUN]
[0m16:54:38.290606 [debug] [Thread-4 (]: Began running node test.apc.not_null_stg_standard_price_standard_price_local.71be011801
[0m16:54:38.291573 [debug] [Thread-2 (]: Re-using an available connection from the pool (formerly test.apc.not_null_stg_plant_local_currency.6991f0929a, now test.apc.not_null_stg_standard_price_material_number.f0c051605a)
[0m16:54:38.292338 [info ] [Thread-4 (]: 40 of 44 START test not_null_stg_standard_price_standard_price_local ........... [RUN]
[0m16:54:38.293122 [debug] [Thread-2 (]: Began compiling node test.apc.not_null_stg_standard_price_material_number.f0c051605a
[0m16:54:38.293934 [debug] [Thread-4 (]: Re-using an available connection from the pool (formerly test.apc.not_null_stg_plant_plant_code.898247d37d, now test.apc.not_null_stg_standard_price_standard_price_local.71be011801)
[0m16:54:38.305927 [debug] [Thread-2 (]: Writing injected SQL for node "test.apc.not_null_stg_standard_price_material_number.f0c051605a"
[0m16:54:38.306755 [debug] [Thread-4 (]: Began compiling node test.apc.not_null_stg_standard_price_standard_price_local.71be011801
[0m16:54:38.316936 [debug] [Thread-4 (]: Writing injected SQL for node "test.apc.not_null_stg_standard_price_standard_price_local.71be011801"
[0m16:54:38.317848 [debug] [Thread-2 (]: Began executing node test.apc.not_null_stg_standard_price_material_number.f0c051605a
[0m16:54:38.327430 [debug] [Thread-2 (]: Writing runtime sql for node "test.apc.not_null_stg_standard_price_material_number.f0c051605a"
[0m16:54:38.328224 [debug] [Thread-4 (]: Began executing node test.apc.not_null_stg_standard_price_standard_price_local.71be011801
[0m16:54:38.338412 [debug] [Thread-4 (]: Writing runtime sql for node "test.apc.not_null_stg_standard_price_standard_price_local.71be011801"
[0m16:54:38.341462 [debug] [Thread-2 (]: Using snowflake connection "test.apc.not_null_stg_standard_price_material_number.f0c051605a"
[0m16:54:38.343028 [debug] [Thread-2 (]: On test.apc.not_null_stg_standard_price_material_number.f0c051605a: /* {"app": "dbt", "dbt_version": "1.9.4", "profile_name": "default", "target_name": "dev", "node_id": "test.apc.not_null_stg_standard_price_material_number.f0c051605a"} */
select
      count(*) as failures,
      count(*) != 0 as should_warn,
      count(*) != 0 as should_error
    from (
      
    
    



select material_number
from APC_DEPLOY_DB.DBT_ANALYTICS.stg_standard_price
where material_number is null



      
    ) dbt_internal_test
[0m16:54:38.344403 [debug] [Thread-4 (]: Using snowflake connection "test.apc.not_null_stg_standard_price_standard_price_local.71be011801"
[0m16:54:38.345131 [debug] [Thread-2 (]: Opening a new connection, currently in state init
[0m16:54:38.346006 [debug] [Thread-4 (]: On test.apc.not_null_stg_standard_price_standard_price_local.71be011801: /* {"app": "dbt", "dbt_version": "1.9.4", "profile_name": "default", "target_name": "dev", "node_id": "test.apc.not_null_stg_standard_price_standard_price_local.71be011801"} */
select
      count(*) as failures,
      count(*) != 0 as should_warn,
      count(*) != 0 as should_error
    from (
      
    
    



select standard_price_local
from APC_DEPLOY_DB.DBT_ANALYTICS.stg_standard_price
where standard_price_local is null



      
    ) dbt_internal_test
[0m16:54:38.346981 [debug] [Thread-4 (]: Opening a new connection, currently in state init
[0m16:54:38.680464 [debug] [Thread-3 (]: SQL status: SUCCESS 1 in 0.750 seconds
[0m16:54:38.683517 [info ] [Thread-3 (]: 37 of 44 PASS not_null_stg_sd_billing_material_number .......................... [[32mPASS[0m in 0.78s]
[0m16:54:38.684535 [debug] [Thread-3 (]: Finished running node test.apc.not_null_stg_sd_billing_material_number.49d00cf3c1
[0m16:54:38.685727 [debug] [Thread-3 (]: Began running node test.apc.relationships_mart_product_cost_material_number__material_number__ref_stg_material_master_.94f44ada59
[0m16:54:38.686574 [info ] [Thread-3 (]: 41 of 44 START test relationships_mart_product_cost_material_number__material_number__ref_stg_material_master_  [RUN]
[0m16:54:38.687404 [debug] [Thread-3 (]: Re-using an available connection from the pool (formerly test.apc.not_null_stg_sd_billing_material_number.49d00cf3c1, now test.apc.relationships_mart_product_cost_material_number__material_number__ref_stg_material_master_.94f44ada59)
[0m16:54:38.688087 [debug] [Thread-3 (]: Began compiling node test.apc.relationships_mart_product_cost_material_number__material_number__ref_stg_material_master_.94f44ada59
[0m16:54:38.704179 [debug] [Thread-3 (]: Writing injected SQL for node "test.apc.relationships_mart_product_cost_material_number__material_number__ref_stg_material_master_.94f44ada59"
[0m16:54:38.705174 [debug] [Thread-3 (]: Began executing node test.apc.relationships_mart_product_cost_material_number__material_number__ref_stg_material_master_.94f44ada59
[0m16:54:38.713176 [debug] [Thread-3 (]: Writing runtime sql for node "test.apc.relationships_mart_product_cost_material_number__material_number__ref_stg_material_master_.94f44ada59"
[0m16:54:38.716766 [debug] [Thread-3 (]: Using snowflake connection "test.apc.relationships_mart_product_cost_material_number__material_number__ref_stg_material_master_.94f44ada59"
[0m16:54:38.717534 [debug] [Thread-3 (]: On test.apc.relationships_mart_product_cost_material_number__material_number__ref_stg_material_master_.94f44ada59: /* {"app": "dbt", "dbt_version": "1.9.4", "profile_name": "default", "target_name": "dev", "node_id": "test.apc.relationships_mart_product_cost_material_number__material_number__ref_stg_material_master_.94f44ada59"} */
select
      count(*) as failures,
      count(*) != 0 as should_warn,
      count(*) != 0 as should_error
    from (
      
    
    

with child as (
    select material_number as from_field
    from APC_DEPLOY_DB.DBT_ANALYTICS.mart_product_cost
    where material_number is not null
),

parent as (
    select material_number as to_field
    from APC_DEPLOY_DB.DBT_ANALYTICS.stg_material_master
)

select
    from_field

from child
left join parent
    on child.from_field = parent.to_field

where parent.to_field is null



      
    ) dbt_internal_test
[0m16:54:38.718230 [debug] [Thread-3 (]: Opening a new connection, currently in state init
[0m16:54:38.841677 [debug] [Thread-5 (]: SQL status: SUCCESS 1 in 0.696 seconds
[0m16:54:38.846542 [info ] [Thread-5 (]: 38 of 44 PASS not_null_stg_sd_billing_net_revenue .............................. [[32mPASS[0m in 0.73s]
[0m16:54:38.847586 [debug] [Thread-5 (]: Finished running node test.apc.not_null_stg_sd_billing_net_revenue.0afa4f5fb0
[0m16:54:38.848776 [debug] [Thread-5 (]: Began running node test.apc.unique_mart_product_risk_scores_MATERIAL_NUMBER.caa9cccea9
[0m16:54:38.849646 [info ] [Thread-5 (]: 42 of 44 START test unique_mart_product_risk_scores_MATERIAL_NUMBER ............ [RUN]
[0m16:54:38.850533 [debug] [Thread-5 (]: Re-using an available connection from the pool (formerly test.apc.not_null_stg_sd_billing_net_revenue.0afa4f5fb0, now test.apc.unique_mart_product_risk_scores_MATERIAL_NUMBER.caa9cccea9)
[0m16:54:38.851196 [debug] [Thread-5 (]: Began compiling node test.apc.unique_mart_product_risk_scores_MATERIAL_NUMBER.caa9cccea9
[0m16:54:38.863687 [debug] [Thread-5 (]: Writing injected SQL for node "test.apc.unique_mart_product_risk_scores_MATERIAL_NUMBER.caa9cccea9"
[0m16:54:38.864686 [debug] [Thread-5 (]: Began executing node test.apc.unique_mart_product_risk_scores_MATERIAL_NUMBER.caa9cccea9
[0m16:54:38.874020 [debug] [Thread-5 (]: Writing runtime sql for node "test.apc.unique_mart_product_risk_scores_MATERIAL_NUMBER.caa9cccea9"
[0m16:54:38.875512 [debug] [Thread-5 (]: Using snowflake connection "test.apc.unique_mart_product_risk_scores_MATERIAL_NUMBER.caa9cccea9"
[0m16:54:38.876261 [debug] [Thread-5 (]: On test.apc.unique_mart_product_risk_scores_MATERIAL_NUMBER.caa9cccea9: /* {"app": "dbt", "dbt_version": "1.9.4", "profile_name": "default", "target_name": "dev", "node_id": "test.apc.unique_mart_product_risk_scores_MATERIAL_NUMBER.caa9cccea9"} */
select
      count(*) as failures,
      count(*) != 0 as should_warn,
      count(*) != 0 as should_error
    from (
      
    
    

select
    MATERIAL_NUMBER as unique_field,
    count(*) as n_records

from APC_DEPLOY_DB.DBT_ANALYTICS.mart_product_risk_scores
where MATERIAL_NUMBER is not null
group by MATERIAL_NUMBER
having count(*) > 1



      
    ) dbt_internal_test
[0m16:54:38.876957 [debug] [Thread-5 (]: Opening a new connection, currently in state init
[0m16:54:39.024930 [debug] [Thread-4 (]: SQL status: SUCCESS 1 in 0.678 seconds
[0m16:54:39.029688 [info ] [Thread-4 (]: 40 of 44 PASS not_null_stg_standard_price_standard_price_local ................. [[32mPASS[0m in 0.74s]
[0m16:54:39.030726 [debug] [Thread-4 (]: Finished running node test.apc.not_null_stg_standard_price_standard_price_local.71be011801
[0m16:54:39.031881 [debug] [Thread-4 (]: Began running node test.apc.unique_stg_material_master_material_number.e38c17be55
[0m16:54:39.032730 [info ] [Thread-4 (]: 43 of 44 START test unique_stg_material_master_material_number ................. [RUN]
[0m16:54:39.033601 [debug] [Thread-4 (]: Re-using an available connection from the pool (formerly test.apc.not_null_stg_standard_price_standard_price_local.71be011801, now test.apc.unique_stg_material_master_material_number.e38c17be55)
[0m16:54:39.036206 [debug] [Thread-4 (]: Began compiling node test.apc.unique_stg_material_master_material_number.e38c17be55
[0m16:54:39.046280 [debug] [Thread-4 (]: Writing injected SQL for node "test.apc.unique_stg_material_master_material_number.e38c17be55"
[0m16:54:39.047375 [debug] [Thread-4 (]: Began executing node test.apc.unique_stg_material_master_material_number.e38c17be55
[0m16:54:39.048849 [debug] [Thread-2 (]: SQL status: SUCCESS 1 in 0.704 seconds
[0m16:54:39.058356 [debug] [Thread-4 (]: Writing runtime sql for node "test.apc.unique_stg_material_master_material_number.e38c17be55"
[0m16:54:39.061448 [info ] [Thread-2 (]: 39 of 44 PASS not_null_stg_standard_price_material_number ...................... [[32mPASS[0m in 0.77s]
[0m16:54:39.062824 [debug] [Thread-2 (]: Finished running node test.apc.not_null_stg_standard_price_material_number.f0c051605a
[0m16:54:39.064171 [debug] [Thread-4 (]: Using snowflake connection "test.apc.unique_stg_material_master_material_number.e38c17be55"
[0m16:54:39.065329 [debug] [Thread-2 (]: Began running node test.apc.unique_stg_plant_plant_code.f8f85c1d68
[0m16:54:39.066237 [debug] [Thread-4 (]: On test.apc.unique_stg_material_master_material_number.e38c17be55: /* {"app": "dbt", "dbt_version": "1.9.4", "profile_name": "default", "target_name": "dev", "node_id": "test.apc.unique_stg_material_master_material_number.e38c17be55"} */
select
      count(*) as failures,
      count(*) != 0 as should_warn,
      count(*) != 0 as should_error
    from (
      
    
    

select
    material_number as unique_field,
    count(*) as n_records

from APC_DEPLOY_DB.DBT_ANALYTICS.stg_material_master
where material_number is not null
group by material_number
having count(*) > 1



      
    ) dbt_internal_test
[0m16:54:39.067013 [info ] [Thread-2 (]: 44 of 44 START test unique_stg_plant_plant_code ................................ [RUN]
[0m16:54:39.067758 [debug] [Thread-4 (]: Opening a new connection, currently in state init
[0m16:54:39.068595 [debug] [Thread-2 (]: Re-using an available connection from the pool (formerly test.apc.not_null_stg_standard_price_material_number.f0c051605a, now test.apc.unique_stg_plant_plant_code.f8f85c1d68)
[0m16:54:39.069441 [debug] [Thread-2 (]: Began compiling node test.apc.unique_stg_plant_plant_code.f8f85c1d68
[0m16:54:39.079367 [debug] [Thread-2 (]: Writing injected SQL for node "test.apc.unique_stg_plant_plant_code.f8f85c1d68"
[0m16:54:39.080366 [debug] [Thread-2 (]: Began executing node test.apc.unique_stg_plant_plant_code.f8f85c1d68
[0m16:54:39.089492 [debug] [Thread-2 (]: Writing runtime sql for node "test.apc.unique_stg_plant_plant_code.f8f85c1d68"
[0m16:54:39.091006 [debug] [Thread-2 (]: Using snowflake connection "test.apc.unique_stg_plant_plant_code.f8f85c1d68"
[0m16:54:39.091768 [debug] [Thread-2 (]: On test.apc.unique_stg_plant_plant_code.f8f85c1d68: /* {"app": "dbt", "dbt_version": "1.9.4", "profile_name": "default", "target_name": "dev", "node_id": "test.apc.unique_stg_plant_plant_code.f8f85c1d68"} */
select
      count(*) as failures,
      count(*) != 0 as should_warn,
      count(*) != 0 as should_error
    from (
      
    
    

select
    plant_code as unique_field,
    count(*) as n_records

from APC_DEPLOY_DB.DBT_ANALYTICS.stg_plant
where plant_code is not null
group by plant_code
having count(*) > 1



      
    ) dbt_internal_test
[0m16:54:39.092446 [debug] [Thread-2 (]: Opening a new connection, currently in state init
[0m16:54:39.495333 [debug] [Thread-3 (]: SQL status: SUCCESS 1 in 0.777 seconds
[0m16:54:39.498537 [info ] [Thread-3 (]: 41 of 44 PASS relationships_mart_product_cost_material_number__material_number__ref_stg_material_master_  [[32mPASS[0m in 0.81s]
[0m16:54:39.499560 [debug] [Thread-3 (]: Finished running node test.apc.relationships_mart_product_cost_material_number__material_number__ref_stg_material_master_.94f44ada59
[0m16:54:39.520663 [debug] [Thread-5 (]: SQL status: SUCCESS 1 in 0.644 seconds
[0m16:54:39.526935 [info ] [Thread-5 (]: 42 of 44 PASS unique_mart_product_risk_scores_MATERIAL_NUMBER .................. [[32mPASS[0m in 0.67s]
[0m16:54:39.528140 [debug] [Thread-5 (]: Finished running node test.apc.unique_mart_product_risk_scores_MATERIAL_NUMBER.caa9cccea9
[0m16:54:39.750643 [debug] [Thread-4 (]: SQL status: SUCCESS 1 in 0.683 seconds
[0m16:54:39.753608 [info ] [Thread-4 (]: 43 of 44 PASS unique_stg_material_master_material_number ....................... [[32mPASS[0m in 0.72s]
[0m16:54:39.754608 [debug] [Thread-4 (]: Finished running node test.apc.unique_stg_material_master_material_number.e38c17be55
[0m16:54:39.895105 [debug] [Thread-2 (]: SQL status: SUCCESS 1 in 0.802 seconds
[0m16:54:39.898127 [info ] [Thread-2 (]: 44 of 44 PASS unique_stg_plant_plant_code ...................................... [[32mPASS[0m in 0.83s]
[0m16:54:39.899210 [debug] [Thread-2 (]: Finished running node test.apc.unique_stg_plant_plant_code.f8f85c1d68
[0m16:54:39.902926 [debug] [Dummy-1   ]: Connection 'master' was properly closed.
[0m16:54:39.904137 [debug] [Dummy-1   ]: Connection 'test.apc.unique_stg_plant_plant_code.f8f85c1d68' was properly closed.
[0m16:54:39.904825 [debug] [Dummy-1   ]: Connection 'test.apc.relationships_mart_product_cost_material_number__material_number__ref_stg_material_master_.94f44ada59' was properly closed.
[0m16:54:39.905439 [debug] [Dummy-1   ]: Connection 'test.apc.unique_stg_material_master_material_number.e38c17be55' was properly closed.
[0m16:54:39.906046 [debug] [Dummy-1   ]: Connection 'test.apc.unique_mart_product_risk_scores_MATERIAL_NUMBER.caa9cccea9' was properly closed.
[0m16:54:39.906798 [info ] [Dummy-1   ]: 
[0m16:54:39.907421 [info ] [Dummy-1   ]: Finished running 44 data tests in 0 hours 0 minutes and 11.00 seconds (11.00s).
[0m16:54:39.913431 [debug] [Dummy-1   ]: Command end result
[0m16:54:40.067788 [debug] [Dummy-1   ]: Wrote artifact WritableManifest to /tmp/dbt/target/manifest.json
[0m16:54:40.070312 [debug] [Dummy-1   ]: Wrote artifact SemanticManifest to /tmp/dbt/target/semantic_manifest.json
[0m16:54:40.079922 [debug] [Dummy-1   ]: Wrote artifact RunExecutionResult to /tmp/dbt/target/run_results.json
[0m16:54:40.080657 [info ] [Dummy-1   ]: 
[0m16:54:40.081388 [info ] [Dummy-1   ]: [32mCompleted successfully[0m
[0m16:54:40.082051 [info ] [Dummy-1   ]: 
[0m16:54:40.082648 [info ] [Dummy-1   ]: Done. PASS=44 WARN=0 ERROR=0 SKIP=0 TOTAL=44
[0m16:54:40.084746 [debug] [Dummy-1   ]: Resource report: {"command_name": "test", "command_success": true, "command_wall_clock_time": 12.209556, "process_in_blocks": "0", "process_kernel_time": 0.91, "process_mem_max_rss": "466960", "process_out_blocks": "0", "process_user_time": 7.21}
[0m16:54:40.085605 [debug] [Dummy-1   ]: Command `cli test` succeeded at 16:54:40.085162 after 12.21 seconds
[0m16:54:40.086324 [debug] [Dummy-1   ]: Flushing usage events


============================== 17:02:42.540376 | 6c32d132-7a35-48c2-8a4b-d74987f15e25 ==============================
[0m17:02:42.540376 [info ] [Dummy-1   ]: Running with dbt=1.9.4
[0m17:02:42.541367 [debug] [Dummy-1   ]: running dbt with arguments {'printer_width': '80', 'indirect_selection': 'eager', 'log_cache_events': 'False', 'write_json': 'True', 'partial_parse': 'True', 'cache_selected_only': 'False', 'profiles_dir': '/tmp/dbt/', 'debug': 'False', 'warn_error': 'None', 'log_path': '/tmp/dbt/logs', 'version_check': 'True', 'fail_fast': 'False', 'use_colors': 'True', 'use_experimental_parser': 'False', 'no_print': 'None', 'quiet': 'False', 'empty': 'None', 'warn_error_options': 'WarnErrorOptions(include=[], exclude=[])', 'invocation_command': 'dbt ', 'log_format': 'default', 'introspect': 'True', 'target_path': '/tmp/dbt/target/', 'static_parser': 'True', 'send_anonymous_usage_stats': 'False'}
[0m17:02:42.826897 [info ] [Dummy-1   ]: Registered adapter: snowflake=1.9.2
[0m17:02:42.869584 [debug] [Dummy-1   ]: checksum: 53ed91fada2233efb98368d1716b44ab532c83a9c293cf1890b7905d5b45fb25, vars: {}, profile: , target: dev, version: 1.9.4
[0m17:02:42.870818 [info ] [Dummy-1   ]: Unable to do partial parsing because saved manifest not found. Starting full parse.
[0m17:02:45.554615 [info ] [Dummy-1   ]: Performance info: /tmp/dbt/target/perf_info.json
[0m17:02:45.696672 [debug] [Dummy-1   ]: Wrote artifact WritableManifest to /tmp/dbt/target/manifest.json
[0m17:02:45.699421 [debug] [Dummy-1   ]: Wrote artifact SemanticManifest to /tmp/dbt/target/semantic_manifest.json
[0m17:02:45.701302 [debug] [Dummy-1   ]: Resource report: {"command_name": "parse", "command_success": true, "command_wall_clock_time": 3.236338, "process_in_blocks": "0", "process_kernel_time": 0.74, "process_mem_max_rss": "461888", "process_out_blocks": "0", "process_user_time": 6.11}
[0m17:02:45.702115 [debug] [Dummy-1   ]: Command `cli parse` succeeded at 17:02:45.701729 after 3.24 seconds
[0m17:02:45.702805 [debug] [Dummy-1   ]: Flushing usage events


============================== 17:03:08.500028 | 13c15fbb-ccf3-470d-85d5-a5000a524726 ==============================
[0m17:03:08.500028 [info ] [Dummy-1   ]: Running with dbt=1.9.4
[0m17:03:08.501050 [debug] [Dummy-1   ]: running dbt with arguments {'printer_width': '80', 'indirect_selection': 'eager', 'log_cache_events': 'False', 'write_json': 'True', 'partial_parse': 'True', 'cache_selected_only': 'False', 'warn_error': 'None', 'fail_fast': 'False', 'debug': 'False', 'log_path': '/tmp/dbt/logs', 'version_check': 'True', 'profiles_dir': '/tmp/dbt/', 'use_colors': 'True', 'use_experimental_parser': 'False', 'no_print': 'None', 'quiet': 'False', 'empty': 'False', 'warn_error_options': 'WarnErrorOptions(include=[], exclude=[])', 'invocation_command': 'dbt ', 'introspect': 'True', 'static_parser': 'True', 'target_path': '/tmp/dbt/target/', 'log_format': 'default', 'send_anonymous_usage_stats': 'False'}
[0m17:03:08.784911 [info ] [Dummy-1   ]: Registered adapter: snowflake=1.9.2
[0m17:03:08.827695 [debug] [Dummy-1   ]: checksum: 53ed91fada2233efb98368d1716b44ab532c83a9c293cf1890b7905d5b45fb25, vars: {}, profile: , target: dev, version: 1.9.4
[0m17:03:09.161909 [debug] [Dummy-1   ]: Partial parsing enabled: 0 files deleted, 0 files added, 0 files changed.
[0m17:03:09.162640 [debug] [Dummy-1   ]: Partial parsing enabled, no changes found, skipping parsing
[0m17:03:09.376506 [debug] [Dummy-1   ]: Wrote artifact WritableManifest to /tmp/dbt/target/manifest.json
[0m17:03:09.378948 [debug] [Dummy-1   ]: Wrote artifact SemanticManifest to /tmp/dbt/target/semantic_manifest.json
[0m17:03:09.455577 [info ] [Dummy-1   ]: Found 40 models, 89 data tests, 6 seeds, 15 sources, 474 macros
[0m17:03:09.468272 [info ] [Dummy-1   ]: 
[0m17:03:09.469025 [info ] [Dummy-1   ]: Concurrency: 4 threads (target='dev')
[0m17:03:09.469638 [info ] [Dummy-1   ]: 
[0m17:03:09.470593 [debug] [Dummy-1   ]: Acquiring new snowflake connection 'master'
[0m17:03:09.479546 [debug] [ThreadPool]: Acquiring new snowflake connection 'list_APC_DEPLOY_DB'
[0m17:03:09.480834 [debug] [ThreadPool]: Acquiring new snowflake connection 'list_APC_DEPLOY_DB'
[0m17:03:09.575135 [debug] [ThreadPool]: Using snowflake connection "list_APC_DEPLOY_DB"
[0m17:03:09.575938 [debug] [ThreadPool]: Using snowflake connection "list_APC_DEPLOY_DB"
[0m17:03:09.576600 [debug] [ThreadPool]: On list_APC_DEPLOY_DB: /* {"app": "dbt", "dbt_version": "1.9.4", "profile_name": "default", "target_name": "dev", "connection_name": "list_APC_DEPLOY_DB"} */
show terse schemas in database APC_DEPLOY_DB
    limit 10000
[0m17:03:09.577248 [debug] [ThreadPool]: On list_APC_DEPLOY_DB: /* {"app": "dbt", "dbt_version": "1.9.4", "profile_name": "default", "target_name": "dev", "connection_name": "list_APC_DEPLOY_DB"} */
show terse schemas in database APC_DEPLOY_DB
    limit 10000
[0m17:03:09.577824 [debug] [ThreadPool]: Opening a new connection, currently in state init
[0m17:03:09.578488 [debug] [ThreadPool]: Opening a new connection, currently in state init
[0m17:03:10.792723 [debug] [ThreadPool]: SQL status: SUCCESS 9 in 1.214 seconds
[0m17:03:10.794090 [debug] [ThreadPool]: SQL status: SUCCESS 9 in 1.216 seconds
[0m17:03:10.802380 [debug] [ThreadPool]: Re-using an available connection from the pool (formerly list_APC_DEPLOY_DB, now list_APC_DEPLOY_DB_DBT_ANALYTICS)
[0m17:03:10.803547 [debug] [ThreadPool]: Re-using an available connection from the pool (formerly list_APC_DEPLOY_DB, now list_APC_DEPLOY_DB_DBT_ANALYTICS_DBT_ANALYTICS)
[0m17:03:10.820570 [debug] [ThreadPool]: Using snowflake connection "list_APC_DEPLOY_DB_DBT_ANALYTICS"
[0m17:03:10.829273 [debug] [ThreadPool]: Using snowflake connection "list_APC_DEPLOY_DB_DBT_ANALYTICS_DBT_ANALYTICS"
[0m17:03:10.829989 [debug] [ThreadPool]: On list_APC_DEPLOY_DB_DBT_ANALYTICS: /* {"app": "dbt", "dbt_version": "1.9.4", "profile_name": "default", "target_name": "dev", "connection_name": "list_APC_DEPLOY_DB_DBT_ANALYTICS"} */
alter session set quoted_identifiers_ignore_case = false;
[0m17:03:10.830650 [debug] [ThreadPool]: On list_APC_DEPLOY_DB_DBT_ANALYTICS_DBT_ANALYTICS: /* {"app": "dbt", "dbt_version": "1.9.4", "profile_name": "default", "target_name": "dev", "connection_name": "list_APC_DEPLOY_DB_DBT_ANALYTICS_DBT_ANALYTICS"} */
alter session set quoted_identifiers_ignore_case = false;
[0m17:03:10.831384 [debug] [ThreadPool]: Opening a new connection, currently in state init
[0m17:03:10.832029 [debug] [ThreadPool]: Opening a new connection, currently in state init
[0m17:03:11.551534 [debug] [ThreadPool]: SQL status: SUCCESS 1 in 0.719 seconds
[0m17:03:11.556335 [debug] [ThreadPool]: Using snowflake connection "list_APC_DEPLOY_DB_DBT_ANALYTICS_DBT_ANALYTICS"
[0m17:03:11.557302 [debug] [ThreadPool]: On list_APC_DEPLOY_DB_DBT_ANALYTICS_DBT_ANALYTICS: /* {"app": "dbt", "dbt_version": "1.9.4", "profile_name": "default", "target_name": "dev", "connection_name": "list_APC_DEPLOY_DB_DBT_ANALYTICS_DBT_ANALYTICS"} */
show objects in APC_DEPLOY_DB.DBT_ANALYTICS_DBT_ANALYTICS
    limit 10000
    
;
[0m17:03:11.637094 [debug] [ThreadPool]: SQL status: SUCCESS 1 in 0.806 seconds
[0m17:03:11.639400 [debug] [ThreadPool]: Using snowflake connection "list_APC_DEPLOY_DB_DBT_ANALYTICS"
[0m17:03:11.640039 [debug] [ThreadPool]: On list_APC_DEPLOY_DB_DBT_ANALYTICS: /* {"app": "dbt", "dbt_version": "1.9.4", "profile_name": "default", "target_name": "dev", "connection_name": "list_APC_DEPLOY_DB_DBT_ANALYTICS"} */
show objects in APC_DEPLOY_DB.DBT_ANALYTICS
    limit 10000
    
;
[0m17:03:11.738193 [debug] [ThreadPool]: SQL status: SUCCESS 3 in 0.180 seconds
[0m17:03:11.740604 [debug] [ThreadPool]: Using snowflake connection "list_APC_DEPLOY_DB_DBT_ANALYTICS_DBT_ANALYTICS"
[0m17:03:11.741233 [debug] [ThreadPool]: On list_APC_DEPLOY_DB_DBT_ANALYTICS_DBT_ANALYTICS: /* {"app": "dbt", "dbt_version": "1.9.4", "profile_name": "default", "target_name": "dev", "connection_name": "list_APC_DEPLOY_DB_DBT_ANALYTICS_DBT_ANALYTICS"} */
alter session unset quoted_identifiers_ignore_case;
[0m17:03:11.888898 [debug] [ThreadPool]: SQL status: SUCCESS 1 in 0.147 seconds
[0m17:03:11.890461 [debug] [ThreadPool]: SQL status: SUCCESS 22 in 0.250 seconds
[0m17:03:11.896110 [debug] [ThreadPool]: Using snowflake connection "list_APC_DEPLOY_DB_DBT_ANALYTICS"
[0m17:03:11.896726 [debug] [ThreadPool]: On list_APC_DEPLOY_DB_DBT_ANALYTICS: /* {"app": "dbt", "dbt_version": "1.9.4", "profile_name": "default", "target_name": "dev", "connection_name": "list_APC_DEPLOY_DB_DBT_ANALYTICS"} */
alter session unset quoted_identifiers_ignore_case;
[0m17:03:12.099915 [debug] [ThreadPool]: SQL status: SUCCESS 1 in 0.202 seconds
[0m17:03:12.119382 [debug] [Thread-2 (]: Began running node model.apc.stg_activity_rates
[0m17:03:12.120191 [debug] [Thread-3 (]: Began running node model.apc.stg_apo_planned_volume
[0m17:03:12.120997 [debug] [Thread-4 (]: Began running node model.apc.stg_bom_header
[0m17:03:12.121813 [debug] [Thread-5 (]: Began running node model.apc.stg_bom_items
[0m17:03:12.122652 [info ] [Thread-2 (]: 1 of 135 START sql dynamic_table model DBT_ANALYTICS.stg_activity_rates ........ [RUN]
[0m17:03:12.123505 [info ] [Thread-3 (]: 2 of 135 START sql dynamic_table model DBT_ANALYTICS.stg_apo_planned_volume .... [RUN]
[0m17:03:12.124323 [info ] [Thread-4 (]: 3 of 135 START sql dynamic_table model DBT_ANALYTICS.stg_bom_header ............ [RUN]
[0m17:03:12.125131 [info ] [Thread-5 (]: 4 of 135 START sql dynamic_table model DBT_ANALYTICS.stg_bom_items ............. [RUN]
[0m17:03:12.125968 [debug] [Thread-2 (]: Re-using an available connection from the pool (formerly list_APC_DEPLOY_DB_DBT_ANALYTICS_DBT_ANALYTICS, now model.apc.stg_activity_rates)
[0m17:03:12.126675 [debug] [Thread-3 (]: Re-using an available connection from the pool (formerly list_APC_DEPLOY_DB_DBT_ANALYTICS, now model.apc.stg_apo_planned_volume)
[0m17:03:12.127462 [debug] [Thread-4 (]: Acquiring new snowflake connection 'model.apc.stg_bom_header'
[0m17:03:12.128336 [debug] [Thread-5 (]: Acquiring new snowflake connection 'model.apc.stg_bom_items'
[0m17:03:12.128977 [debug] [Thread-2 (]: Began compiling node model.apc.stg_activity_rates
[0m17:03:12.129577 [debug] [Thread-3 (]: Began compiling node model.apc.stg_apo_planned_volume
[0m17:03:12.130182 [debug] [Thread-4 (]: Began compiling node model.apc.stg_bom_header
[0m17:03:12.130775 [debug] [Thread-5 (]: Began compiling node model.apc.stg_bom_items
[0m17:03:12.143642 [debug] [Thread-2 (]: Writing injected SQL for node "model.apc.stg_activity_rates"
[0m17:03:12.153179 [debug] [Thread-3 (]: Writing injected SQL for node "model.apc.stg_apo_planned_volume"
[0m17:03:12.161547 [debug] [Thread-4 (]: Writing injected SQL for node "model.apc.stg_bom_header"
[0m17:03:12.169983 [debug] [Thread-5 (]: Writing injected SQL for node "model.apc.stg_bom_items"
[0m17:03:12.172734 [debug] [Thread-3 (]: Began executing node model.apc.stg_apo_planned_volume
[0m17:03:12.171879 [debug] [Thread-2 (]: Began executing node model.apc.stg_activity_rates
[0m17:03:12.173662 [debug] [Thread-4 (]: Began executing node model.apc.stg_bom_header
[0m17:03:12.192392 [debug] [Thread-5 (]: Began executing node model.apc.stg_bom_items
[0m17:03:12.208790 [debug] [Thread-3 (]: Applying CREATE to: APC_DEPLOY_DB.DBT_ANALYTICS.stg_apo_planned_volume
[0m17:03:12.216954 [debug] [Thread-2 (]: Applying CREATE to: APC_DEPLOY_DB.DBT_ANALYTICS.stg_activity_rates
[0m17:03:12.301964 [debug] [Thread-4 (]: Applying CREATE to: APC_DEPLOY_DB.DBT_ANALYTICS.stg_bom_header
[0m17:03:12.310044 [debug] [Thread-5 (]: Applying CREATE to: APC_DEPLOY_DB.DBT_ANALYTICS.stg_bom_items
[0m17:03:12.321378 [debug] [Thread-3 (]: Writing runtime sql for node "model.apc.stg_apo_planned_volume"
[0m17:03:12.322804 [debug] [Thread-2 (]: Writing runtime sql for node "model.apc.stg_activity_rates"
[0m17:03:12.324008 [debug] [Thread-4 (]: Writing runtime sql for node "model.apc.stg_bom_header"
[0m17:03:12.325312 [debug] [Thread-5 (]: Writing runtime sql for node "model.apc.stg_bom_items"
[0m17:03:12.328100 [debug] [Thread-3 (]: Using snowflake connection "model.apc.stg_apo_planned_volume"
[0m17:03:12.329538 [debug] [Thread-2 (]: Using snowflake connection "model.apc.stg_activity_rates"
[0m17:03:12.331168 [debug] [Thread-4 (]: Using snowflake connection "model.apc.stg_bom_header"
[0m17:03:12.331918 [debug] [Thread-3 (]: On model.apc.stg_apo_planned_volume: /* {"app": "dbt", "dbt_version": "1.9.4", "profile_name": "default", "target_name": "dev", "node_id": "model.apc.stg_apo_planned_volume"} */
create dynamic table APC_DEPLOY_DB.DBT_ANALYTICS.stg_apo_planned_volume
        target_lag = 'downstream'
        warehouse = APC_DEPLOY_WH
        refresh_mode = AUTO

        initialize = ON_CREATE

        as (
            -- Staging: APO/IBP demand plan extract — planned production + commercial forecast volumes.
-- Co-authored with CoCo

select
    trim(MATNR)          as material_number,
    trim(WERKS)          as plant_code,
    GJAHR                as fiscal_year,
    POPER                as period,
    PLNMG                as planned_production_qty,   -- APO production plan
    CFMNG                as confirmed_qty,            -- confirmed/committed
    FCMNG                as commercial_forecast_qty,  -- S&OP / demand plan
    trim(VERSN)          as plan_version,             -- 000=Active, 001=Simulation
    trim(MEINS)          as uom
from APC_DEPLOY_DB.SAP_RAW.APO_DEMAND_RAW
where trim(VERSN) = '000'  -- active plan version only
        )
[0m17:03:12.333449 [debug] [Thread-5 (]: Using snowflake connection "model.apc.stg_bom_items"
[0m17:03:12.334179 [debug] [Thread-2 (]: On model.apc.stg_activity_rates: /* {"app": "dbt", "dbt_version": "1.9.4", "profile_name": "default", "target_name": "dev", "node_id": "model.apc.stg_activity_rates"} */
create dynamic table APC_DEPLOY_DB.DBT_ANALYTICS.stg_activity_rates
        target_lag = 'downstream'
        warehouse = APC_DEPLOY_WH
        refresh_mode = AUTO

        initialize = ON_CREATE

        as (
            -- Staging: cost centre activity rates (KSPI/KP26 equivalent) — planned rate per activity type.
-- Co-authored with CoCo

select
    trim(KOSTL)          as cost_centre,
    trim(LSTAR)          as activity_type,
    GJAHR                as fiscal_year,
    trim(WERKS)          as plant_code,
    TARKZ                as rate_type,          -- 1=Plan, 4=Actual
    LST001               as fixed_rate,         -- fixed portion $/activity unit
    LST002               as variable_rate,      -- variable portion $/activity unit
    LST001 + LST002      as total_rate,
    trim(WAERS)          as currency
from APC_DEPLOY_DB.SAP_RAW.KSPI_RAW
where TARKZ in (1, 4)  -- plan and actual rates
        )
[0m17:03:12.334992 [debug] [Thread-4 (]: On model.apc.stg_bom_header: /* {"app": "dbt", "dbt_version": "1.9.4", "profile_name": "default", "target_name": "dev", "node_id": "model.apc.stg_bom_header"} */
create dynamic table APC_DEPLOY_DB.DBT_ANALYTICS.stg_bom_header
        target_lag = 'downstream'
        warehouse = APC_DEPLOY_WH
        refresh_mode = AUTO

        initialize = ON_CREATE

        as (
            -- Staging: BOM header (STKO equivalent) — one row per BOM for each finished/semi-finished material.
-- Co-authored with CoCo

select
    trim(MATNR)          as material_number,
    trim(WERKS)          as plant_code,
    trim(STLNR)         as bom_number,
    trim(STLAN)         as bom_usage,          -- 1=Production, 2=Engineering
    DATEFROM::date       as valid_from,
    DATETO::date         as valid_to,
    trim(STLST)         as bom_status,         -- 01=Active, 02=Inactive
    BMENG                as base_quantity,
    trim(BMEIN)         as base_uom
from APC_DEPLOY_DB.SAP_RAW.STKO_RAW
where trim(STLAN) = '1'  -- production BOMs only
  and trim(STLST) = '01' -- active only
        )
[0m17:03:12.335736 [debug] [Thread-3 (]: Opening a new connection, currently in state init
[0m17:03:12.336484 [debug] [Thread-5 (]: On model.apc.stg_bom_items: /* {"app": "dbt", "dbt_version": "1.9.4", "profile_name": "default", "target_name": "dev", "node_id": "model.apc.stg_bom_items"} */
create dynamic table APC_DEPLOY_DB.DBT_ANALYTICS.stg_bom_items
        target_lag = 'downstream'
        warehouse = APC_DEPLOY_WH
        refresh_mode = AUTO

        initialize = ON_CREATE

        as (
            -- Staging: BOM line items (STPO equivalent) — components, quantities, scrap allowances.
-- Co-authored with CoCo

select
    trim(STLNR)         as bom_number,
    POSNR                as item_number,
    trim(IDNRK)         as component_material,
    trim(POSTP)         as item_category,      -- L=Stock, R=Variable-size, T=Text
    MENGE                as component_qty,      -- quantity per base qty of parent
    trim(MEINS)         as component_uom,
    coalesce(AUSCH, 0)  as scrap_pct,          -- assembly scrap %
    coalesce(KZAUS, 0)  as co_product_flag,    -- 1 = co-product/by-product
    trim(POTX1)         as item_text
from APC_DEPLOY_DB.SAP_RAW.STPO_RAW
where trim(POSTP) in ('L', 'R')  -- stock items only (exclude text items)
        )
[0m17:03:12.337177 [debug] [Thread-2 (]: Opening a new connection, currently in state init
[0m17:03:12.337833 [debug] [Thread-4 (]: Opening a new connection, currently in state init
[0m17:03:12.338665 [debug] [Thread-5 (]: Opening a new connection, currently in state init
[0m17:03:15.614493 [debug] [Thread-2 (]: SQL status: SUCCESS 1 in 3.277 seconds
[0m17:03:15.616176 [debug] [Thread-5 (]: SQL status: SUCCESS 1 in 3.277 seconds
[0m17:03:15.643537 [info ] [Thread-2 (]: 1 of 135 OK created sql dynamic_table model DBT_ANALYTICS.stg_activity_rates ... [[32mSUCCESS 1[0m in 3.51s]
[0m17:03:15.644465 [info ] [Thread-5 (]: 4 of 135 OK created sql dynamic_table model DBT_ANALYTICS.stg_bom_items ........ [[32mSUCCESS 1[0m in 3.51s]
[0m17:03:15.645379 [debug] [Thread-2 (]: Finished running node model.apc.stg_activity_rates
[0m17:03:15.646192 [debug] [Thread-5 (]: Finished running node model.apc.stg_bom_items
[0m17:03:15.647333 [debug] [Thread-2 (]: Began running node model.apc.stg_energy_prices
[0m17:03:15.648698 [debug] [Thread-5 (]: Began running node model.apc.stg_fx_rates
[0m17:03:15.649705 [info ] [Thread-2 (]: 5 of 135 START sql dynamic_table model DBT_ANALYTICS.stg_energy_prices ......... [RUN]
[0m17:03:15.650494 [info ] [Thread-5 (]: 6 of 135 START sql dynamic_table model DBT_ANALYTICS.stg_fx_rates .............. [RUN]
[0m17:03:15.651279 [debug] [Thread-2 (]: Re-using an available connection from the pool (formerly model.apc.stg_activity_rates, now model.apc.stg_energy_prices)
[0m17:03:15.651974 [debug] [Thread-5 (]: Re-using an available connection from the pool (formerly model.apc.stg_bom_items, now model.apc.stg_fx_rates)
[0m17:03:15.652618 [debug] [Thread-2 (]: Began compiling node model.apc.stg_energy_prices
[0m17:03:15.653254 [debug] [Thread-5 (]: Began compiling node model.apc.stg_fx_rates
[0m17:03:15.661750 [debug] [Thread-2 (]: Writing injected SQL for node "model.apc.stg_energy_prices"
[0m17:03:15.669917 [debug] [Thread-5 (]: Writing injected SQL for node "model.apc.stg_fx_rates"
[0m17:03:15.671010 [debug] [Thread-2 (]: Began executing node model.apc.stg_energy_prices
[0m17:03:15.682472 [debug] [Thread-5 (]: Began executing node model.apc.stg_fx_rates
[0m17:03:15.683028 [debug] [Thread-2 (]: Applying REPLACE to: "APC_DEPLOY_DB"."DBT_ANALYTICS"."STG_ENERGY_PRICES"
[0m17:03:15.691056 [debug] [Thread-5 (]: Applying REPLACE to: "APC_DEPLOY_DB"."DBT_ANALYTICS"."STG_FX_RATES"
[0m17:03:15.698527 [debug] [Thread-2 (]: Writing runtime sql for node "model.apc.stg_energy_prices"
[0m17:03:15.699795 [debug] [Thread-5 (]: Writing runtime sql for node "model.apc.stg_fx_rates"
[0m17:03:15.701866 [debug] [Thread-2 (]: Using snowflake connection "model.apc.stg_energy_prices"
[0m17:03:15.703558 [debug] [Thread-5 (]: Using snowflake connection "model.apc.stg_fx_rates"
[0m17:03:15.704344 [debug] [Thread-2 (]: On model.apc.stg_energy_prices: /* {"app": "dbt", "dbt_version": "1.9.4", "profile_name": "default", "target_name": "dev", "node_id": "model.apc.stg_energy_prices"} */
create or replace dynamic table APC_DEPLOY_DB.DBT_ANALYTICS.stg_energy_prices
        target_lag = 'downstream'
        warehouse = APC_DEPLOY_WH
        refresh_mode = AUTO

        initialize = ON_CREATE

        as (
            -- Staging: clean the Marketplace-shaped energy price indices (LEBA shape).
-- Parses the YYYYMMDD integer DATE into year/month and exposes the volume-
-- weighted average price (WA, $/MWh) per market index. Swap the source to the
-- real EOSE.* share and this model is unchanged.

select
    "INDEX"                                          as energy_index,
    DELIVERY                                         as delivery,
    "DATE"                                           as price_date_int,
    floor("DATE" / 10000)                            as price_year,
    floor(mod("DATE", 10000) / 100)                  as price_month,
    lpad(floor(mod("DATE", 10000) / 100)::varchar, 3, '0') as period,
    WA                                               as price_per_mwh,
    VOLUME                                           as traded_volume,
    STATUS                                           as status_code,
    FLAG                                             as quality_flag
from APC_DEPLOY_DB.ENERGY_MARKET.ENERGY_PRICE_INDICES
where WA is not null
        )
[0m17:03:15.705111 [debug] [Thread-5 (]: On model.apc.stg_fx_rates: /* {"app": "dbt", "dbt_version": "1.9.4", "profile_name": "default", "target_name": "dev", "node_id": "model.apc.stg_fx_rates"} */
create or replace dynamic table APC_DEPLOY_DB.DBT_ANALYTICS.stg_fx_rates
        target_lag = 'downstream'
        warehouse = APC_DEPLOY_WH
        refresh_mode = AUTO

        initialize = ON_CREATE

        as (
            -- Staging: decode SAP FX rates (TCURR). Reverses the classic inverted GDATU date
-- and exposes a monthly FCURR -> USD rate. usd = local_amount * usd_per_unit.

select
    trim(FCURR)                                              as from_currency,
    trim(TCURR)                                              as to_currency,
    (99999999 - try_to_number(GDATU))                        as rate_date_int,
    floor((99999999 - try_to_number(GDATU)) / 10000)         as rate_year,
    floor(mod(99999999 - try_to_number(GDATU), 10000) / 100) as rate_month,
    UKURS                                                    as usd_per_unit
from APC_DEPLOY_DB.SAP_RAW.TCURR_RAW
where trim(KURST) = 'M'
  and UKURS is not null
        )
[0m17:03:15.705789 [debug] [Thread-2 (]: Opening a new connection, currently in state init
[0m17:03:15.706449 [debug] [Thread-5 (]: Opening a new connection, currently in state init
[0m17:03:15.825380 [debug] [Thread-4 (]: SQL status: SUCCESS 1 in 3.487 seconds
[0m17:03:15.828603 [info ] [Thread-4 (]: 3 of 135 OK created sql dynamic_table model DBT_ANALYTICS.stg_bom_header ....... [[32mSUCCESS 1[0m in 3.70s]
[0m17:03:15.830138 [debug] [Thread-3 (]: SQL status: SUCCESS 1 in 3.494 seconds
[0m17:03:15.831002 [debug] [Thread-4 (]: Finished running node model.apc.stg_bom_header
[0m17:03:15.834034 [info ] [Thread-3 (]: 2 of 135 OK created sql dynamic_table model DBT_ANALYTICS.stg_apo_planned_volume  [[32mSUCCESS 1[0m in 3.71s]
[0m17:03:15.835230 [debug] [Thread-4 (]: Began running node model.apc.stg_ledger_postings
[0m17:03:15.836446 [debug] [Thread-3 (]: Finished running node model.apc.stg_apo_planned_volume
[0m17:03:15.837284 [info ] [Thread-4 (]: 7 of 135 START sql dynamic_table model DBT_ANALYTICS.stg_ledger_postings ....... [RUN]
[0m17:03:15.838418 [debug] [Thread-3 (]: Began running node model.apc.stg_plant
[0m17:03:15.839414 [debug] [Thread-4 (]: Re-using an available connection from the pool (formerly model.apc.stg_bom_header, now model.apc.stg_ledger_postings)
[0m17:03:15.840240 [info ] [Thread-3 (]: 8 of 135 START sql dynamic_table model DBT_ANALYTICS.stg_plant ................. [RUN]
[0m17:03:15.840952 [debug] [Thread-4 (]: Began compiling node model.apc.stg_ledger_postings
[0m17:03:15.841720 [debug] [Thread-3 (]: Re-using an available connection from the pool (formerly model.apc.stg_apo_planned_volume, now model.apc.stg_plant)
[0m17:03:15.851340 [debug] [Thread-4 (]: Writing injected SQL for node "model.apc.stg_ledger_postings"
[0m17:03:15.860290 [debug] [Thread-3 (]: Began compiling node model.apc.stg_plant
[0m17:03:15.869056 [debug] [Thread-3 (]: Writing injected SQL for node "model.apc.stg_plant"
[0m17:03:15.869804 [debug] [Thread-4 (]: Began executing node model.apc.stg_ledger_postings
[0m17:03:15.879001 [debug] [Thread-4 (]: Applying REPLACE to: "APC_DEPLOY_DB"."DBT_ANALYTICS"."STG_LEDGER_POSTINGS"
[0m17:03:15.879738 [debug] [Thread-3 (]: Began executing node model.apc.stg_plant
[0m17:03:15.881061 [debug] [Thread-4 (]: Writing runtime sql for node "model.apc.stg_ledger_postings"
[0m17:03:15.901157 [debug] [Thread-3 (]: Applying REPLACE to: "APC_DEPLOY_DB"."DBT_ANALYTICS"."STG_PLANT"
[0m17:03:15.902774 [debug] [Thread-3 (]: Writing runtime sql for node "model.apc.stg_plant"
[0m17:03:15.904658 [debug] [Thread-4 (]: Using snowflake connection "model.apc.stg_ledger_postings"
[0m17:03:15.905844 [debug] [Thread-4 (]: On model.apc.stg_ledger_postings: /* {"app": "dbt", "dbt_version": "1.9.4", "profile_name": "default", "target_name": "dev", "node_id": "model.apc.stg_ledger_postings"} */
create or replace dynamic table APC_DEPLOY_DB.DBT_ANALYTICS.stg_ledger_postings
        target_lag = 'downstream'
        warehouse = APC_DEPLOY_WH
        refresh_mode = AUTO

        initialize = ON_CREATE

        as (
            -- Staging: clean material-ledger posting line items.
--   * Drop incomplete postings (null amount).
--   * De-duplicate repeated extract rows on the document key (MANDT, BELNR, BUZEI).
--   * Trim trailing spaces on MATNR / WERKS, zero-pad the period, parse BUDAT.
-- Reversals (negative MENGE / BWART 102) are KEPT — they net out in aggregation.

with deduped as (
    select
        *,
        row_number() over (
            partition by MANDT, BELNR, BUZEI
            order by BUDAT
        ) as _rn
    from APC_DEPLOY_DB.SAP_RAW.MATERIAL_LEDGER_DOC
    where DMBTR is not null
)

select
    trim(MATNR)                          as material_number,
    trim(WERKS)                          as plant_code,
    trim(BUKRS)                          as company_code,
    GJAHR                                as fiscal_year,
    lpad(POPER::varchar, 3, '0')         as period,
    cast(POPER as int)                   as period_int,
    trim(BWART)                          as movement_type,
    MENGE                                as quantity,
    DMBTR                                as amount_local,
    trim(WAERS)                          as local_currency,
    try_to_date(BUDAT, 'YYYYMMDD')       as posting_date
from deduped
where _rn = 1
        )
[0m17:03:15.907174 [debug] [Thread-3 (]: Using snowflake connection "model.apc.stg_plant"
[0m17:03:15.907831 [debug] [Thread-4 (]: Opening a new connection, currently in state init
[0m17:03:15.908576 [debug] [Thread-3 (]: On model.apc.stg_plant: /* {"app": "dbt", "dbt_version": "1.9.4", "profile_name": "default", "target_name": "dev", "node_id": "model.apc.stg_plant"} */
create or replace dynamic table APC_DEPLOY_DB.DBT_ANALYTICS.stg_plant
        target_lag = 'downstream'
        warehouse = APC_DEPLOY_WH
        refresh_mode = AUTO

        initialize = ON_CREATE

        as (
            -- Staging: clean plant master; exposes company code + local currency + country.

select
    trim(WERKS)  as plant_code,
    trim(NAME1)  as plant_name,
    trim(LAND1)  as country,
    trim(BUKRS)  as company_code,
    trim(WAERS)  as local_currency,
    trim(ORT01)  as city
from APC_DEPLOY_DB.SAP_RAW.T001W_RAW
        )
[0m17:03:15.909418 [debug] [Thread-3 (]: Opening a new connection, currently in state init
[0m17:03:19.126191 [debug] [Thread-5 (]: SQL status: SUCCESS 1 in 3.420 seconds
[0m17:03:19.132359 [info ] [Thread-5 (]: 6 of 135 OK created sql dynamic_table model DBT_ANALYTICS.stg_fx_rates ......... [[32mSUCCESS 1[0m in 3.48s]
[0m17:03:19.133556 [debug] [Thread-5 (]: Finished running node model.apc.stg_fx_rates
[0m17:03:19.134687 [debug] [Thread-5 (]: Began running node model.apc.stg_routings
[0m17:03:19.135877 [info ] [Thread-5 (]: 9 of 135 START sql dynamic_table model DBT_ANALYTICS.stg_routings .............. [RUN]
[0m17:03:19.136700 [debug] [Thread-5 (]: Re-using an available connection from the pool (formerly model.apc.stg_fx_rates, now model.apc.stg_routings)
[0m17:03:19.137319 [debug] [Thread-5 (]: Began compiling node model.apc.stg_routings
[0m17:03:19.146760 [debug] [Thread-5 (]: Writing injected SQL for node "model.apc.stg_routings"
[0m17:03:19.147667 [debug] [Thread-5 (]: Began executing node model.apc.stg_routings
[0m17:03:19.155644 [debug] [Thread-5 (]: Applying CREATE to: APC_DEPLOY_DB.DBT_ANALYTICS.stg_routings
[0m17:03:19.156882 [debug] [Thread-5 (]: Writing runtime sql for node "model.apc.stg_routings"
[0m17:03:19.158871 [debug] [Thread-5 (]: Using snowflake connection "model.apc.stg_routings"
[0m17:03:19.159629 [debug] [Thread-5 (]: On model.apc.stg_routings: /* {"app": "dbt", "dbt_version": "1.9.4", "profile_name": "default", "target_name": "dev", "node_id": "model.apc.stg_routings"} */
create dynamic table APC_DEPLOY_DB.DBT_ANALYTICS.stg_routings
        target_lag = 'downstream'
        warehouse = APC_DEPLOY_WH
        refresh_mode = AUTO

        initialize = ON_CREATE

        as (
            -- Staging: production routings (PLKO/PLPO equivalent) — operations, work centres, activity types.
-- Co-authored with CoCo

select
    trim(MATNR)          as material_number,
    trim(WERKS)          as plant_code,
    trim(PLNTY)         as routing_type,       -- N=Standard, R=Reference
    PLNNR                as routing_number,
    VORNR                as operation_number,
    trim(ARBPL)         as work_centre,
    trim(KOSTL)         as cost_centre,
    trim(LTXA1)         as operation_desc,
    -- SAP stores up to 6 activity types per operation
    trim(LAR01)         as activity_type_1,
    VGW01                as activity_qty_1,     -- e.g. machine hours
    trim(VGE01)         as activity_uom_1,
    trim(LAR02)         as activity_type_2,
    VGW02                as activity_qty_2,     -- e.g. labour hours
    trim(VGE02)         as activity_uom_2,
    BMSCH                as base_quantity,
    trim(MEINH)         as base_uom
from APC_DEPLOY_DB.SAP_RAW.PLPO_RAW
where trim(LOEKZ) is null or trim(LOEKZ) = ''  -- not deleted
        )
[0m17:03:19.160319 [debug] [Thread-5 (]: Opening a new connection, currently in state init
[0m17:03:19.274174 [debug] [Thread-3 (]: SQL status: SUCCESS 1 in 3.365 seconds
[0m17:03:19.277410 [info ] [Thread-3 (]: 8 of 135 OK created sql dynamic_table model DBT_ANALYTICS.stg_plant ............ [[32mSUCCESS 1[0m in 3.44s]
[0m17:03:19.278367 [debug] [Thread-3 (]: Finished running node model.apc.stg_plant
[0m17:03:19.279460 [debug] [Thread-3 (]: Began running node model.apc.stg_scc_adjustments
[0m17:03:19.280575 [info ] [Thread-3 (]: 10 of 135 START sql dynamic_table model DBT_ANALYTICS.stg_scc_adjustments ...... [RUN]
[0m17:03:19.281368 [debug] [Thread-3 (]: Re-using an available connection from the pool (formerly model.apc.stg_plant, now model.apc.stg_scc_adjustments)
[0m17:03:19.282028 [debug] [Thread-3 (]: Began compiling node model.apc.stg_scc_adjustments
[0m17:03:19.291237 [debug] [Thread-3 (]: Writing injected SQL for node "model.apc.stg_scc_adjustments"
[0m17:03:19.292141 [debug] [Thread-3 (]: Began executing node model.apc.stg_scc_adjustments
[0m17:03:19.300151 [debug] [Thread-3 (]: Applying CREATE to: APC_DEPLOY_DB.DBT_ANALYTICS.stg_scc_adjustments
[0m17:03:19.301487 [debug] [Thread-3 (]: Writing runtime sql for node "model.apc.stg_scc_adjustments"
[0m17:03:19.303222 [debug] [Thread-3 (]: Using snowflake connection "model.apc.stg_scc_adjustments"
[0m17:03:19.303971 [debug] [Thread-3 (]: On model.apc.stg_scc_adjustments: /* {"app": "dbt", "dbt_version": "1.9.4", "profile_name": "default", "target_name": "dev", "node_id": "model.apc.stg_scc_adjustments"} */
create dynamic table APC_DEPLOY_DB.DBT_ANALYTICS.stg_scc_adjustments
        target_lag = 'downstream'
        warehouse = APC_DEPLOY_WH
        refresh_mode = AUTO

        initialize = ON_CREATE

        as (
            -- Staging: SCC manual adjustments from SOAR — value chain markups, allocations, corrections.
-- Co-authored with CoCo

select
    trim(MATNR)           as material_number,
    trim(WERKS)           as plant_code,
    GJAHR                 as fiscal_year,
    POPER                 as period,
    trim(ADJ_TYPE)        as adjustment_type,     -- TP_MARKUP, ALLOC, REVAL, MANUAL
    trim(ADJ_REASON)      as adjustment_reason,
    ADJ_AMOUNT            as adjustment_amount,
    trim(WAERS)           as currency,
    trim(APPROVED_BY)     as approved_by,
    APPROVED_DATE::date   as approved_date,
    trim(STATUS)          as status               -- POSTED, PENDING, REVERSED
from APC_DEPLOY_DB.SAP_RAW.SCC_ADJUSTMENTS_RAW
where trim(STATUS) = 'POSTED'  -- only posted adjustments
        )
[0m17:03:19.304619 [debug] [Thread-3 (]: Opening a new connection, currently in state init
[0m17:03:19.423168 [debug] [Thread-2 (]: SQL status: SUCCESS 1 in 3.717 seconds
[0m17:03:19.437771 [info ] [Thread-2 (]: 5 of 135 OK created sql dynamic_table model DBT_ANALYTICS.stg_energy_prices .... [[32mSUCCESS 1[0m in 3.79s]
[0m17:03:19.438774 [debug] [Thread-2 (]: Finished running node model.apc.stg_energy_prices
[0m17:03:19.439815 [debug] [Thread-2 (]: Began running node model.apc.stg_sd_billing
[0m17:03:19.440752 [info ] [Thread-2 (]: 11 of 135 START sql dynamic_table model DBT_ANALYTICS.stg_sd_billing ........... [RUN]
[0m17:03:19.441542 [debug] [Thread-2 (]: Re-using an available connection from the pool (formerly model.apc.stg_energy_prices, now model.apc.stg_sd_billing)
[0m17:03:19.442181 [debug] [Thread-2 (]: Began compiling node model.apc.stg_sd_billing
[0m17:03:19.451357 [debug] [Thread-2 (]: Writing injected SQL for node "model.apc.stg_sd_billing"
[0m17:03:19.452206 [debug] [Thread-2 (]: Began executing node model.apc.stg_sd_billing
[0m17:03:19.460349 [debug] [Thread-2 (]: Applying REPLACE to: "APC_DEPLOY_DB"."DBT_ANALYTICS"."STG_SD_BILLING"
[0m17:03:19.461590 [debug] [Thread-2 (]: Writing runtime sql for node "model.apc.stg_sd_billing"
[0m17:03:19.463219 [debug] [Thread-2 (]: Using snowflake connection "model.apc.stg_sd_billing"
[0m17:03:19.463929 [debug] [Thread-2 (]: On model.apc.stg_sd_billing: /* {"app": "dbt", "dbt_version": "1.9.4", "profile_name": "default", "target_name": "dev", "node_id": "model.apc.stg_sd_billing"} */
create or replace dynamic table APC_DEPLOY_DB.DBT_ANALYTICS.stg_sd_billing
        target_lag = 'downstream'
        warehouse = APC_DEPLOY_WH
        refresh_mode = AUTO

        initialize = ON_CREATE

        as (
            -- Staging: clean SD billing line items (VBRP/VBRK) — revenue per material/market/period.

select
    trim(MATNR)                  as material_number,
    trim(WERKS)                  as plant_code,
    trim(MARKET)                 as market,
    lpad(POPER, 3, '0')          as period,
    GJAHR                        as fiscal_year,
    FKMNG                        as billed_qty,
    NETPR                        as net_price,
    NETWR                        as net_revenue,
    coalesce(CURRENCY, 'USD')    as currency
from APC_DEPLOY_DB.SAP_BDC.SD_BILLING
where NETWR is not null
        )
[0m17:03:19.464580 [debug] [Thread-2 (]: Opening a new connection, currently in state init
[0m17:03:19.539043 [debug] [Thread-4 (]: SQL status: SUCCESS 1 in 3.631 seconds
[0m17:03:19.542357 [info ] [Thread-4 (]: 7 of 135 OK created sql dynamic_table model DBT_ANALYTICS.stg_ledger_postings .. [[32mSUCCESS 1[0m in 3.70s]
[0m17:03:19.543241 [debug] [Thread-4 (]: Finished running node model.apc.stg_ledger_postings
[0m17:03:19.544275 [debug] [Thread-4 (]: Began running node model.apc.stg_standard_price
[0m17:03:19.545376 [info ] [Thread-4 (]: 12 of 135 START sql dynamic_table model DBT_ANALYTICS.stg_standard_price ....... [RUN]
[0m17:03:19.546165 [debug] [Thread-4 (]: Re-using an available connection from the pool (formerly model.apc.stg_ledger_postings, now model.apc.stg_standard_price)
[0m17:03:19.546790 [debug] [Thread-4 (]: Began compiling node model.apc.stg_standard_price
[0m17:03:19.555133 [debug] [Thread-4 (]: Writing injected SQL for node "model.apc.stg_standard_price"
[0m17:03:19.555990 [debug] [Thread-4 (]: Began executing node model.apc.stg_standard_price
[0m17:03:19.564722 [debug] [Thread-4 (]: Applying REPLACE to: "APC_DEPLOY_DB"."DBT_ANALYTICS"."STG_STANDARD_PRICE"
[0m17:03:19.566142 [debug] [Thread-4 (]: Writing runtime sql for node "model.apc.stg_standard_price"
[0m17:03:19.567724 [debug] [Thread-4 (]: Using snowflake connection "model.apc.stg_standard_price"
[0m17:03:19.568501 [debug] [Thread-4 (]: On model.apc.stg_standard_price: /* {"app": "dbt", "dbt_version": "1.9.4", "profile_name": "default", "target_name": "dev", "node_id": "model.apc.stg_standard_price"} */
create or replace dynamic table APC_DEPLOY_DB.DBT_ANALYTICS.stg_standard_price
        target_lag = 'downstream'
        warehouse = APC_DEPLOY_WH
        refresh_mode = AUTO

        initialize = ON_CREATE

        as (
            -- Staging: clean effective-dated standard prices (MBEW), in local currency.
-- One row per material x plant x valid-from; the valid-from year is used later
-- to pick the standard in force for each fiscal year.

select
    trim(MATNR)                          as material_number,
    trim(BWKEY)                          as plant_code,
    STPRS                                as standard_price_local,
    coalesce(PEINH, 1)                   as price_unit,
    trim(WAERS)                          as local_currency,
    try_to_date(VALID_FROM, 'YYYYMMDD')  as valid_from,
    year(try_to_date(VALID_FROM, 'YYYYMMDD')) as valid_from_year
from APC_DEPLOY_DB.SAP_RAW.MBEW_RAW
where STPRS is not null
        )
[0m17:03:19.569161 [debug] [Thread-4 (]: Opening a new connection, currently in state init
[0m17:03:24.638540 [debug] [Thread-4 (]: SQL status: SUCCESS 1 in 5.069 seconds
[0m17:03:24.642002 [info ] [Thread-4 (]: 12 of 135 OK created sql dynamic_table model DBT_ANALYTICS.stg_standard_price .. [[32mSUCCESS 1[0m in 5.10s]
[0m17:03:24.642878 [debug] [Thread-4 (]: Finished running node model.apc.stg_standard_price
[0m17:03:24.643893 [debug] [Thread-4 (]: Began running node model.apc.stg_value_chain
[0m17:03:24.645060 [info ] [Thread-4 (]: 13 of 135 START sql dynamic_table model DBT_ANALYTICS.stg_value_chain .......... [RUN]
[0m17:03:24.645919 [debug] [Thread-4 (]: Re-using an available connection from the pool (formerly model.apc.stg_standard_price, now model.apc.stg_value_chain)
[0m17:03:24.646578 [debug] [Thread-4 (]: Began compiling node model.apc.stg_value_chain
[0m17:03:24.654921 [debug] [Thread-4 (]: Writing injected SQL for node "model.apc.stg_value_chain"
[0m17:03:24.655847 [debug] [Thread-4 (]: Began executing node model.apc.stg_value_chain
[0m17:03:24.664894 [debug] [Thread-4 (]: Applying CREATE to: APC_DEPLOY_DB.DBT_ANALYTICS.stg_value_chain
[0m17:03:24.666251 [debug] [Thread-4 (]: Writing runtime sql for node "model.apc.stg_value_chain"
[0m17:03:24.668191 [debug] [Thread-4 (]: Using snowflake connection "model.apc.stg_value_chain"
[0m17:03:24.668994 [debug] [Thread-4 (]: On model.apc.stg_value_chain: /* {"app": "dbt", "dbt_version": "1.9.4", "profile_name": "default", "target_name": "dev", "node_id": "model.apc.stg_value_chain"} */
create dynamic table APC_DEPLOY_DB.DBT_ANALYTICS.stg_value_chain
        target_lag = 'downstream'
        warehouse = APC_DEPLOY_WH
        refresh_mode = AUTO

        initialize = ON_CREATE

        as (
            -- Staging: value chain configuration — site-to-site production flow (APO production data structure).
-- Co-authored with CoCo

select
    trim(MATNR)           as material_number,
    trim(LOCFR)           as source_plant,       -- manufacturing site
    trim(LOCTO)           as destination_plant,   -- receiving site
    PRESSION              as chain_step,          -- 1=API, 2=Formulation, 3=Packaging, 4=Distribution
    trim(PDSTYP)          as step_type,           -- MFG, PKG, QC, DIST
    trim(PDSTYP_DESC)     as step_description,
    coalesce(MARKUP_PCT, 0) as interco_markup_pct,  -- intercompany transfer price markup %
    coalesce(TRANSP_COST, 0) as transport_cost_per_unit,
    trim(WAERS)           as currency,
    DATEFROM::date        as valid_from,
    DATETO::date          as valid_to
from APC_DEPLOY_DB.SAP_RAW.VALUE_CHAIN_RAW
where DATETO >= current_date() or DATETO is null  -- active chains only
        )
[0m17:03:24.669699 [debug] [Thread-4 (]: Opening a new connection, currently in state init
[0m17:03:25.657146 [debug] [Thread-5 (]: SQL status: SUCCESS 1 in 6.497 seconds
[0m17:03:25.660297 [info ] [Thread-5 (]: 9 of 135 OK created sql dynamic_table model DBT_ANALYTICS.stg_routings ......... [[32mSUCCESS 1[0m in 6.52s]
[0m17:03:25.661193 [debug] [Thread-5 (]: Finished running node model.apc.stg_routings
[0m17:03:25.662253 [debug] [Thread-5 (]: Began running node seed.apc.brand_ta_mapping
[0m17:03:25.663429 [info ] [Thread-5 (]: 14 of 135 START seed file DBT_ANALYTICS_DBT_ANALYTICS.brand_ta_mapping ......... [RUN]
[0m17:03:25.664288 [debug] [Thread-5 (]: Re-using an available connection from the pool (formerly model.apc.stg_routings, now seed.apc.brand_ta_mapping)
[0m17:03:25.664907 [debug] [Thread-5 (]: Began compiling node seed.apc.brand_ta_mapping
[0m17:03:25.665612 [debug] [Thread-5 (]: Began executing node seed.apc.brand_ta_mapping
[0m17:03:25.695804 [debug] [Thread-5 (]: Using snowflake connection "seed.apc.brand_ta_mapping"
[0m17:03:25.696575 [debug] [Thread-5 (]: On seed.apc.brand_ta_mapping: /* {"app": "dbt", "dbt_version": "1.9.4", "profile_name": "default", "target_name": "dev", "node_id": "seed.apc.brand_ta_mapping"} */
create table APC_DEPLOY_DB.DBT_ANALYTICS_DBT_ANALYTICS.brand_ta_mapping (material_number text,brand text,therapeutic_area text,country text,legal_entity text)
[0m17:03:25.697247 [debug] [Thread-5 (]: Opening a new connection, currently in state init
[0m17:03:25.851563 [debug] [Thread-2 (]: SQL status: SUCCESS 1 in 6.387 seconds
[0m17:03:25.854835 [info ] [Thread-2 (]: 11 of 135 OK created sql dynamic_table model DBT_ANALYTICS.stg_sd_billing ...... [[32mSUCCESS 1[0m in 6.41s]
[0m17:03:25.855768 [debug] [Thread-2 (]: Finished running node model.apc.stg_sd_billing
[0m17:03:25.856833 [debug] [Thread-2 (]: Began running node seed.apc.cost_component_map
[0m17:03:25.857894 [info ] [Thread-2 (]: 15 of 135 START seed file DBT_ANALYTICS_DBT_ANALYTICS.cost_component_map ....... [RUN]
[0m17:03:25.858738 [debug] [Thread-2 (]: Re-using an available connection from the pool (formerly model.apc.stg_sd_billing, now seed.apc.cost_component_map)
[0m17:03:25.859326 [debug] [Thread-2 (]: Began compiling node seed.apc.cost_component_map
[0m17:03:25.859950 [debug] [Thread-2 (]: Began executing node seed.apc.cost_component_map
[0m17:03:25.889215 [debug] [Thread-2 (]: Applying DROP to: "APC_DEPLOY_DB"."DBT_ANALYTICS_DBT_ANALYTICS"."COST_COMPONENT_MAP"
[0m17:03:25.899196 [debug] [Thread-2 (]: Using snowflake connection "seed.apc.cost_component_map"
[0m17:03:25.900749 [debug] [Thread-2 (]: On seed.apc.cost_component_map: /* {"app": "dbt", "dbt_version": "1.9.4", "profile_name": "default", "target_name": "dev", "node_id": "seed.apc.cost_component_map"} */
drop table if exists "APC_DEPLOY_DB"."DBT_ANALYTICS_DBT_ANALYTICS"."COST_COMPONENT_MAP" cascade
[0m17:03:25.901588 [debug] [Thread-2 (]: Opening a new connection, currently in state init
[0m17:03:26.121834 [debug] [Thread-3 (]: SQL status: SUCCESS 1 in 6.817 seconds
[0m17:03:26.130698 [info ] [Thread-3 (]: 10 of 135 OK created sql dynamic_table model DBT_ANALYTICS.stg_scc_adjustments . [[32mSUCCESS 1[0m in 6.85s]
[0m17:03:26.131640 [debug] [Thread-3 (]: Finished running node model.apc.stg_scc_adjustments
[0m17:03:26.132710 [debug] [Thread-3 (]: Began running node seed.apc.material_type_map
[0m17:03:26.133779 [info ] [Thread-3 (]: 16 of 135 START seed file DBT_ANALYTICS_DBT_ANALYTICS.material_type_map ........ [RUN]
[0m17:03:26.134534 [debug] [Thread-3 (]: Re-using an available connection from the pool (formerly model.apc.stg_scc_adjustments, now seed.apc.material_type_map)
[0m17:03:26.135137 [debug] [Thread-3 (]: Began compiling node seed.apc.material_type_map
[0m17:03:26.135725 [debug] [Thread-3 (]: Began executing node seed.apc.material_type_map
[0m17:03:26.253394 [debug] [Thread-3 (]: Applying DROP to: "APC_DEPLOY_DB"."DBT_ANALYTICS_DBT_ANALYTICS"."MATERIAL_TYPE_MAP"
[0m17:03:26.255479 [debug] [Thread-3 (]: Using snowflake connection "seed.apc.material_type_map"
[0m17:03:26.256347 [debug] [Thread-3 (]: On seed.apc.material_type_map: /* {"app": "dbt", "dbt_version": "1.9.4", "profile_name": "default", "target_name": "dev", "node_id": "seed.apc.material_type_map"} */
drop table if exists "APC_DEPLOY_DB"."DBT_ANALYTICS_DBT_ANALYTICS"."MATERIAL_TYPE_MAP" cascade
[0m17:03:26.257110 [debug] [Thread-3 (]: Opening a new connection, currently in state init
[0m17:03:27.507236 [debug] [Thread-2 (]: SQL status: SUCCESS 1 in 1.602 seconds
[0m17:03:27.509860 [debug] [Thread-2 (]: Using snowflake connection "seed.apc.cost_component_map"
[0m17:03:27.510700 [debug] [Thread-2 (]: On seed.apc.cost_component_map: /* {"app": "dbt", "dbt_version": "1.9.4", "profile_name": "default", "target_name": "dev", "node_id": "seed.apc.cost_component_map"} */
create table APC_DEPLOY_DB.DBT_ANALYTICS_DBT_ANALYTICS.cost_component_map (element integer,cost_component text)
[0m17:03:27.569179 [debug] [Thread-5 (]: SQL status: SUCCESS 1 in 1.872 seconds
[0m17:03:27.584824 [debug] [Thread-5 (]: Using snowflake connection "seed.apc.brand_ta_mapping"
[0m17:03:27.585597 [debug] [Thread-5 (]: On seed.apc.brand_ta_mapping: /* {"app": "dbt", "dbt_version": "1.9.4", "profile_name": "default", "target_name": "dev", "node_id": "seed.apc.brand_ta_mapping"} */
BEGIN
[0m17:03:27.617532 [debug] [Thread-3 (]: SQL status: SUCCESS 1 in 1.360 seconds
[0m17:03:27.619761 [debug] [Thread-3 (]: Using snowflake connection "seed.apc.material_type_map"
[0m17:03:27.620531 [debug] [Thread-3 (]: On seed.apc.material_type_map: /* {"app": "dbt", "dbt_version": "1.9.4", "profile_name": "default", "target_name": "dev", "node_id": "seed.apc.material_type_map"} */
create table APC_DEPLOY_DB.DBT_ANALYTICS_DBT_ANALYTICS.material_type_map (mtart text,material_type_desc text)
[0m17:03:27.789193 [debug] [Thread-5 (]: SQL status: SUCCESS 1 in 0.203 seconds
[0m17:03:27.790518 [debug] [Thread-5 (]: Using snowflake connection "seed.apc.brand_ta_mapping"
[0m17:03:27.791227 [debug] [Thread-5 (]: On seed.apc.brand_ta_mapping: /* {"app": "dbt", "dbt_version": "1.9.4", "profile_name": "default", "target_name": "dev", "node_id": "seed.apc.brand_ta_mapping"} */
insert into APC_DEPLOY_DB.DBT_ANALYTICS_DBT_ANALYTICS.brand_ta_mapping (material_number, brand, therapeutic_area, country, legal_entity) values
            (%s,%s,%s,%s,%s),(%s,%s,%s,%s,%s),(%s,%s,%s,%s,%s),(%s,%s,%s,%s,%s),(%s,%s,%s,%s,%s),(%s,%s,%s,%s,%s),(%s,%s,%s,%s,%s),(%s,%s,%s,%s,%s),(%s,%s,%s,%s,%s),(%s,%s,%s,%s,%s)...
[0m17:03:27.827172 [debug] [Thread-2 (]: SQL status: SUCCESS 1 in 0.316 seconds
[0m17:03:27.829558 [debug] [Thread-2 (]: Using snowflake connection "seed.apc.cost_component_map"
[0m17:03:27.830279 [debug] [Thread-2 (]: On seed.apc.cost_component_map: /* {"app": "dbt", "dbt_version": "1.9.4", "profile_name": "default", "target_name": "dev", "node_id": "seed.apc.cost_component_map"} */
BEGIN
[0m17:03:27.954042 [debug] [Thread-3 (]: SQL status: SUCCESS 1 in 0.333 seconds
[0m17:03:27.956231 [debug] [Thread-3 (]: Using snowflake connection "seed.apc.material_type_map"
[0m17:03:27.956901 [debug] [Thread-3 (]: On seed.apc.material_type_map: /* {"app": "dbt", "dbt_version": "1.9.4", "profile_name": "default", "target_name": "dev", "node_id": "seed.apc.material_type_map"} */
BEGIN
[0m17:03:27.986588 [debug] [Thread-2 (]: SQL status: SUCCESS 1 in 0.156 seconds
[0m17:03:27.987729 [debug] [Thread-2 (]: Using snowflake connection "seed.apc.cost_component_map"
[0m17:03:27.988511 [debug] [Thread-2 (]: On seed.apc.cost_component_map: /* {"app": "dbt", "dbt_version": "1.9.4", "profile_name": "default", "target_name": "dev", "node_id": "seed.apc.cost_component_map"} */
insert into APC_DEPLOY_DB.DBT_ANALYTICS_DBT_ANALYTICS.cost_component_map (element, cost_component) values
            (%s,%s),(%s,%s),(%s,%s),(%s,%s),(%s,%s),(%s,%s),(%s,%s),(%s,%s),(%s,%s)...
[0m17:03:28.202030 [debug] [Thread-3 (]: SQL status: SUCCESS 1 in 0.244 seconds
[0m17:03:28.203099 [debug] [Thread-3 (]: Using snowflake connection "seed.apc.material_type_map"
[0m17:03:28.203779 [debug] [Thread-3 (]: On seed.apc.material_type_map: /* {"app": "dbt", "dbt_version": "1.9.4", "profile_name": "default", "target_name": "dev", "node_id": "seed.apc.material_type_map"} */
insert into APC_DEPLOY_DB.DBT_ANALYTICS_DBT_ANALYTICS.material_type_map (mtart, material_type_desc) values
            (%s,%s),(%s,%s),(%s,%s)...
[0m17:03:28.309023 [debug] [Thread-5 (]: SQL status: SUCCESS 10 in 0.517 seconds
[0m17:03:28.309921 [debug] [Thread-5 (]: Using snowflake connection "seed.apc.brand_ta_mapping"
[0m17:03:28.310562 [debug] [Thread-5 (]: On seed.apc.brand_ta_mapping: /* {"app": "dbt", "dbt_version": "1.9.4", "profile_name": "default", "target_name": "dev", "node_id": "seed.apc.brand_ta_mapping"} */
COMMIT
[0m17:03:28.481512 [debug] [Thread-2 (]: SQL status: SUCCESS 9 in 0.492 seconds
[0m17:03:28.482425 [debug] [Thread-2 (]: Using snowflake connection "seed.apc.cost_component_map"
[0m17:03:28.483174 [debug] [Thread-2 (]: On seed.apc.cost_component_map: /* {"app": "dbt", "dbt_version": "1.9.4", "profile_name": "default", "target_name": "dev", "node_id": "seed.apc.cost_component_map"} */
COMMIT
[0m17:03:28.710589 [debug] [Thread-3 (]: SQL status: SUCCESS 3 in 0.506 seconds
[0m17:03:28.711503 [debug] [Thread-3 (]: Using snowflake connection "seed.apc.material_type_map"
[0m17:03:28.712174 [debug] [Thread-3 (]: On seed.apc.material_type_map: /* {"app": "dbt", "dbt_version": "1.9.4", "profile_name": "default", "target_name": "dev", "node_id": "seed.apc.material_type_map"} */
COMMIT
[0m17:03:28.969036 [debug] [Thread-5 (]: SQL status: SUCCESS 1 in 0.658 seconds
[0m17:03:28.975561 [debug] [Thread-5 (]: Writing runtime SQL for node "seed.apc.brand_ta_mapping"
[0m17:03:28.987986 [info ] [Thread-5 (]: 14 of 135 OK loaded seed file DBT_ANALYTICS_DBT_ANALYTICS.brand_ta_mapping ..... [[32mCREATE 10[0m in 3.32s]
[0m17:03:28.989028 [debug] [Thread-5 (]: Finished running node seed.apc.brand_ta_mapping
[0m17:03:28.990152 [debug] [Thread-5 (]: Began running node seed.apc.plant_energy_intensity
[0m17:03:28.991062 [info ] [Thread-5 (]: 17 of 135 START seed file DBT_ANALYTICS_DBT_ANALYTICS.plant_energy_intensity ... [RUN]
[0m17:03:28.991854 [debug] [Thread-5 (]: Re-using an available connection from the pool (formerly seed.apc.brand_ta_mapping, now seed.apc.plant_energy_intensity)
[0m17:03:28.992498 [debug] [Thread-5 (]: Began compiling node seed.apc.plant_energy_intensity
[0m17:03:28.993101 [debug] [Thread-5 (]: Began executing node seed.apc.plant_energy_intensity
[0m17:03:29.010286 [debug] [Thread-5 (]: Applying DROP to: "APC_DEPLOY_DB"."DBT_ANALYTICS_DBT_ANALYTICS"."PLANT_ENERGY_INTENSITY"
[0m17:03:29.012676 [debug] [Thread-5 (]: Using snowflake connection "seed.apc.plant_energy_intensity"
[0m17:03:29.013511 [debug] [Thread-5 (]: On seed.apc.plant_energy_intensity: /* {"app": "dbt", "dbt_version": "1.9.4", "profile_name": "default", "target_name": "dev", "node_id": "seed.apc.plant_energy_intensity"} */
drop table if exists "APC_DEPLOY_DB"."DBT_ANALYTICS_DBT_ANALYTICS"."PLANT_ENERGY_INTENSITY" cascade
[0m17:03:29.014340 [debug] [Thread-5 (]: Opening a new connection, currently in state init
[0m17:03:29.304852 [debug] [Thread-2 (]: SQL status: SUCCESS 1 in 0.821 seconds
[0m17:03:29.305985 [debug] [Thread-2 (]: Writing runtime SQL for node "seed.apc.cost_component_map"
[0m17:03:29.309508 [info ] [Thread-2 (]: 15 of 135 OK loaded seed file DBT_ANALYTICS_DBT_ANALYTICS.cost_component_map ... [[32mCREATE 9[0m in 3.45s]
[0m17:03:29.310408 [debug] [Thread-2 (]: Finished running node seed.apc.cost_component_map
[0m17:03:29.311404 [debug] [Thread-2 (]: Began running node seed.apc.rate_thresholds
[0m17:03:29.312525 [info ] [Thread-2 (]: 18 of 135 START seed file DBT_ANALYTICS_DBT_ANALYTICS.rate_thresholds .......... [RUN]
[0m17:03:29.313288 [debug] [Thread-2 (]: Re-using an available connection from the pool (formerly seed.apc.cost_component_map, now seed.apc.rate_thresholds)
[0m17:03:29.313958 [debug] [Thread-2 (]: Began compiling node seed.apc.rate_thresholds
[0m17:03:29.314605 [debug] [Thread-2 (]: Began executing node seed.apc.rate_thresholds
[0m17:03:29.325977 [debug] [Thread-2 (]: Using snowflake connection "seed.apc.rate_thresholds"
[0m17:03:29.326707 [debug] [Thread-2 (]: On seed.apc.rate_thresholds: /* {"app": "dbt", "dbt_version": "1.9.4", "profile_name": "default", "target_name": "dev", "node_id": "seed.apc.rate_thresholds"} */
create table APC_DEPLOY_DB.DBT_ANALYTICS_DBT_ANALYTICS.rate_thresholds (cost_centre text,activity_type text,max_change_pct integer,description text)
[0m17:03:29.327363 [debug] [Thread-2 (]: Opening a new connection, currently in state init
[0m17:03:29.509552 [debug] [Thread-3 (]: SQL status: SUCCESS 1 in 0.797 seconds
[0m17:03:29.511164 [debug] [Thread-3 (]: Writing runtime SQL for node "seed.apc.material_type_map"
[0m17:03:29.514623 [info ] [Thread-3 (]: 16 of 135 OK loaded seed file DBT_ANALYTICS_DBT_ANALYTICS.material_type_map .... [[32mCREATE 3[0m in 3.38s]
[0m17:03:29.515551 [debug] [Thread-3 (]: Finished running node seed.apc.material_type_map
[0m17:03:29.516659 [debug] [Thread-3 (]: Began running node seed.apc.value_chain_config
[0m17:03:29.517773 [info ] [Thread-3 (]: 19 of 135 START seed file DBT_ANALYTICS_DBT_ANALYTICS.value_chain_config ....... [RUN]
[0m17:03:29.518639 [debug] [Thread-3 (]: Re-using an available connection from the pool (formerly seed.apc.material_type_map, now seed.apc.value_chain_config)
[0m17:03:29.519272 [debug] [Thread-3 (]: Began compiling node seed.apc.value_chain_config
[0m17:03:29.519882 [debug] [Thread-3 (]: Began executing node seed.apc.value_chain_config
[0m17:03:29.530362 [debug] [Thread-3 (]: Using snowflake connection "seed.apc.value_chain_config"
[0m17:03:29.531294 [debug] [Thread-3 (]: On seed.apc.value_chain_config: /* {"app": "dbt", "dbt_version": "1.9.4", "profile_name": "default", "target_name": "dev", "node_id": "seed.apc.value_chain_config"} */
create table APC_DEPLOY_DB.DBT_ANALYTICS_DBT_ANALYTICS.value_chain_config (source_plant text,destination_plant text,material_number text,chain_step integer,step_type text,interco_markup_pct integer,transport_cost_per_unit float8)
[0m17:03:29.531982 [debug] [Thread-3 (]: Opening a new connection, currently in state init
[0m17:03:31.011149 [debug] [Thread-4 (]: SQL status: SUCCESS 1 in 6.341 seconds
[0m17:03:31.014231 [info ] [Thread-4 (]: 13 of 135 OK created sql dynamic_table model DBT_ANALYTICS.stg_value_chain ..... [[32mSUCCESS 1[0m in 6.37s]
[0m17:03:31.015118 [debug] [Thread-4 (]: Finished running node model.apc.stg_value_chain
[0m17:03:31.016177 [debug] [Thread-4 (]: Began running node test.apc.validate_bom_readiness
[0m17:03:31.017302 [info ] [Thread-4 (]: 20 of 135 START test validate_bom_readiness .................................... [RUN]
[0m17:03:31.018201 [debug] [Thread-4 (]: Re-using an available connection from the pool (formerly model.apc.stg_value_chain, now test.apc.validate_bom_readiness)
[0m17:03:31.018833 [debug] [Thread-4 (]: Began compiling node test.apc.validate_bom_readiness
[0m17:03:31.027811 [debug] [Thread-4 (]: Writing injected SQL for node "test.apc.validate_bom_readiness"
[0m17:03:31.028847 [debug] [Thread-4 (]: Began executing node test.apc.validate_bom_readiness
[0m17:03:31.055072 [debug] [Thread-4 (]: Writing runtime sql for node "test.apc.validate_bom_readiness"
[0m17:03:31.060161 [debug] [Thread-4 (]: Using snowflake connection "test.apc.validate_bom_readiness"
[0m17:03:31.061451 [debug] [Thread-4 (]: On test.apc.validate_bom_readiness: /* {"app": "dbt", "dbt_version": "1.9.4", "profile_name": "default", "target_name": "dev", "node_id": "test.apc.validate_bom_readiness"} */
select
      count(*) as failures,
      count(*) != 0 as should_warn,
      count(*) != 0 as should_error
    from (
      -- Validation: BOM readiness assessment against existing mart_product_cost — identifies DQ gaps before AZ deployment.
-- Co-authored with CoCo
--
-- PURPOSE: Run this BEFORE deploying the BOM extension models to understand what
-- data quality issues will surface. Simulates the checks that mart_fmc_vs_bom,
-- mart_volume_alignment, mart_rate_stability, and mart_cogm_evolution will perform.
--
-- FINDINGS SUMMARY (based on current APC_DEPLOY_DB data):
--
-- GAP 1: No BOM source tables exist yet (STKO_RAW, STPO_RAW, PLPO_RAW, KSPI_RAW)
--         → All 10 FERT products × 5 plants = 50 product/plant combos will flag as MISSING_BOM
--
-- GAP 2: No APO demand plan (APO_DEMAND_RAW)
--         → Volume reconciliation cannot run; all products flag as UNPLANNED_DEMAND
--
-- GAP 3: No value chain config (VALUE_CHAIN_RAW, SCC_ADJUSTMENTS_RAW)
--         → Intercompany margin is invisible; all multi-site products have opaque transfer pricing
--
-- GAP 4: No brand/TA/country enrichment in material master
--         → COGM evolution by therapeutic area is impossible without MARA extension or mapping seed
--
-- WHAT THE EXISTING DATA TELLS US (cost structure analysis):
-- ─────────────────────────────────────────────────────────
-- The 9 cost components in MART_COST_COMPONENT_DETAIL reveal:
--   • API / Drug Substance = 46.6% of total cost (BOM material layer — largest DQ risk if BOM incomplete)
--   • Direct Labour = 14% (routing/activity rate layer)
--   • Excipients & Solvents = 13% (BOM material layer)
--   • Manufacturing Overhead = 11.2% (allocation layer — hardest to validate without rates)
--   • Energy = 3% (already has external index feed)
--   • Packaging = 6.3% (BOM material layer)
--
-- IMPLICATION: 65.5% of cost is BOM-traceable material (API + Excipients + Packaging).
-- If BOM explosion is incomplete, you're blind to the majority of cost drivers.

-- ═══════════════════════════════════════════════════════════════════
-- CHECK 1: Products that WILL flag as MISSING_BOM (no BOM source exists)
-- ═══════════════════════════════════════════════════════════════════
WITH fert_products AS (
    SELECT DISTINCT
        material_number,
        material_description,
        plant_code,
        actual_cost_per_unit,
        standard_cost_per_unit,
        cost_variance_pct
    FROM APC_DEPLOY_DB.DBT_ANALYTICS.MART_PRODUCT_COST
    WHERE fiscal_year = 2026 AND period = '006' AND material_type = 'FERT'
),

-- ═══════════════════════════════════════════════════════════════════
-- CHECK 2: Cost structure imbalance — products where component split is incomplete
-- (signals missing BOM levels: if sum of components ≠ total unit cost)
-- ═══════════════════════════════════════════════════════════════════
component_coverage AS (
    SELECT
        material_number,
        plant_code,
        COUNT(DISTINCT cost_component) AS component_count,
        SUM(actual_cost) AS sum_components,
        -- Products should have all 9 components for full BOM traceability
        CASE
            WHEN COUNT(DISTINCT cost_component) < 7 THEN 'INCOMPLETE_SPLIT'
            WHEN COUNT(DISTINCT cost_component) >= 9 THEN 'FULL_COVERAGE'
            ELSE 'PARTIAL_COVERAGE'
        END AS component_coverage_status
    FROM APC_DEPLOY_DB.DBT_ANALYTICS.MART_COST_COMPONENT_DETAIL
    WHERE fiscal_year = 2026 AND period = '006'
    GROUP BY material_number, plant_code
),

-- ═══════════════════════════════════════════════════════════════════
-- CHECK 3: Cost vs component sum reconciliation
-- (if actual_cost_per_unit ≠ sum of components → allocation gap)
-- ═══════════════════════════════════════════════════════════════════
cost_recon AS (
    SELECT
        f.material_number,
        f.plant_code,
        f.actual_cost_per_unit AS fmc_total,
        c.sum_components AS component_sum,
        ROUND(f.actual_cost_per_unit - c.sum_components, 2) AS unexplained_cost,
        ROUND(100.0 * (f.actual_cost_per_unit - c.sum_components)
              / NULLIF(f.actual_cost_per_unit, 0), 1) AS unexplained_pct,
        CASE
            WHEN ABS(f.actual_cost_per_unit - c.sum_components)
                 / NULLIF(f.actual_cost_per_unit, 0) > 0.05 THEN 'HIGH_GAP'
            WHEN ABS(f.actual_cost_per_unit - c.sum_components)
                 / NULLIF(f.actual_cost_per_unit, 0) > 0.02 THEN 'MEDIUM_GAP'
            ELSE 'RECONCILED'
        END AS recon_status
    FROM fert_products f
    LEFT JOIN component_coverage c
        ON f.material_number = c.material_number
        AND f.plant_code = c.plant_code
),

-- ═══════════════════════════════════════════════════════════════════
-- CHECK 4: High-variance products that need BOM validation most urgently
-- (if FMC shows >10% variance, BOM build-up would reveal whether it's
-- material price, activity rate, or allocation issue)
-- ═══════════════════════════════════════════════════════════════════
priority_products AS (
    SELECT
        material_number,
        material_description,
        plant_code,
        actual_cost_per_unit,
        standard_cost_per_unit,
        cost_variance_pct,
        CASE
            WHEN cost_variance_pct > 15 THEN 'CRITICAL — BOM validation urgently needed'
            WHEN cost_variance_pct > 10 THEN 'HIGH — BOM would explain driver'
            WHEN cost_variance_pct > 5 THEN 'MEDIUM — BOM useful for transparency'
            ELSE 'LOW — variance within tolerance'
        END AS bom_priority
    FROM fert_products
),

-- ═══════════════════════════════════════════════════════════════════
-- CHECK 5: Plant-level patterns — which sites have systematic issues?
-- (AZ's Dunboyne PL03 shows consistently high variance — BOM + routing
-- validation would reveal if it's a rate issue or structural BOM gap)
-- ═══════════════════════════════════════════════════════════════════
plant_summary AS (
    SELECT
        plant_code,
        COUNT(*) AS product_count,
        ROUND(AVG(cost_variance_pct), 1) AS avg_variance_pct,
        SUM(CASE WHEN cost_variance_pct > 10 THEN 1 ELSE 0 END) AS high_variance_count,
        ROUND(100.0 * SUM(CASE WHEN cost_variance_pct > 10 THEN 1 ELSE 0 END)
              / COUNT(*), 0) AS pct_high_variance
    FROM fert_products
    GROUP BY plant_code
)

-- ═══════════════════════════════════════════════════════════════════
-- FINAL OUTPUT: Consolidated readiness report
-- ═══════════════════════════════════════════════════════════════════
SELECT
    '1. PRODUCT BOM PRIORITY' AS check_category,
    p.material_number,
    p.material_description,
    p.plant_code,
    p.cost_variance_pct,
    p.bom_priority AS finding,
    cr.recon_status AS component_recon,
    cr.unexplained_pct AS unexplained_cost_pct,
    cc.component_count,
    cc.component_coverage_status
FROM priority_products p
LEFT JOIN cost_recon cr
    ON p.material_number = cr.material_number AND p.plant_code = cr.plant_code
LEFT JOIN component_coverage cc
    ON p.material_number = cc.material_number AND p.plant_code = cc.plant_code
ORDER BY p.cost_variance_pct DESC;
[0m17:03:31.062521 [debug] [Thread-4 (]: Opening a new connection, currently in state init
[0m17:03:32.566692 [debug] [Thread-5 (]: SQL status: SUCCESS 1 in 3.552 seconds
[0m17:03:32.569134 [debug] [Thread-5 (]: Using snowflake connection "seed.apc.plant_energy_intensity"
[0m17:03:32.569977 [debug] [Thread-5 (]: On seed.apc.plant_energy_intensity: /* {"app": "dbt", "dbt_version": "1.9.4", "profile_name": "default", "target_name": "dev", "node_id": "seed.apc.plant_energy_intensity"} */
create table APC_DEPLOY_DB.DBT_ANALYTICS_DBT_ANALYTICS.plant_energy_intensity (plant_code text,country text,energy_index text,mwh_per_unit float8)
[0m17:03:32.911785 [debug] [Thread-2 (]: SQL status: SUCCESS 1 in 3.584 seconds
[0m17:03:32.913929 [debug] [Thread-2 (]: Using snowflake connection "seed.apc.rate_thresholds"
[0m17:03:32.914622 [debug] [Thread-2 (]: On seed.apc.rate_thresholds: /* {"app": "dbt", "dbt_version": "1.9.4", "profile_name": "default", "target_name": "dev", "node_id": "seed.apc.rate_thresholds"} */
BEGIN
[0m17:03:32.992981 [debug] [Thread-4 (]: Snowflake adapter: Snowflake query id: 01c51ec3-0209-7808-003b-400709f605ce
[0m17:03:32.993709 [debug] [Thread-4 (]: Snowflake adapter: Snowflake error: 001003 (42000): SQL compilation error:
syntax error line 160 at position 33 unexpected ';'.
[0m17:03:32.998159 [debug] [Thread-4 (]: Database Error in test validate_bom_readiness (tests/validate_bom_readiness.sql)
  001003 (42000): SQL compilation error:
  syntax error line 160 at position 33 unexpected ';'.
  compiled code at /tmp/dbt/target/run/apc/tests/validate_bom_readiness.sql
[0m17:03:32.999136 [error] [Thread-4 (]: 20 of 135 ERROR validate_bom_readiness ......................................... [[31mERROR[0m in 1.98s]
[0m17:03:33.000058 [debug] [Thread-4 (]: Finished running node test.apc.validate_bom_readiness
[0m17:03:33.001153 [debug] [Thread-4 (]: Began running node test.apc.not_null_stg_activity_rates_activity_type.bfa114529c
[0m17:03:33.001978 [debug] [Thread-8 (]: Marking all children of 'test.apc.validate_bom_readiness' to be skipped because of status 'error'.  Reason: Database Error in test validate_bom_readiness (tests/validate_bom_readiness.sql)
  001003 (42000): SQL compilation error:
  syntax error line 160 at position 33 unexpected ';'.
  compiled code at /tmp/dbt/target/run/apc/tests/validate_bom_readiness.sql.
[0m17:03:33.002706 [info ] [Thread-4 (]: 21 of 135 START test not_null_stg_activity_rates_activity_type ................. [RUN]
[0m17:03:33.004010 [debug] [Thread-4 (]: Re-using an available connection from the pool (formerly test.apc.validate_bom_readiness, now test.apc.not_null_stg_activity_rates_activity_type.bfa114529c)
[0m17:03:33.004639 [debug] [Thread-4 (]: Began compiling node test.apc.not_null_stg_activity_rates_activity_type.bfa114529c
[0m17:03:33.020950 [debug] [Thread-4 (]: Writing injected SQL for node "test.apc.not_null_stg_activity_rates_activity_type.bfa114529c"
[0m17:03:33.021933 [debug] [Thread-4 (]: Began executing node test.apc.not_null_stg_activity_rates_activity_type.bfa114529c
[0m17:03:33.030072 [debug] [Thread-4 (]: Writing runtime sql for node "test.apc.not_null_stg_activity_rates_activity_type.bfa114529c"
[0m17:03:33.031379 [debug] [Thread-4 (]: Using snowflake connection "test.apc.not_null_stg_activity_rates_activity_type.bfa114529c"
[0m17:03:33.032041 [debug] [Thread-4 (]: On test.apc.not_null_stg_activity_rates_activity_type.bfa114529c: /* {"app": "dbt", "dbt_version": "1.9.4", "profile_name": "default", "target_name": "dev", "node_id": "test.apc.not_null_stg_activity_rates_activity_type.bfa114529c"} */
select
      count(*) as failures,
      count(*) != 0 as should_warn,
      count(*) != 0 as should_error
    from (
      
    
    



select activity_type
from APC_DEPLOY_DB.DBT_ANALYTICS.stg_activity_rates
where activity_type is null



      
    ) dbt_internal_test
[0m17:03:33.032640 [debug] [Thread-4 (]: Opening a new connection, currently in state init
[0m17:03:33.152986 [debug] [Thread-5 (]: SQL status: SUCCESS 1 in 0.582 seconds
[0m17:03:33.155341 [debug] [Thread-5 (]: Using snowflake connection "seed.apc.plant_energy_intensity"
[0m17:03:33.156032 [debug] [Thread-5 (]: On seed.apc.plant_energy_intensity: /* {"app": "dbt", "dbt_version": "1.9.4", "profile_name": "default", "target_name": "dev", "node_id": "seed.apc.plant_energy_intensity"} */
BEGIN
[0m17:03:33.235266 [debug] [Thread-2 (]: SQL status: SUCCESS 1 in 0.320 seconds
[0m17:03:33.236441 [debug] [Thread-2 (]: Using snowflake connection "seed.apc.rate_thresholds"
[0m17:03:33.237125 [debug] [Thread-2 (]: On seed.apc.rate_thresholds: /* {"app": "dbt", "dbt_version": "1.9.4", "profile_name": "default", "target_name": "dev", "node_id": "seed.apc.rate_thresholds"} */
insert into APC_DEPLOY_DB.DBT_ANALYTICS_DBT_ANALYTICS.rate_thresholds (cost_centre, activity_type, max_change_pct, description) values
            (%s,%s,%s,%s),(%s,%s,%s,%s),(%s,%s,%s,%s),(%s,%s,%s,%s),(%s,%s,%s,%s),(%s,%s,%s,%s)...
[0m17:03:33.425003 [debug] [Thread-3 (]: SQL status: SUCCESS 1 in 3.893 seconds
[0m17:03:33.427408 [debug] [Thread-3 (]: Using snowflake connection "seed.apc.value_chain_config"
[0m17:03:33.428122 [debug] [Thread-3 (]: On seed.apc.value_chain_config: /* {"app": "dbt", "dbt_version": "1.9.4", "profile_name": "default", "target_name": "dev", "node_id": "seed.apc.value_chain_config"} */
BEGIN
[0m17:03:33.676609 [debug] [Thread-5 (]: SQL status: SUCCESS 1 in 0.520 seconds
[0m17:03:33.677993 [debug] [Thread-5 (]: Using snowflake connection "seed.apc.plant_energy_intensity"
[0m17:03:33.678744 [debug] [Thread-5 (]: On seed.apc.plant_energy_intensity: /* {"app": "dbt", "dbt_version": "1.9.4", "profile_name": "default", "target_name": "dev", "node_id": "seed.apc.plant_energy_intensity"} */
insert into APC_DEPLOY_DB.DBT_ANALYTICS_DBT_ANALYTICS.plant_energy_intensity (plant_code, country, energy_index, mwh_per_unit) values
            (%s,%s,%s,%s),(%s,%s,%s,%s),(%s,%s,%s,%s),(%s,%s,%s,%s),(%s,%s,%s,%s)...
[0m17:03:33.745369 [debug] [Thread-3 (]: SQL status: SUCCESS 1 in 0.316 seconds
[0m17:03:33.746823 [debug] [Thread-3 (]: Using snowflake connection "seed.apc.value_chain_config"
[0m17:03:33.747527 [debug] [Thread-3 (]: On seed.apc.value_chain_config: /* {"app": "dbt", "dbt_version": "1.9.4", "profile_name": "default", "target_name": "dev", "node_id": "seed.apc.value_chain_config"} */
insert into APC_DEPLOY_DB.DBT_ANALYTICS_DBT_ANALYTICS.value_chain_config (source_plant, destination_plant, material_number, chain_step, step_type, interco_markup_pct, transport_cost_per_unit) values
            (%s,%s,%s,%s,%s,%s,%s),(%s,%s,%s,%s,%s,%s,%s),(%s,%s,%s,%s,%s,%s,%s),(%s,%s,%s,%s,%s,%s,%s),(%s,%s,%s,%s,%s,%s,%s),(%s,%s,%s,%s,%s,%s,%s),(%s,%s,%s,%s,%s,%s,%s),(%s,...
[0m17:03:34.137441 [debug] [Thread-2 (]: SQL status: SUCCESS 6 in 0.899 seconds
[0m17:03:34.138443 [debug] [Thread-2 (]: Using snowflake connection "seed.apc.rate_thresholds"
[0m17:03:34.139118 [debug] [Thread-2 (]: On seed.apc.rate_thresholds: /* {"app": "dbt", "dbt_version": "1.9.4", "profile_name": "default", "target_name": "dev", "node_id": "seed.apc.rate_thresholds"} */
COMMIT
[0m17:03:34.339282 [debug] [Thread-5 (]: SQL status: SUCCESS 5 in 0.660 seconds
[0m17:03:34.340206 [debug] [Thread-5 (]: Using snowflake connection "seed.apc.plant_energy_intensity"
[0m17:03:34.340842 [debug] [Thread-5 (]: On seed.apc.plant_energy_intensity: /* {"app": "dbt", "dbt_version": "1.9.4", "profile_name": "default", "target_name": "dev", "node_id": "seed.apc.plant_energy_intensity"} */
COMMIT
[0m17:03:34.479446 [debug] [Thread-3 (]: SQL status: SUCCESS 12 in 0.731 seconds
[0m17:03:34.480373 [debug] [Thread-3 (]: Using snowflake connection "seed.apc.value_chain_config"
[0m17:03:34.481057 [debug] [Thread-3 (]: On seed.apc.value_chain_config: /* {"app": "dbt", "dbt_version": "1.9.4", "profile_name": "default", "target_name": "dev", "node_id": "seed.apc.value_chain_config"} */
COMMIT
[0m17:03:34.790394 [debug] [Thread-2 (]: SQL status: SUCCESS 1 in 0.650 seconds
[0m17:03:34.791544 [debug] [Thread-2 (]: Writing runtime SQL for node "seed.apc.rate_thresholds"
[0m17:03:34.794825 [info ] [Thread-2 (]: 18 of 135 OK loaded seed file DBT_ANALYTICS_DBT_ANALYTICS.rate_thresholds ...... [[32mCREATE 6[0m in 5.48s]
[0m17:03:34.795700 [debug] [Thread-2 (]: Finished running node seed.apc.rate_thresholds
[0m17:03:34.796784 [debug] [Thread-2 (]: Began running node test.apc.not_null_stg_activity_rates_cost_centre.26f3688b03
[0m17:03:34.797521 [info ] [Thread-2 (]: 22 of 135 START test not_null_stg_activity_rates_cost_centre ................... [RUN]
[0m17:03:34.798365 [debug] [Thread-2 (]: Re-using an available connection from the pool (formerly seed.apc.rate_thresholds, now test.apc.not_null_stg_activity_rates_cost_centre.26f3688b03)
[0m17:03:34.798997 [debug] [Thread-2 (]: Began compiling node test.apc.not_null_stg_activity_rates_cost_centre.26f3688b03
[0m17:03:34.808919 [debug] [Thread-2 (]: Writing injected SQL for node "test.apc.not_null_stg_activity_rates_cost_centre.26f3688b03"
[0m17:03:34.809845 [debug] [Thread-2 (]: Began executing node test.apc.not_null_stg_activity_rates_cost_centre.26f3688b03
[0m17:03:34.817363 [debug] [Thread-2 (]: Writing runtime sql for node "test.apc.not_null_stg_activity_rates_cost_centre.26f3688b03"
[0m17:03:34.818707 [debug] [Thread-2 (]: Using snowflake connection "test.apc.not_null_stg_activity_rates_cost_centre.26f3688b03"
[0m17:03:34.822685 [debug] [Thread-2 (]: On test.apc.not_null_stg_activity_rates_cost_centre.26f3688b03: /* {"app": "dbt", "dbt_version": "1.9.4", "profile_name": "default", "target_name": "dev", "node_id": "test.apc.not_null_stg_activity_rates_cost_centre.26f3688b03"} */
select
      count(*) as failures,
      count(*) != 0 as should_warn,
      count(*) != 0 as should_error
    from (
      
    
    



select cost_centre
from APC_DEPLOY_DB.DBT_ANALYTICS.stg_activity_rates
where cost_centre is null



      
    ) dbt_internal_test
[0m17:03:34.823467 [debug] [Thread-2 (]: Opening a new connection, currently in state init
[0m17:03:34.857149 [debug] [Thread-4 (]: SQL status: SUCCESS 1 in 1.824 seconds
[0m17:03:34.862001 [info ] [Thread-4 (]: 21 of 135 PASS not_null_stg_activity_rates_activity_type ....................... [[32mPASS[0m in 1.86s]
[0m17:03:34.862940 [debug] [Thread-4 (]: Finished running node test.apc.not_null_stg_activity_rates_activity_type.bfa114529c
[0m17:03:34.864049 [debug] [Thread-4 (]: Began running node test.apc.not_null_stg_activity_rates_total_rate.cfb3c0849d
[0m17:03:34.864874 [info ] [Thread-4 (]: 23 of 135 START test not_null_stg_activity_rates_total_rate .................... [RUN]
[0m17:03:34.865700 [debug] [Thread-4 (]: Re-using an available connection from the pool (formerly test.apc.not_null_stg_activity_rates_activity_type.bfa114529c, now test.apc.not_null_stg_activity_rates_total_rate.cfb3c0849d)
[0m17:03:34.866361 [debug] [Thread-4 (]: Began compiling node test.apc.not_null_stg_activity_rates_total_rate.cfb3c0849d
[0m17:03:34.877234 [debug] [Thread-4 (]: Writing injected SQL for node "test.apc.not_null_stg_activity_rates_total_rate.cfb3c0849d"
[0m17:03:34.879116 [debug] [Thread-4 (]: Began executing node test.apc.not_null_stg_activity_rates_total_rate.cfb3c0849d
[0m17:03:34.886860 [debug] [Thread-4 (]: Writing runtime sql for node "test.apc.not_null_stg_activity_rates_total_rate.cfb3c0849d"
[0m17:03:34.888213 [debug] [Thread-4 (]: Using snowflake connection "test.apc.not_null_stg_activity_rates_total_rate.cfb3c0849d"
[0m17:03:34.889088 [debug] [Thread-4 (]: On test.apc.not_null_stg_activity_rates_total_rate.cfb3c0849d: /* {"app": "dbt", "dbt_version": "1.9.4", "profile_name": "default", "target_name": "dev", "node_id": "test.apc.not_null_stg_activity_rates_total_rate.cfb3c0849d"} */
select
      count(*) as failures,
      count(*) != 0 as should_warn,
      count(*) != 0 as should_error
    from (
      
    
    



select total_rate
from APC_DEPLOY_DB.DBT_ANALYTICS.stg_activity_rates
where total_rate is null



      
    ) dbt_internal_test
[0m17:03:34.889739 [debug] [Thread-4 (]: Opening a new connection, currently in state init
[0m17:03:35.061709 [debug] [Thread-5 (]: SQL status: SUCCESS 1 in 0.720 seconds
[0m17:03:35.062821 [debug] [Thread-5 (]: Writing runtime SQL for node "seed.apc.plant_energy_intensity"
[0m17:03:35.066496 [info ] [Thread-5 (]: 17 of 135 OK loaded seed file DBT_ANALYTICS_DBT_ANALYTICS.plant_energy_intensity  [[32mCREATE 5[0m in 6.07s]
[0m17:03:35.067331 [debug] [Thread-5 (]: Finished running node seed.apc.plant_energy_intensity
[0m17:03:35.068410 [debug] [Thread-5 (]: Began running node test.apc.not_null_stg_bom_items_bom_number.8307c9e508
[0m17:03:35.069393 [info ] [Thread-5 (]: 24 of 135 START test not_null_stg_bom_items_bom_number ......................... [RUN]
[0m17:03:35.070164 [debug] [Thread-5 (]: Re-using an available connection from the pool (formerly seed.apc.plant_energy_intensity, now test.apc.not_null_stg_bom_items_bom_number.8307c9e508)
[0m17:03:35.070811 [debug] [Thread-5 (]: Began compiling node test.apc.not_null_stg_bom_items_bom_number.8307c9e508
[0m17:03:35.081498 [debug] [Thread-5 (]: Writing injected SQL for node "test.apc.not_null_stg_bom_items_bom_number.8307c9e508"
[0m17:03:35.082415 [debug] [Thread-5 (]: Began executing node test.apc.not_null_stg_bom_items_bom_number.8307c9e508
[0m17:03:35.090115 [debug] [Thread-5 (]: Writing runtime sql for node "test.apc.not_null_stg_bom_items_bom_number.8307c9e508"
[0m17:03:35.091368 [debug] [Thread-5 (]: Using snowflake connection "test.apc.not_null_stg_bom_items_bom_number.8307c9e508"
[0m17:03:35.092049 [debug] [Thread-5 (]: On test.apc.not_null_stg_bom_items_bom_number.8307c9e508: /* {"app": "dbt", "dbt_version": "1.9.4", "profile_name": "default", "target_name": "dev", "node_id": "test.apc.not_null_stg_bom_items_bom_number.8307c9e508"} */
select
      count(*) as failures,
      count(*) != 0 as should_warn,
      count(*) != 0 as should_error
    from (
      
    
    



select bom_number
from APC_DEPLOY_DB.DBT_ANALYTICS.stg_bom_items
where bom_number is null



      
    ) dbt_internal_test
[0m17:03:35.092713 [debug] [Thread-5 (]: Opening a new connection, currently in state init
[0m17:03:35.096278 [debug] [Thread-3 (]: SQL status: SUCCESS 1 in 0.614 seconds
[0m17:03:35.097325 [debug] [Thread-3 (]: Writing runtime SQL for node "seed.apc.value_chain_config"
[0m17:03:35.100726 [info ] [Thread-3 (]: 19 of 135 OK loaded seed file DBT_ANALYTICS_DBT_ANALYTICS.value_chain_config ... [[32mCREATE 12[0m in 5.58s]
[0m17:03:35.101621 [debug] [Thread-3 (]: Finished running node seed.apc.value_chain_config
[0m17:03:35.102670 [debug] [Thread-3 (]: Began running node test.apc.not_null_stg_bom_items_component_material.991a69c4f3
[0m17:03:35.103383 [info ] [Thread-3 (]: 25 of 135 START test not_null_stg_bom_items_component_material ................. [RUN]
[0m17:03:35.104155 [debug] [Thread-3 (]: Re-using an available connection from the pool (formerly seed.apc.value_chain_config, now test.apc.not_null_stg_bom_items_component_material.991a69c4f3)
[0m17:03:35.104764 [debug] [Thread-3 (]: Began compiling node test.apc.not_null_stg_bom_items_component_material.991a69c4f3
[0m17:03:35.116741 [debug] [Thread-3 (]: Writing injected SQL for node "test.apc.not_null_stg_bom_items_component_material.991a69c4f3"
[0m17:03:35.123227 [debug] [Thread-3 (]: Began executing node test.apc.not_null_stg_bom_items_component_material.991a69c4f3
[0m17:03:35.131638 [debug] [Thread-3 (]: Writing runtime sql for node "test.apc.not_null_stg_bom_items_component_material.991a69c4f3"
[0m17:03:35.134067 [debug] [Thread-3 (]: Using snowflake connection "test.apc.not_null_stg_bom_items_component_material.991a69c4f3"
[0m17:03:35.134942 [debug] [Thread-3 (]: On test.apc.not_null_stg_bom_items_component_material.991a69c4f3: /* {"app": "dbt", "dbt_version": "1.9.4", "profile_name": "default", "target_name": "dev", "node_id": "test.apc.not_null_stg_bom_items_component_material.991a69c4f3"} */
select
      count(*) as failures,
      count(*) != 0 as should_warn,
      count(*) != 0 as should_error
    from (
      
    
    



select component_material
from APC_DEPLOY_DB.DBT_ANALYTICS.stg_bom_items
where component_material is null



      
    ) dbt_internal_test
[0m17:03:35.135580 [debug] [Thread-3 (]: Opening a new connection, currently in state init
[0m17:03:35.923705 [debug] [Thread-2 (]: SQL status: SUCCESS 1 in 1.100 seconds
[0m17:03:35.926567 [info ] [Thread-2 (]: 22 of 135 PASS not_null_stg_activity_rates_cost_centre ......................... [[32mPASS[0m in 1.13s]
[0m17:03:35.927514 [debug] [Thread-2 (]: Finished running node test.apc.not_null_stg_activity_rates_cost_centre.26f3688b03
[0m17:03:35.928677 [debug] [Thread-2 (]: Began running node test.apc.not_null_stg_bom_header_bom_number.fdf19b626a
[0m17:03:35.929448 [info ] [Thread-2 (]: 26 of 135 START test not_null_stg_bom_header_bom_number ........................ [RUN]
[0m17:03:35.930202 [debug] [Thread-2 (]: Re-using an available connection from the pool (formerly test.apc.not_null_stg_activity_rates_cost_centre.26f3688b03, now test.apc.not_null_stg_bom_header_bom_number.fdf19b626a)
[0m17:03:35.930802 [debug] [Thread-2 (]: Began compiling node test.apc.not_null_stg_bom_header_bom_number.fdf19b626a
[0m17:03:35.941331 [debug] [Thread-2 (]: Writing injected SQL for node "test.apc.not_null_stg_bom_header_bom_number.fdf19b626a"
[0m17:03:35.942560 [debug] [Thread-4 (]: SQL status: SUCCESS 1 in 1.053 seconds
[0m17:03:35.945735 [info ] [Thread-4 (]: 23 of 135 PASS not_null_stg_activity_rates_total_rate .......................... [[32mPASS[0m in 1.08s]
[0m17:03:35.946556 [debug] [Thread-2 (]: Began executing node test.apc.not_null_stg_bom_header_bom_number.fdf19b626a
[0m17:03:35.947450 [debug] [Thread-4 (]: Finished running node test.apc.not_null_stg_activity_rates_total_rate.cfb3c0849d
[0m17:03:35.957079 [debug] [Thread-2 (]: Writing runtime sql for node "test.apc.not_null_stg_bom_header_bom_number.fdf19b626a"
[0m17:03:35.958807 [debug] [Thread-4 (]: Began running node test.apc.not_null_stg_bom_header_material_number.293192de64
[0m17:03:35.960105 [info ] [Thread-4 (]: 27 of 135 START test not_null_stg_bom_header_material_number ................... [RUN]
[0m17:03:35.961235 [debug] [Thread-2 (]: Using snowflake connection "test.apc.not_null_stg_bom_header_bom_number.fdf19b626a"
[0m17:03:35.962163 [debug] [Thread-4 (]: Re-using an available connection from the pool (formerly test.apc.not_null_stg_activity_rates_total_rate.cfb3c0849d, now test.apc.not_null_stg_bom_header_material_number.293192de64)
[0m17:03:35.962902 [debug] [Thread-2 (]: On test.apc.not_null_stg_bom_header_bom_number.fdf19b626a: /* {"app": "dbt", "dbt_version": "1.9.4", "profile_name": "default", "target_name": "dev", "node_id": "test.apc.not_null_stg_bom_header_bom_number.fdf19b626a"} */
select
      count(*) as failures,
      count(*) != 0 as should_warn,
      count(*) != 0 as should_error
    from (
      
    
    



select bom_number
from APC_DEPLOY_DB.DBT_ANALYTICS.stg_bom_header
where bom_number is null



      
    ) dbt_internal_test
[0m17:03:35.963641 [debug] [Thread-4 (]: Began compiling node test.apc.not_null_stg_bom_header_material_number.293192de64
[0m17:03:35.964360 [debug] [Thread-2 (]: Opening a new connection, currently in state init
[0m17:03:35.974170 [debug] [Thread-4 (]: Writing injected SQL for node "test.apc.not_null_stg_bom_header_material_number.293192de64"
[0m17:03:35.975256 [debug] [Thread-4 (]: Began executing node test.apc.not_null_stg_bom_header_material_number.293192de64
[0m17:03:35.983872 [debug] [Thread-4 (]: Writing runtime sql for node "test.apc.not_null_stg_bom_header_material_number.293192de64"
[0m17:03:35.985163 [debug] [Thread-4 (]: Using snowflake connection "test.apc.not_null_stg_bom_header_material_number.293192de64"
[0m17:03:35.985898 [debug] [Thread-4 (]: On test.apc.not_null_stg_bom_header_material_number.293192de64: /* {"app": "dbt", "dbt_version": "1.9.4", "profile_name": "default", "target_name": "dev", "node_id": "test.apc.not_null_stg_bom_header_material_number.293192de64"} */
select
      count(*) as failures,
      count(*) != 0 as should_warn,
      count(*) != 0 as should_error
    from (
      
    
    



select material_number
from APC_DEPLOY_DB.DBT_ANALYTICS.stg_bom_header
where material_number is null



      
    ) dbt_internal_test
[0m17:03:35.989913 [debug] [Thread-4 (]: Opening a new connection, currently in state init
[0m17:03:36.324056 [debug] [Thread-3 (]: SQL status: SUCCESS 1 in 1.188 seconds
[0m17:03:36.326922 [info ] [Thread-3 (]: 25 of 135 PASS not_null_stg_bom_items_component_material ....................... [[32mPASS[0m in 1.22s]
[0m17:03:36.327822 [debug] [Thread-3 (]: Finished running node test.apc.not_null_stg_bom_items_component_material.991a69c4f3
[0m17:03:36.328961 [debug] [Thread-3 (]: Began running node test.apc.not_null_stg_apo_planned_volume_material_number.8826a5abff
[0m17:03:36.329745 [info ] [Thread-3 (]: 28 of 135 START test not_null_stg_apo_planned_volume_material_number ........... [RUN]
[0m17:03:36.330526 [debug] [Thread-3 (]: Re-using an available connection from the pool (formerly test.apc.not_null_stg_bom_items_component_material.991a69c4f3, now test.apc.not_null_stg_apo_planned_volume_material_number.8826a5abff)
[0m17:03:36.331150 [debug] [Thread-3 (]: Began compiling node test.apc.not_null_stg_apo_planned_volume_material_number.8826a5abff
[0m17:03:36.344138 [debug] [Thread-5 (]: SQL status: SUCCESS 1 in 1.251 seconds
[0m17:03:36.345499 [debug] [Thread-3 (]: Writing injected SQL for node "test.apc.not_null_stg_apo_planned_volume_material_number.8826a5abff"
[0m17:03:36.348202 [info ] [Thread-5 (]: 24 of 135 PASS not_null_stg_bom_items_bom_number ............................... [[32mPASS[0m in 1.28s]
[0m17:03:36.349268 [debug] [Thread-5 (]: Finished running node test.apc.not_null_stg_bom_items_bom_number.8307c9e508
[0m17:03:36.350459 [debug] [Thread-5 (]: Began running node test.apc.not_null_stg_apo_planned_volume_planned_production_qty.c0e9d17250
[0m17:03:36.351156 [debug] [Thread-3 (]: Began executing node test.apc.not_null_stg_apo_planned_volume_material_number.8826a5abff
[0m17:03:36.351948 [info ] [Thread-5 (]: 29 of 135 START test not_null_stg_apo_planned_volume_planned_production_qty .... [RUN]
[0m17:03:36.471865 [debug] [Thread-3 (]: Writing runtime sql for node "test.apc.not_null_stg_apo_planned_volume_material_number.8826a5abff"
[0m17:03:36.472738 [debug] [Thread-5 (]: Re-using an available connection from the pool (formerly test.apc.not_null_stg_bom_items_bom_number.8307c9e508, now test.apc.not_null_stg_apo_planned_volume_planned_production_qty.c0e9d17250)
[0m17:03:36.473639 [debug] [Thread-5 (]: Began compiling node test.apc.not_null_stg_apo_planned_volume_planned_production_qty.c0e9d17250
[0m17:03:36.474880 [debug] [Thread-3 (]: Using snowflake connection "test.apc.not_null_stg_apo_planned_volume_material_number.8826a5abff"
[0m17:03:36.484384 [debug] [Thread-5 (]: Writing injected SQL for node "test.apc.not_null_stg_apo_planned_volume_planned_production_qty.c0e9d17250"
[0m17:03:36.485154 [debug] [Thread-3 (]: On test.apc.not_null_stg_apo_planned_volume_material_number.8826a5abff: /* {"app": "dbt", "dbt_version": "1.9.4", "profile_name": "default", "target_name": "dev", "node_id": "test.apc.not_null_stg_apo_planned_volume_material_number.8826a5abff"} */
select
      count(*) as failures,
      count(*) != 0 as should_warn,
      count(*) != 0 as should_error
    from (
      
    
    



select material_number
from APC_DEPLOY_DB.DBT_ANALYTICS.stg_apo_planned_volume
where material_number is null



      
    ) dbt_internal_test
[0m17:03:36.485986 [debug] [Thread-3 (]: Opening a new connection, currently in state init
[0m17:03:36.486693 [debug] [Thread-5 (]: Began executing node test.apc.not_null_stg_apo_planned_volume_planned_production_qty.c0e9d17250
[0m17:03:36.495609 [debug] [Thread-5 (]: Writing runtime sql for node "test.apc.not_null_stg_apo_planned_volume_planned_production_qty.c0e9d17250"
[0m17:03:36.496908 [debug] [Thread-5 (]: Using snowflake connection "test.apc.not_null_stg_apo_planned_volume_planned_production_qty.c0e9d17250"
[0m17:03:36.497576 [debug] [Thread-5 (]: On test.apc.not_null_stg_apo_planned_volume_planned_production_qty.c0e9d17250: /* {"app": "dbt", "dbt_version": "1.9.4", "profile_name": "default", "target_name": "dev", "node_id": "test.apc.not_null_stg_apo_planned_volume_planned_production_qty.c0e9d17250"} */
select
      count(*) as failures,
      count(*) != 0 as should_warn,
      count(*) != 0 as should_error
    from (
      
    
    



select planned_production_qty
from APC_DEPLOY_DB.DBT_ANALYTICS.stg_apo_planned_volume
where planned_production_qty is null



      
    ) dbt_internal_test
[0m17:03:36.498301 [debug] [Thread-5 (]: Opening a new connection, currently in state init
[0m17:03:37.251739 [debug] [Thread-2 (]: SQL status: SUCCESS 1 in 1.287 seconds
[0m17:03:37.254707 [info ] [Thread-2 (]: 26 of 135 PASS not_null_stg_bom_header_bom_number .............................. [[32mPASS[0m in 1.32s]
[0m17:03:37.255618 [debug] [Thread-2 (]: Finished running node test.apc.not_null_stg_bom_header_bom_number.fdf19b626a
[0m17:03:37.256720 [debug] [Thread-2 (]: Began running node test.apc.not_null_stg_fx_rates_from_currency.789d8211d0
[0m17:03:37.257462 [info ] [Thread-2 (]: 30 of 135 START test not_null_stg_fx_rates_from_currency ....................... [RUN]
[0m17:03:37.258307 [debug] [Thread-2 (]: Re-using an available connection from the pool (formerly test.apc.not_null_stg_bom_header_bom_number.fdf19b626a, now test.apc.not_null_stg_fx_rates_from_currency.789d8211d0)
[0m17:03:37.258921 [debug] [Thread-2 (]: Began compiling node test.apc.not_null_stg_fx_rates_from_currency.789d8211d0
[0m17:03:37.268721 [debug] [Thread-2 (]: Writing injected SQL for node "test.apc.not_null_stg_fx_rates_from_currency.789d8211d0"
[0m17:03:37.269647 [debug] [Thread-2 (]: Began executing node test.apc.not_null_stg_fx_rates_from_currency.789d8211d0
[0m17:03:37.280555 [debug] [Thread-2 (]: Writing runtime sql for node "test.apc.not_null_stg_fx_rates_from_currency.789d8211d0"
[0m17:03:37.281888 [debug] [Thread-2 (]: Using snowflake connection "test.apc.not_null_stg_fx_rates_from_currency.789d8211d0"
[0m17:03:37.282589 [debug] [Thread-2 (]: On test.apc.not_null_stg_fx_rates_from_currency.789d8211d0: /* {"app": "dbt", "dbt_version": "1.9.4", "profile_name": "default", "target_name": "dev", "node_id": "test.apc.not_null_stg_fx_rates_from_currency.789d8211d0"} */
select
      count(*) as failures,
      count(*) != 0 as should_warn,
      count(*) != 0 as should_error
    from (
      
    
    



select from_currency
from APC_DEPLOY_DB.DBT_ANALYTICS.stg_fx_rates
where from_currency is null



      
    ) dbt_internal_test
[0m17:03:37.283221 [debug] [Thread-2 (]: Opening a new connection, currently in state init
[0m17:03:37.509513 [debug] [Thread-4 (]: SQL status: SUCCESS 1 in 1.523 seconds
[0m17:03:37.512430 [info ] [Thread-4 (]: 27 of 135 PASS not_null_stg_bom_header_material_number ......................... [[32mPASS[0m in 1.55s]
[0m17:03:37.513836 [debug] [Thread-4 (]: Finished running node test.apc.not_null_stg_bom_header_material_number.293192de64
[0m17:03:37.515409 [debug] [Thread-4 (]: Began running node test.apc.not_null_stg_fx_rates_usd_per_unit.c266c25427
[0m17:03:37.516376 [info ] [Thread-4 (]: 31 of 135 START test not_null_stg_fx_rates_usd_per_unit ........................ [RUN]
[0m17:03:37.517300 [debug] [Thread-4 (]: Re-using an available connection from the pool (formerly test.apc.not_null_stg_bom_header_material_number.293192de64, now test.apc.not_null_stg_fx_rates_usd_per_unit.c266c25427)
[0m17:03:37.517980 [debug] [Thread-4 (]: Began compiling node test.apc.not_null_stg_fx_rates_usd_per_unit.c266c25427
[0m17:03:37.527833 [debug] [Thread-4 (]: Writing injected SQL for node "test.apc.not_null_stg_fx_rates_usd_per_unit.c266c25427"
[0m17:03:37.532064 [debug] [Thread-4 (]: Began executing node test.apc.not_null_stg_fx_rates_usd_per_unit.c266c25427
[0m17:03:37.539976 [debug] [Thread-4 (]: Writing runtime sql for node "test.apc.not_null_stg_fx_rates_usd_per_unit.c266c25427"
[0m17:03:37.541296 [debug] [Thread-4 (]: Using snowflake connection "test.apc.not_null_stg_fx_rates_usd_per_unit.c266c25427"
[0m17:03:37.541993 [debug] [Thread-4 (]: On test.apc.not_null_stg_fx_rates_usd_per_unit.c266c25427: /* {"app": "dbt", "dbt_version": "1.9.4", "profile_name": "default", "target_name": "dev", "node_id": "test.apc.not_null_stg_fx_rates_usd_per_unit.c266c25427"} */
select
      count(*) as failures,
      count(*) != 0 as should_warn,
      count(*) != 0 as should_error
    from (
      
    
    



select usd_per_unit
from APC_DEPLOY_DB.DBT_ANALYTICS.stg_fx_rates
where usd_per_unit is null



      
    ) dbt_internal_test
[0m17:03:37.542606 [debug] [Thread-4 (]: Opening a new connection, currently in state init
[0m17:03:38.078180 [debug] [Thread-3 (]: SQL status: SUCCESS 1 in 1.592 seconds
[0m17:03:38.081039 [info ] [Thread-3 (]: 28 of 135 PASS not_null_stg_apo_planned_volume_material_number ................. [[32mPASS[0m in 1.75s]
[0m17:03:38.081997 [debug] [Thread-3 (]: Finished running node test.apc.not_null_stg_apo_planned_volume_material_number.8826a5abff
[0m17:03:38.083109 [debug] [Thread-3 (]: Began running node test.apc.not_null_stg_plant_local_currency.6991f0929a
[0m17:03:38.083889 [info ] [Thread-3 (]: 32 of 135 START test not_null_stg_plant_local_currency ......................... [RUN]
[0m17:03:38.084696 [debug] [Thread-3 (]: Re-using an available connection from the pool (formerly test.apc.not_null_stg_apo_planned_volume_material_number.8826a5abff, now test.apc.not_null_stg_plant_local_currency.6991f0929a)
[0m17:03:38.085329 [debug] [Thread-3 (]: Began compiling node test.apc.not_null_stg_plant_local_currency.6991f0929a
[0m17:03:38.094298 [debug] [Thread-5 (]: SQL status: SUCCESS 1 in 1.596 seconds
[0m17:03:38.096659 [debug] [Thread-3 (]: Writing injected SQL for node "test.apc.not_null_stg_plant_local_currency.6991f0929a"
[0m17:03:38.101354 [info ] [Thread-5 (]: 29 of 135 PASS not_null_stg_apo_planned_volume_planned_production_qty .......... [[32mPASS[0m in 1.63s]
[0m17:03:38.102597 [debug] [Thread-5 (]: Finished running node test.apc.not_null_stg_apo_planned_volume_planned_production_qty.c0e9d17250
[0m17:03:38.103295 [debug] [Thread-3 (]: Began executing node test.apc.not_null_stg_plant_local_currency.6991f0929a
[0m17:03:38.104456 [debug] [Thread-5 (]: Began running node test.apc.not_null_stg_plant_plant_code.898247d37d
[0m17:03:38.112762 [debug] [Thread-3 (]: Writing runtime sql for node "test.apc.not_null_stg_plant_local_currency.6991f0929a"
[0m17:03:38.113525 [info ] [Thread-5 (]: 33 of 135 START test not_null_stg_plant_plant_code ............................. [RUN]
[0m17:03:38.114621 [debug] [Thread-5 (]: Re-using an available connection from the pool (formerly test.apc.not_null_stg_apo_planned_volume_planned_production_qty.c0e9d17250, now test.apc.not_null_stg_plant_plant_code.898247d37d)
[0m17:03:38.115690 [debug] [Thread-3 (]: Using snowflake connection "test.apc.not_null_stg_plant_local_currency.6991f0929a"
[0m17:03:38.116407 [debug] [Thread-5 (]: Began compiling node test.apc.not_null_stg_plant_plant_code.898247d37d
[0m17:03:38.117097 [debug] [Thread-3 (]: On test.apc.not_null_stg_plant_local_currency.6991f0929a: /* {"app": "dbt", "dbt_version": "1.9.4", "profile_name": "default", "target_name": "dev", "node_id": "test.apc.not_null_stg_plant_local_currency.6991f0929a"} */
select
      count(*) as failures,
      count(*) != 0 as should_warn,
      count(*) != 0 as should_error
    from (
      
    
    



select local_currency
from APC_DEPLOY_DB.DBT_ANALYTICS.stg_plant
where local_currency is null



      
    ) dbt_internal_test
[0m17:03:38.128152 [debug] [Thread-5 (]: Writing injected SQL for node "test.apc.not_null_stg_plant_plant_code.898247d37d"
[0m17:03:38.129055 [debug] [Thread-3 (]: Opening a new connection, currently in state init
[0m17:03:38.130142 [debug] [Thread-5 (]: Began executing node test.apc.not_null_stg_plant_plant_code.898247d37d
[0m17:03:38.138045 [debug] [Thread-5 (]: Writing runtime sql for node "test.apc.not_null_stg_plant_plant_code.898247d37d"
[0m17:03:38.139350 [debug] [Thread-5 (]: Using snowflake connection "test.apc.not_null_stg_plant_plant_code.898247d37d"
[0m17:03:38.140021 [debug] [Thread-5 (]: On test.apc.not_null_stg_plant_plant_code.898247d37d: /* {"app": "dbt", "dbt_version": "1.9.4", "profile_name": "default", "target_name": "dev", "node_id": "test.apc.not_null_stg_plant_plant_code.898247d37d"} */
select
      count(*) as failures,
      count(*) != 0 as should_warn,
      count(*) != 0 as should_error
    from (
      
    
    



select plant_code
from APC_DEPLOY_DB.DBT_ANALYTICS.stg_plant
where plant_code is null



      
    ) dbt_internal_test
[0m17:03:38.140642 [debug] [Thread-5 (]: Opening a new connection, currently in state init
[0m17:03:38.491418 [debug] [Thread-2 (]: SQL status: SUCCESS 1 in 1.208 seconds
[0m17:03:38.494780 [info ] [Thread-2 (]: 30 of 135 PASS not_null_stg_fx_rates_from_currency ............................. [[32mPASS[0m in 1.24s]
[0m17:03:38.495697 [debug] [Thread-2 (]: Finished running node test.apc.not_null_stg_fx_rates_from_currency.789d8211d0
[0m17:03:38.496826 [debug] [Thread-2 (]: Began running node test.apc.unique_stg_plant_plant_code.f8f85c1d68
[0m17:03:38.497678 [info ] [Thread-2 (]: 34 of 135 START test unique_stg_plant_plant_code ............................... [RUN]
[0m17:03:38.498564 [debug] [Thread-2 (]: Re-using an available connection from the pool (formerly test.apc.not_null_stg_fx_rates_from_currency.789d8211d0, now test.apc.unique_stg_plant_plant_code.f8f85c1d68)
[0m17:03:38.499199 [debug] [Thread-2 (]: Began compiling node test.apc.unique_stg_plant_plant_code.f8f85c1d68
[0m17:03:38.512718 [debug] [Thread-2 (]: Writing injected SQL for node "test.apc.unique_stg_plant_plant_code.f8f85c1d68"
[0m17:03:38.513638 [debug] [Thread-2 (]: Began executing node test.apc.unique_stg_plant_plant_code.f8f85c1d68
[0m17:03:38.521400 [debug] [Thread-2 (]: Writing runtime sql for node "test.apc.unique_stg_plant_plant_code.f8f85c1d68"
[0m17:03:38.522801 [debug] [Thread-2 (]: Using snowflake connection "test.apc.unique_stg_plant_plant_code.f8f85c1d68"
[0m17:03:38.523508 [debug] [Thread-2 (]: On test.apc.unique_stg_plant_plant_code.f8f85c1d68: /* {"app": "dbt", "dbt_version": "1.9.4", "profile_name": "default", "target_name": "dev", "node_id": "test.apc.unique_stg_plant_plant_code.f8f85c1d68"} */
select
      count(*) as failures,
      count(*) != 0 as should_warn,
      count(*) != 0 as should_error
    from (
      
    
    

select
    plant_code as unique_field,
    count(*) as n_records

from APC_DEPLOY_DB.DBT_ANALYTICS.stg_plant
where plant_code is not null
group by plant_code
having count(*) > 1



      
    ) dbt_internal_test
[0m17:03:38.524235 [debug] [Thread-2 (]: Opening a new connection, currently in state init
[0m17:03:38.678764 [debug] [Thread-4 (]: SQL status: SUCCESS 1 in 1.136 seconds
[0m17:03:38.681622 [info ] [Thread-4 (]: 31 of 135 PASS not_null_stg_fx_rates_usd_per_unit .............................. [[32mPASS[0m in 1.16s]
[0m17:03:38.682546 [debug] [Thread-4 (]: Finished running node test.apc.not_null_stg_fx_rates_usd_per_unit.c266c25427
[0m17:03:38.683619 [debug] [Thread-4 (]: Began running node test.apc.not_null_stg_ledger_postings_amount_local.445034c428
[0m17:03:38.684431 [info ] [Thread-4 (]: 35 of 135 START test not_null_stg_ledger_postings_amount_local ................. [RUN]
[0m17:03:38.685231 [debug] [Thread-4 (]: Re-using an available connection from the pool (formerly test.apc.not_null_stg_fx_rates_usd_per_unit.c266c25427, now test.apc.not_null_stg_ledger_postings_amount_local.445034c428)
[0m17:03:38.685861 [debug] [Thread-4 (]: Began compiling node test.apc.not_null_stg_ledger_postings_amount_local.445034c428
[0m17:03:38.696789 [debug] [Thread-4 (]: Writing injected SQL for node "test.apc.not_null_stg_ledger_postings_amount_local.445034c428"
[0m17:03:38.697722 [debug] [Thread-4 (]: Began executing node test.apc.not_null_stg_ledger_postings_amount_local.445034c428
[0m17:03:38.705413 [debug] [Thread-4 (]: Writing runtime sql for node "test.apc.not_null_stg_ledger_postings_amount_local.445034c428"
[0m17:03:38.710134 [debug] [Thread-4 (]: Using snowflake connection "test.apc.not_null_stg_ledger_postings_amount_local.445034c428"
[0m17:03:38.711030 [debug] [Thread-4 (]: On test.apc.not_null_stg_ledger_postings_amount_local.445034c428: /* {"app": "dbt", "dbt_version": "1.9.4", "profile_name": "default", "target_name": "dev", "node_id": "test.apc.not_null_stg_ledger_postings_amount_local.445034c428"} */
select
      count(*) as failures,
      count(*) != 0 as should_warn,
      count(*) != 0 as should_error
    from (
      
    
    



select amount_local
from APC_DEPLOY_DB.DBT_ANALYTICS.stg_ledger_postings
where amount_local is null



      
    ) dbt_internal_test
[0m17:03:38.711661 [debug] [Thread-4 (]: Opening a new connection, currently in state init
[0m17:03:39.246035 [debug] [Thread-5 (]: SQL status: SUCCESS 1 in 1.105 seconds
[0m17:03:39.248996 [info ] [Thread-5 (]: 33 of 135 PASS not_null_stg_plant_plant_code ................................... [[32mPASS[0m in 1.13s]
[0m17:03:39.249924 [debug] [Thread-5 (]: Finished running node test.apc.not_null_stg_plant_plant_code.898247d37d
[0m17:03:39.251109 [debug] [Thread-5 (]: Began running node test.apc.not_null_stg_ledger_postings_material_number.83eed49392
[0m17:03:39.251905 [info ] [Thread-5 (]: 36 of 135 START test not_null_stg_ledger_postings_material_number .............. [RUN]
[0m17:03:39.252688 [debug] [Thread-5 (]: Re-using an available connection from the pool (formerly test.apc.not_null_stg_plant_plant_code.898247d37d, now test.apc.not_null_stg_ledger_postings_material_number.83eed49392)
[0m17:03:39.253352 [debug] [Thread-5 (]: Began compiling node test.apc.not_null_stg_ledger_postings_material_number.83eed49392
[0m17:03:39.264113 [debug] [Thread-5 (]: Writing injected SQL for node "test.apc.not_null_stg_ledger_postings_material_number.83eed49392"
[0m17:03:39.265423 [debug] [Thread-3 (]: SQL status: SUCCESS 1 in 1.136 seconds
[0m17:03:39.268571 [info ] [Thread-3 (]: 32 of 135 PASS not_null_stg_plant_local_currency ............................... [[32mPASS[0m in 1.18s]
[0m17:03:39.269333 [debug] [Thread-5 (]: Began executing node test.apc.not_null_stg_ledger_postings_material_number.83eed49392
[0m17:03:39.273333 [debug] [Thread-3 (]: Finished running node test.apc.not_null_stg_plant_local_currency.6991f0929a
[0m17:03:39.281600 [debug] [Thread-5 (]: Writing runtime sql for node "test.apc.not_null_stg_ledger_postings_material_number.83eed49392"
[0m17:03:39.282781 [debug] [Thread-3 (]: Began running node test.apc.not_null_stg_ledger_postings_plant_code.4b887d1f83
[0m17:03:39.283890 [info ] [Thread-3 (]: 37 of 135 START test not_null_stg_ledger_postings_plant_code ................... [RUN]
[0m17:03:39.285161 [debug] [Thread-5 (]: Using snowflake connection "test.apc.not_null_stg_ledger_postings_material_number.83eed49392"
[0m17:03:39.285950 [debug] [Thread-3 (]: Re-using an available connection from the pool (formerly test.apc.not_null_stg_plant_local_currency.6991f0929a, now test.apc.not_null_stg_ledger_postings_plant_code.4b887d1f83)
[0m17:03:39.286643 [debug] [Thread-5 (]: On test.apc.not_null_stg_ledger_postings_material_number.83eed49392: /* {"app": "dbt", "dbt_version": "1.9.4", "profile_name": "default", "target_name": "dev", "node_id": "test.apc.not_null_stg_ledger_postings_material_number.83eed49392"} */
select
      count(*) as failures,
      count(*) != 0 as should_warn,
      count(*) != 0 as should_error
    from (
      
    
    



select material_number
from APC_DEPLOY_DB.DBT_ANALYTICS.stg_ledger_postings
where material_number is null



      
    ) dbt_internal_test
[0m17:03:39.287332 [debug] [Thread-3 (]: Began compiling node test.apc.not_null_stg_ledger_postings_plant_code.4b887d1f83
[0m17:03:39.287971 [debug] [Thread-5 (]: Opening a new connection, currently in state init
[0m17:03:39.297615 [debug] [Thread-3 (]: Writing injected SQL for node "test.apc.not_null_stg_ledger_postings_plant_code.4b887d1f83"
[0m17:03:39.298819 [debug] [Thread-3 (]: Began executing node test.apc.not_null_stg_ledger_postings_plant_code.4b887d1f83
[0m17:03:39.307564 [debug] [Thread-3 (]: Writing runtime sql for node "test.apc.not_null_stg_ledger_postings_plant_code.4b887d1f83"
[0m17:03:39.308917 [debug] [Thread-3 (]: Using snowflake connection "test.apc.not_null_stg_ledger_postings_plant_code.4b887d1f83"
[0m17:03:39.309671 [debug] [Thread-3 (]: On test.apc.not_null_stg_ledger_postings_plant_code.4b887d1f83: /* {"app": "dbt", "dbt_version": "1.9.4", "profile_name": "default", "target_name": "dev", "node_id": "test.apc.not_null_stg_ledger_postings_plant_code.4b887d1f83"} */
select
      count(*) as failures,
      count(*) != 0 as should_warn,
      count(*) != 0 as should_error
    from (
      
    
    



select plant_code
from APC_DEPLOY_DB.DBT_ANALYTICS.stg_ledger_postings
where plant_code is null



      
    ) dbt_internal_test
[0m17:03:39.310306 [debug] [Thread-3 (]: Opening a new connection, currently in state init
[0m17:03:39.757332 [debug] [Thread-2 (]: SQL status: SUCCESS 1 in 1.233 seconds
[0m17:03:39.760218 [info ] [Thread-2 (]: 34 of 135 PASS unique_stg_plant_plant_code ..................................... [[32mPASS[0m in 1.26s]
[0m17:03:39.761139 [debug] [Thread-2 (]: Finished running node test.apc.unique_stg_plant_plant_code.f8f85c1d68
[0m17:03:39.762223 [debug] [Thread-2 (]: Began running node test.apc.not_null_stg_standard_price_material_number.f0c051605a
[0m17:03:39.762985 [info ] [Thread-2 (]: 38 of 135 START test not_null_stg_standard_price_material_number ............... [RUN]
[0m17:03:39.763797 [debug] [Thread-2 (]: Re-using an available connection from the pool (formerly test.apc.unique_stg_plant_plant_code.f8f85c1d68, now test.apc.not_null_stg_standard_price_material_number.f0c051605a)
[0m17:03:39.764448 [debug] [Thread-2 (]: Began compiling node test.apc.not_null_stg_standard_price_material_number.f0c051605a
[0m17:03:39.774012 [debug] [Thread-2 (]: Writing injected SQL for node "test.apc.not_null_stg_standard_price_material_number.f0c051605a"
[0m17:03:39.774879 [debug] [Thread-2 (]: Began executing node test.apc.not_null_stg_standard_price_material_number.f0c051605a
[0m17:03:39.783617 [debug] [Thread-2 (]: Writing runtime sql for node "test.apc.not_null_stg_standard_price_material_number.f0c051605a"
[0m17:03:39.784947 [debug] [Thread-2 (]: Using snowflake connection "test.apc.not_null_stg_standard_price_material_number.f0c051605a"
[0m17:03:39.785664 [debug] [Thread-2 (]: On test.apc.not_null_stg_standard_price_material_number.f0c051605a: /* {"app": "dbt", "dbt_version": "1.9.4", "profile_name": "default", "target_name": "dev", "node_id": "test.apc.not_null_stg_standard_price_material_number.f0c051605a"} */
select
      count(*) as failures,
      count(*) != 0 as should_warn,
      count(*) != 0 as should_error
    from (
      
    
    



select material_number
from APC_DEPLOY_DB.DBT_ANALYTICS.stg_standard_price
where material_number is null



      
    ) dbt_internal_test
[0m17:03:39.786461 [debug] [Thread-2 (]: Opening a new connection, currently in state init
[0m17:03:40.243573 [debug] [Thread-4 (]: SQL status: SUCCESS 1 in 1.532 seconds
[0m17:03:40.246440 [info ] [Thread-4 (]: 35 of 135 PASS not_null_stg_ledger_postings_amount_local ....................... [[32mPASS[0m in 1.56s]
[0m17:03:40.247355 [debug] [Thread-4 (]: Finished running node test.apc.not_null_stg_ledger_postings_amount_local.445034c428
[0m17:03:40.248461 [debug] [Thread-4 (]: Began running node test.apc.not_null_stg_standard_price_standard_price_local.71be011801
[0m17:03:40.249242 [info ] [Thread-4 (]: 39 of 135 START test not_null_stg_standard_price_standard_price_local .......... [RUN]
[0m17:03:40.250048 [debug] [Thread-4 (]: Re-using an available connection from the pool (formerly test.apc.not_null_stg_ledger_postings_amount_local.445034c428, now test.apc.not_null_stg_standard_price_standard_price_local.71be011801)
[0m17:03:40.250652 [debug] [Thread-4 (]: Began compiling node test.apc.not_null_stg_standard_price_standard_price_local.71be011801
[0m17:03:40.260208 [debug] [Thread-4 (]: Writing injected SQL for node "test.apc.not_null_stg_standard_price_standard_price_local.71be011801"
[0m17:03:40.261092 [debug] [Thread-4 (]: Began executing node test.apc.not_null_stg_standard_price_standard_price_local.71be011801
[0m17:03:40.269769 [debug] [Thread-4 (]: Writing runtime sql for node "test.apc.not_null_stg_standard_price_standard_price_local.71be011801"
[0m17:03:40.271024 [debug] [Thread-4 (]: Using snowflake connection "test.apc.not_null_stg_standard_price_standard_price_local.71be011801"
[0m17:03:40.271695 [debug] [Thread-4 (]: On test.apc.not_null_stg_standard_price_standard_price_local.71be011801: /* {"app": "dbt", "dbt_version": "1.9.4", "profile_name": "default", "target_name": "dev", "node_id": "test.apc.not_null_stg_standard_price_standard_price_local.71be011801"} */
select
      count(*) as failures,
      count(*) != 0 as should_warn,
      count(*) != 0 as should_error
    from (
      
    
    



select standard_price_local
from APC_DEPLOY_DB.DBT_ANALYTICS.stg_standard_price
where standard_price_local is null



      
    ) dbt_internal_test
[0m17:03:40.272339 [debug] [Thread-4 (]: Opening a new connection, currently in state init
[0m17:03:40.836615 [debug] [Thread-3 (]: SQL status: SUCCESS 1 in 1.526 seconds
[0m17:03:40.839583 [info ] [Thread-3 (]: 37 of 135 PASS not_null_stg_ledger_postings_plant_code ......................... [[32mPASS[0m in 1.55s]
[0m17:03:40.840546 [debug] [Thread-3 (]: Finished running node test.apc.not_null_stg_ledger_postings_plant_code.4b887d1f83
[0m17:03:40.841662 [debug] [Thread-3 (]: Began running node test.apc.not_null_stg_routings_material_number.cefceee96b
[0m17:03:40.842527 [info ] [Thread-3 (]: 40 of 135 START test not_null_stg_routings_material_number ..................... [RUN]
[0m17:03:40.843339 [debug] [Thread-3 (]: Re-using an available connection from the pool (formerly test.apc.not_null_stg_ledger_postings_plant_code.4b887d1f83, now test.apc.not_null_stg_routings_material_number.cefceee96b)
[0m17:03:40.843969 [debug] [Thread-3 (]: Began compiling node test.apc.not_null_stg_routings_material_number.cefceee96b
[0m17:03:40.853481 [debug] [Thread-3 (]: Writing injected SQL for node "test.apc.not_null_stg_routings_material_number.cefceee96b"
[0m17:03:40.854340 [debug] [Thread-3 (]: Began executing node test.apc.not_null_stg_routings_material_number.cefceee96b
[0m17:03:40.863028 [debug] [Thread-3 (]: Writing runtime sql for node "test.apc.not_null_stg_routings_material_number.cefceee96b"
[0m17:03:40.864406 [debug] [Thread-3 (]: Using snowflake connection "test.apc.not_null_stg_routings_material_number.cefceee96b"
[0m17:03:40.865065 [debug] [Thread-3 (]: On test.apc.not_null_stg_routings_material_number.cefceee96b: /* {"app": "dbt", "dbt_version": "1.9.4", "profile_name": "default", "target_name": "dev", "node_id": "test.apc.not_null_stg_routings_material_number.cefceee96b"} */
select
      count(*) as failures,
      count(*) != 0 as should_warn,
      count(*) != 0 as should_error
    from (
      
    
    



select material_number
from APC_DEPLOY_DB.DBT_ANALYTICS.stg_routings
where material_number is null



      
    ) dbt_internal_test
[0m17:03:40.865711 [debug] [Thread-3 (]: Opening a new connection, currently in state init
[0m17:03:40.880009 [debug] [Thread-5 (]: SQL status: SUCCESS 1 in 1.592 seconds
[0m17:03:40.882666 [info ] [Thread-5 (]: 36 of 135 PASS not_null_stg_ledger_postings_material_number .................... [[32mPASS[0m in 1.63s]
[0m17:03:40.883572 [debug] [Thread-5 (]: Finished running node test.apc.not_null_stg_ledger_postings_material_number.83eed49392
[0m17:03:40.884613 [debug] [Thread-5 (]: Began running node test.apc.not_null_stg_routings_plant_code.ee4c902698
[0m17:03:40.885546 [info ] [Thread-5 (]: 41 of 135 START test not_null_stg_routings_plant_code .......................... [RUN]
[0m17:03:40.886280 [debug] [Thread-5 (]: Re-using an available connection from the pool (formerly test.apc.not_null_stg_ledger_postings_material_number.83eed49392, now test.apc.not_null_stg_routings_plant_code.ee4c902698)
[0m17:03:40.886953 [debug] [Thread-5 (]: Began compiling node test.apc.not_null_stg_routings_plant_code.ee4c902698
[0m17:03:40.898455 [debug] [Thread-5 (]: Writing injected SQL for node "test.apc.not_null_stg_routings_plant_code.ee4c902698"
[0m17:03:40.899345 [debug] [Thread-5 (]: Began executing node test.apc.not_null_stg_routings_plant_code.ee4c902698
[0m17:03:40.906988 [debug] [Thread-5 (]: Writing runtime sql for node "test.apc.not_null_stg_routings_plant_code.ee4c902698"
[0m17:03:40.908312 [debug] [Thread-5 (]: Using snowflake connection "test.apc.not_null_stg_routings_plant_code.ee4c902698"
[0m17:03:40.909009 [debug] [Thread-5 (]: On test.apc.not_null_stg_routings_plant_code.ee4c902698: /* {"app": "dbt", "dbt_version": "1.9.4", "profile_name": "default", "target_name": "dev", "node_id": "test.apc.not_null_stg_routings_plant_code.ee4c902698"} */
select
      count(*) as failures,
      count(*) != 0 as should_warn,
      count(*) != 0 as should_error
    from (
      
    
    



select plant_code
from APC_DEPLOY_DB.DBT_ANALYTICS.stg_routings
where plant_code is null



      
    ) dbt_internal_test
[0m17:03:40.909663 [debug] [Thread-5 (]: Opening a new connection, currently in state init
[0m17:03:41.253329 [debug] [Thread-2 (]: SQL status: SUCCESS 1 in 1.467 seconds
[0m17:03:41.256118 [info ] [Thread-2 (]: 38 of 135 PASS not_null_stg_standard_price_material_number ..................... [[32mPASS[0m in 1.49s]
[0m17:03:41.257056 [debug] [Thread-2 (]: Finished running node test.apc.not_null_stg_standard_price_material_number.f0c051605a
[0m17:03:41.258190 [debug] [Thread-2 (]: Began running node test.apc.not_null_stg_sd_billing_material_number.49d00cf3c1
[0m17:03:41.258949 [info ] [Thread-2 (]: 42 of 135 START test not_null_stg_sd_billing_material_number ................... [RUN]
[0m17:03:41.259669 [debug] [Thread-2 (]: Re-using an available connection from the pool (formerly test.apc.not_null_stg_standard_price_material_number.f0c051605a, now test.apc.not_null_stg_sd_billing_material_number.49d00cf3c1)
[0m17:03:41.260247 [debug] [Thread-2 (]: Began compiling node test.apc.not_null_stg_sd_billing_material_number.49d00cf3c1
[0m17:03:41.269694 [debug] [Thread-2 (]: Writing injected SQL for node "test.apc.not_null_stg_sd_billing_material_number.49d00cf3c1"
[0m17:03:41.270550 [debug] [Thread-2 (]: Began executing node test.apc.not_null_stg_sd_billing_material_number.49d00cf3c1
[0m17:03:41.278667 [debug] [Thread-2 (]: Writing runtime sql for node "test.apc.not_null_stg_sd_billing_material_number.49d00cf3c1"
[0m17:03:41.279934 [debug] [Thread-2 (]: Using snowflake connection "test.apc.not_null_stg_sd_billing_material_number.49d00cf3c1"
[0m17:03:41.280573 [debug] [Thread-2 (]: On test.apc.not_null_stg_sd_billing_material_number.49d00cf3c1: /* {"app": "dbt", "dbt_version": "1.9.4", "profile_name": "default", "target_name": "dev", "node_id": "test.apc.not_null_stg_sd_billing_material_number.49d00cf3c1"} */
select
      count(*) as failures,
      count(*) != 0 as should_warn,
      count(*) != 0 as should_error
    from (
      
    
    



select material_number
from APC_DEPLOY_DB.DBT_ANALYTICS.stg_sd_billing
where material_number is null



      
    ) dbt_internal_test
[0m17:03:41.281166 [debug] [Thread-2 (]: Opening a new connection, currently in state init
[0m17:03:41.399864 [debug] [Thread-4 (]: SQL status: SUCCESS 1 in 1.127 seconds
[0m17:03:41.402656 [info ] [Thread-4 (]: 39 of 135 PASS not_null_stg_standard_price_standard_price_local ................ [[32mPASS[0m in 1.15s]
[0m17:03:41.403569 [debug] [Thread-4 (]: Finished running node test.apc.not_null_stg_standard_price_standard_price_local.71be011801
[0m17:03:41.404590 [debug] [Thread-4 (]: Began running node test.apc.not_null_stg_sd_billing_net_revenue.0afa4f5fb0
[0m17:03:41.405574 [info ] [Thread-4 (]: 43 of 135 START test not_null_stg_sd_billing_net_revenue ....................... [RUN]
[0m17:03:41.406336 [debug] [Thread-4 (]: Re-using an available connection from the pool (formerly test.apc.not_null_stg_standard_price_standard_price_local.71be011801, now test.apc.not_null_stg_sd_billing_net_revenue.0afa4f5fb0)
[0m17:03:41.406924 [debug] [Thread-4 (]: Began compiling node test.apc.not_null_stg_sd_billing_net_revenue.0afa4f5fb0
[0m17:03:41.523806 [debug] [Thread-4 (]: Writing injected SQL for node "test.apc.not_null_stg_sd_billing_net_revenue.0afa4f5fb0"
[0m17:03:41.525225 [debug] [Thread-4 (]: Began executing node test.apc.not_null_stg_sd_billing_net_revenue.0afa4f5fb0
[0m17:03:41.533057 [debug] [Thread-4 (]: Writing runtime sql for node "test.apc.not_null_stg_sd_billing_net_revenue.0afa4f5fb0"
[0m17:03:41.534403 [debug] [Thread-4 (]: Using snowflake connection "test.apc.not_null_stg_sd_billing_net_revenue.0afa4f5fb0"
[0m17:03:41.535057 [debug] [Thread-4 (]: On test.apc.not_null_stg_sd_billing_net_revenue.0afa4f5fb0: /* {"app": "dbt", "dbt_version": "1.9.4", "profile_name": "default", "target_name": "dev", "node_id": "test.apc.not_null_stg_sd_billing_net_revenue.0afa4f5fb0"} */
select
      count(*) as failures,
      count(*) != 0 as should_warn,
      count(*) != 0 as should_error
    from (
      
    
    



select net_revenue
from APC_DEPLOY_DB.DBT_ANALYTICS.stg_sd_billing
where net_revenue is null



      
    ) dbt_internal_test
[0m17:03:41.535654 [debug] [Thread-4 (]: Opening a new connection, currently in state init
[0m17:03:42.074635 [debug] [Thread-3 (]: SQL status: SUCCESS 1 in 1.209 seconds
[0m17:03:42.077542 [info ] [Thread-3 (]: 40 of 135 PASS not_null_stg_routings_material_number ........................... [[32mPASS[0m in 1.23s]
[0m17:03:42.078536 [debug] [Thread-3 (]: Finished running node test.apc.not_null_stg_routings_material_number.cefceee96b
[0m17:03:42.079655 [debug] [Thread-3 (]: Began running node test.apc.not_null_stg_scc_adjustments_adjustment_amount.c94fc01ee5
[0m17:03:42.080415 [info ] [Thread-3 (]: 44 of 135 START test not_null_stg_scc_adjustments_adjustment_amount ............ [RUN]
[0m17:03:42.081202 [debug] [Thread-3 (]: Re-using an available connection from the pool (formerly test.apc.not_null_stg_routings_material_number.cefceee96b, now test.apc.not_null_stg_scc_adjustments_adjustment_amount.c94fc01ee5)
[0m17:03:42.081873 [debug] [Thread-3 (]: Began compiling node test.apc.not_null_stg_scc_adjustments_adjustment_amount.c94fc01ee5
[0m17:03:42.092565 [debug] [Thread-3 (]: Writing injected SQL for node "test.apc.not_null_stg_scc_adjustments_adjustment_amount.c94fc01ee5"
[0m17:03:42.093419 [debug] [Thread-3 (]: Began executing node test.apc.not_null_stg_scc_adjustments_adjustment_amount.c94fc01ee5
[0m17:03:42.101036 [debug] [Thread-3 (]: Writing runtime sql for node "test.apc.not_null_stg_scc_adjustments_adjustment_amount.c94fc01ee5"
[0m17:03:42.102287 [debug] [Thread-3 (]: Using snowflake connection "test.apc.not_null_stg_scc_adjustments_adjustment_amount.c94fc01ee5"
[0m17:03:42.102899 [debug] [Thread-3 (]: On test.apc.not_null_stg_scc_adjustments_adjustment_amount.c94fc01ee5: /* {"app": "dbt", "dbt_version": "1.9.4", "profile_name": "default", "target_name": "dev", "node_id": "test.apc.not_null_stg_scc_adjustments_adjustment_amount.c94fc01ee5"} */
select
      count(*) as failures,
      count(*) != 0 as should_warn,
      count(*) != 0 as should_error
    from (
      
    
    



select adjustment_amount
from APC_DEPLOY_DB.DBT_ANALYTICS.stg_scc_adjustments
where adjustment_amount is null



      
    ) dbt_internal_test
[0m17:03:42.103472 [debug] [Thread-3 (]: Opening a new connection, currently in state init
[0m17:03:42.104976 [debug] [Thread-5 (]: SQL status: SUCCESS 1 in 1.195 seconds
[0m17:03:42.107563 [info ] [Thread-5 (]: 41 of 135 PASS not_null_stg_routings_plant_code ................................ [[32mPASS[0m in 1.22s]
[0m17:03:42.108527 [debug] [Thread-5 (]: Finished running node test.apc.not_null_stg_routings_plant_code.ee4c902698
[0m17:03:42.109558 [debug] [Thread-5 (]: Began running node test.apc.not_null_stg_scc_adjustments_material_number.7ae04676a5
[0m17:03:42.110369 [info ] [Thread-5 (]: 45 of 135 START test not_null_stg_scc_adjustments_material_number .............. [RUN]
[0m17:03:42.111161 [debug] [Thread-5 (]: Re-using an available connection from the pool (formerly test.apc.not_null_stg_routings_plant_code.ee4c902698, now test.apc.not_null_stg_scc_adjustments_material_number.7ae04676a5)
[0m17:03:42.111823 [debug] [Thread-5 (]: Began compiling node test.apc.not_null_stg_scc_adjustments_material_number.7ae04676a5
[0m17:03:42.122178 [debug] [Thread-5 (]: Writing injected SQL for node "test.apc.not_null_stg_scc_adjustments_material_number.7ae04676a5"
[0m17:03:42.123081 [debug] [Thread-5 (]: Began executing node test.apc.not_null_stg_scc_adjustments_material_number.7ae04676a5
[0m17:03:42.130822 [debug] [Thread-5 (]: Writing runtime sql for node "test.apc.not_null_stg_scc_adjustments_material_number.7ae04676a5"
[0m17:03:42.132108 [debug] [Thread-5 (]: Using snowflake connection "test.apc.not_null_stg_scc_adjustments_material_number.7ae04676a5"
[0m17:03:42.136121 [debug] [Thread-5 (]: On test.apc.not_null_stg_scc_adjustments_material_number.7ae04676a5: /* {"app": "dbt", "dbt_version": "1.9.4", "profile_name": "default", "target_name": "dev", "node_id": "test.apc.not_null_stg_scc_adjustments_material_number.7ae04676a5"} */
select
      count(*) as failures,
      count(*) != 0 as should_warn,
      count(*) != 0 as should_error
    from (
      
    
    



select material_number
from APC_DEPLOY_DB.DBT_ANALYTICS.stg_scc_adjustments
where material_number is null



      
    ) dbt_internal_test
[0m17:03:42.138789 [debug] [Thread-5 (]: Opening a new connection, currently in state init
[0m17:03:42.420359 [debug] [Thread-2 (]: SQL status: SUCCESS 1 in 1.139 seconds
[0m17:03:42.423240 [info ] [Thread-2 (]: 42 of 135 PASS not_null_stg_sd_billing_material_number ......................... [[32mPASS[0m in 1.16s]
[0m17:03:42.424184 [debug] [Thread-2 (]: Finished running node test.apc.not_null_stg_sd_billing_material_number.49d00cf3c1
[0m17:03:42.425290 [debug] [Thread-2 (]: Began running node model.apc.stg_cost_components
[0m17:03:42.426225 [info ] [Thread-2 (]: 46 of 135 START sql dynamic_table model DBT_ANALYTICS.stg_cost_components ...... [RUN]
[0m17:03:42.427020 [debug] [Thread-2 (]: Re-using an available connection from the pool (formerly test.apc.not_null_stg_sd_billing_material_number.49d00cf3c1, now model.apc.stg_cost_components)
[0m17:03:42.427618 [debug] [Thread-2 (]: Began compiling node model.apc.stg_cost_components
[0m17:03:42.437447 [debug] [Thread-2 (]: Writing injected SQL for node "model.apc.stg_cost_components"
[0m17:03:42.438444 [debug] [Thread-2 (]: Began executing node model.apc.stg_cost_components
[0m17:03:42.446339 [debug] [Thread-2 (]: Applying REPLACE to: "APC_DEPLOY_DB"."DBT_ANALYTICS"."STG_COST_COMPONENTS"
[0m17:03:42.447559 [debug] [Thread-2 (]: Writing runtime sql for node "model.apc.stg_cost_components"
[0m17:03:42.449418 [debug] [Thread-2 (]: Using snowflake connection "model.apc.stg_cost_components"
[0m17:03:42.450155 [debug] [Thread-2 (]: On model.apc.stg_cost_components: /* {"app": "dbt", "dbt_version": "1.9.4", "profile_name": "default", "target_name": "dev", "node_id": "model.apc.stg_cost_components"} */
create or replace dynamic table APC_DEPLOY_DB.DBT_ANALYTICS.stg_cost_components
        target_lag = 'downstream'
        warehouse = APC_DEPLOY_WH
        refresh_mode = AUTO

        initialize = ON_CREATE

        as (
            -- Staging: clean KEPH cost component split. Decode the coded element number to a
-- business label (cost_component_map seed); zero-pad the period. Values are in
-- local currency (converted to USD downstream). Carries standard (S) + actual (A).

select
    trim(k.MATNR)                        as material_number,
    trim(k.WERKS)                        as plant_code,
    k.GJAHR                              as fiscal_year,
    lpad(k.POPER::varchar, 3, '0')       as period,
    cast(k.POPER as int)                 as period_int,
    k.ELEMENT                            as element,
    cm.cost_component,
    trim(k.RECTYPE)                      as record_type,
    k.WERTN                              as value_local,
    trim(k.WAERS)                        as local_currency
from APC_DEPLOY_DB.SAP_RAW.KEPH_RAW k
left join APC_DEPLOY_DB.DBT_ANALYTICS_DBT_ANALYTICS.cost_component_map cm
       on k.ELEMENT = cm.element
where k.WERTN is not null
        )
[0m17:03:42.450808 [debug] [Thread-2 (]: Opening a new connection, currently in state init
[0m17:03:42.476194 [debug] [Thread-4 (]: SQL status: SUCCESS 1 in 0.940 seconds
[0m17:03:42.479038 [info ] [Thread-4 (]: 43 of 135 PASS not_null_stg_sd_billing_net_revenue ............................. [[32mPASS[0m in 1.07s]
[0m17:03:42.479947 [debug] [Thread-4 (]: Finished running node test.apc.not_null_stg_sd_billing_net_revenue.0afa4f5fb0
[0m17:03:42.481032 [debug] [Thread-4 (]: Began running node model.apc.stg_material_master
[0m17:03:42.482198 [info ] [Thread-4 (]: 47 of 135 START sql dynamic_table model DBT_ANALYTICS.stg_material_master ...... [RUN]
[0m17:03:42.482980 [debug] [Thread-4 (]: Re-using an available connection from the pool (formerly test.apc.not_null_stg_sd_billing_net_revenue.0afa4f5fb0, now model.apc.stg_material_master)
[0m17:03:42.483693 [debug] [Thread-4 (]: Began compiling node model.apc.stg_material_master
[0m17:03:42.492112 [debug] [Thread-4 (]: Writing injected SQL for node "model.apc.stg_material_master"
[0m17:03:42.495655 [debug] [Thread-4 (]: Began executing node model.apc.stg_material_master
[0m17:03:42.505018 [debug] [Thread-4 (]: Applying REPLACE to: "APC_DEPLOY_DB"."DBT_ANALYTICS"."STG_MATERIAL_MASTER"
[0m17:03:42.506510 [debug] [Thread-4 (]: Writing runtime sql for node "model.apc.stg_material_master"
[0m17:03:42.508353 [debug] [Thread-4 (]: Using snowflake connection "model.apc.stg_material_master"
[0m17:03:42.509111 [debug] [Thread-4 (]: On model.apc.stg_material_master: /* {"app": "dbt", "dbt_version": "1.9.4", "profile_name": "default", "target_name": "dev", "node_id": "model.apc.stg_material_master"} */
create or replace dynamic table APC_DEPLOY_DB.DBT_ANALYTICS.stg_material_master
        target_lag = 'downstream'
        warehouse = APC_DEPLOY_WH
        refresh_mode = AUTO

        initialize = ON_CREATE

        as (
            -- Staging: clean material master. Trim trailing spaces from MATNR and decode the
-- SAP material-type code (MTART) via the material_type_map seed.

select
    trim(m.MATNR)                       as material_number,
    trim(m.MAKTX)                       as material_description,
    trim(m.MTART)                       as material_type_code,
    coalesce(t.material_type_desc, trim(m.MTART)) as material_type_desc,
    trim(m.MATKL)                       as material_group,
    trim(m.MEINS)                       as base_uom
from APC_DEPLOY_DB.SAP_RAW.MARA_RAW m
left join APC_DEPLOY_DB.DBT_ANALYTICS_DBT_ANALYTICS.material_type_map t
       on trim(m.MTART) = t.mtart
        )
[0m17:03:42.509763 [debug] [Thread-4 (]: Opening a new connection, currently in state init
[0m17:03:43.191612 [debug] [Thread-3 (]: SQL status: SUCCESS 1 in 1.088 seconds
[0m17:03:43.194362 [info ] [Thread-3 (]: 44 of 135 PASS not_null_stg_scc_adjustments_adjustment_amount .................. [[32mPASS[0m in 1.11s]
[0m17:03:43.195236 [debug] [Thread-3 (]: Finished running node test.apc.not_null_stg_scc_adjustments_adjustment_amount.c94fc01ee5
[0m17:03:43.196295 [debug] [Thread-3 (]: Began running node test.apc.assert_value_chain_complete
[0m17:03:43.197068 [info ] [Thread-3 (]: 48 of 135 START test assert_value_chain_complete ............................... [RUN]
[0m17:03:43.197844 [debug] [Thread-3 (]: Re-using an available connection from the pool (formerly test.apc.not_null_stg_scc_adjustments_adjustment_amount.c94fc01ee5, now test.apc.assert_value_chain_complete)
[0m17:03:43.198531 [debug] [Thread-3 (]: Began compiling node test.apc.assert_value_chain_complete
[0m17:03:43.206664 [debug] [Thread-3 (]: Writing injected SQL for node "test.apc.assert_value_chain_complete"
[0m17:03:43.207520 [debug] [Thread-3 (]: Began executing node test.apc.assert_value_chain_complete
[0m17:03:43.216400 [debug] [Thread-3 (]: Writing runtime sql for node "test.apc.assert_value_chain_complete"
[0m17:03:43.218100 [debug] [Thread-3 (]: Using snowflake connection "test.apc.assert_value_chain_complete"
[0m17:03:43.218826 [debug] [Thread-3 (]: On test.apc.assert_value_chain_complete: /* {"app": "dbt", "dbt_version": "1.9.4", "profile_name": "default", "target_name": "dev", "node_id": "test.apc.assert_value_chain_complete"} */
select
      count(*) as failures,
      count(*) != 0 as should_warn,
      count(*) != 0 as should_error
    from (
      -- Test: every product with a value chain should have no missing steps (gaps in chain_step sequence).
-- Co-authored with CoCo

with chain_products as (
    select
        material_number,
        min(chain_step) as min_step,
        max(chain_step) as max_step,
        count(distinct chain_step) as actual_steps
    from APC_DEPLOY_DB.DBT_ANALYTICS.stg_value_chain
    group by material_number
)
select
    material_number,
    min_step,
    max_step,
    actual_steps,
    (max_step - min_step + 1) as expected_steps
from chain_products
where actual_steps < (max_step - min_step + 1)
      
    ) dbt_internal_test
[0m17:03:43.219451 [debug] [Thread-3 (]: Opening a new connection, currently in state init
[0m17:03:43.369330 [debug] [Thread-5 (]: SQL status: SUCCESS 1 in 1.230 seconds
[0m17:03:43.372262 [info ] [Thread-5 (]: 45 of 135 PASS not_null_stg_scc_adjustments_material_number .................... [[32mPASS[0m in 1.26s]
[0m17:03:43.373227 [debug] [Thread-5 (]: Finished running node test.apc.not_null_stg_scc_adjustments_material_number.7ae04676a5
[0m17:03:43.374337 [debug] [Thread-5 (]: Began running node test.apc.not_null_stg_value_chain_destination_plant.29cb46422f
[0m17:03:43.375140 [info ] [Thread-5 (]: 49 of 135 START test not_null_stg_value_chain_destination_plant ................ [RUN]
[0m17:03:43.375952 [debug] [Thread-5 (]: Re-using an available connection from the pool (formerly test.apc.not_null_stg_scc_adjustments_material_number.7ae04676a5, now test.apc.not_null_stg_value_chain_destination_plant.29cb46422f)
[0m17:03:43.376613 [debug] [Thread-5 (]: Began compiling node test.apc.not_null_stg_value_chain_destination_plant.29cb46422f
[0m17:03:43.386279 [debug] [Thread-5 (]: Writing injected SQL for node "test.apc.not_null_stg_value_chain_destination_plant.29cb46422f"
[0m17:03:43.387158 [debug] [Thread-5 (]: Began executing node test.apc.not_null_stg_value_chain_destination_plant.29cb46422f
[0m17:03:43.396168 [debug] [Thread-5 (]: Writing runtime sql for node "test.apc.not_null_stg_value_chain_destination_plant.29cb46422f"
[0m17:03:43.397590 [debug] [Thread-5 (]: Using snowflake connection "test.apc.not_null_stg_value_chain_destination_plant.29cb46422f"
[0m17:03:43.398374 [debug] [Thread-5 (]: On test.apc.not_null_stg_value_chain_destination_plant.29cb46422f: /* {"app": "dbt", "dbt_version": "1.9.4", "profile_name": "default", "target_name": "dev", "node_id": "test.apc.not_null_stg_value_chain_destination_plant.29cb46422f"} */
select
      count(*) as failures,
      count(*) != 0 as should_warn,
      count(*) != 0 as should_error
    from (
      
    
    



select destination_plant
from APC_DEPLOY_DB.DBT_ANALYTICS.stg_value_chain
where destination_plant is null



      
    ) dbt_internal_test
[0m17:03:43.398997 [debug] [Thread-5 (]: Opening a new connection, currently in state init
[0m17:03:44.006617 [debug] [Thread-3 (]: SQL status: SUCCESS 1 in 0.787 seconds
[0m17:03:44.009419 [info ] [Thread-3 (]: 48 of 135 PASS assert_value_chain_complete ..................................... [[32mPASS[0m in 0.81s]
[0m17:03:44.010320 [debug] [Thread-3 (]: Finished running node test.apc.assert_value_chain_complete
[0m17:03:44.011383 [debug] [Thread-3 (]: Began running node test.apc.not_null_stg_value_chain_material_number.91bb4cbf4d
[0m17:03:44.012162 [info ] [Thread-3 (]: 50 of 135 START test not_null_stg_value_chain_material_number .................. [RUN]
[0m17:03:44.012918 [debug] [Thread-3 (]: Re-using an available connection from the pool (formerly test.apc.assert_value_chain_complete, now test.apc.not_null_stg_value_chain_material_number.91bb4cbf4d)
[0m17:03:44.013540 [debug] [Thread-3 (]: Began compiling node test.apc.not_null_stg_value_chain_material_number.91bb4cbf4d
[0m17:03:44.022838 [debug] [Thread-3 (]: Writing injected SQL for node "test.apc.not_null_stg_value_chain_material_number.91bb4cbf4d"
[0m17:03:44.023667 [debug] [Thread-3 (]: Began executing node test.apc.not_null_stg_value_chain_material_number.91bb4cbf4d
[0m17:03:44.032247 [debug] [Thread-3 (]: Writing runtime sql for node "test.apc.not_null_stg_value_chain_material_number.91bb4cbf4d"
[0m17:03:44.033501 [debug] [Thread-3 (]: Using snowflake connection "test.apc.not_null_stg_value_chain_material_number.91bb4cbf4d"
[0m17:03:44.034195 [debug] [Thread-3 (]: On test.apc.not_null_stg_value_chain_material_number.91bb4cbf4d: /* {"app": "dbt", "dbt_version": "1.9.4", "profile_name": "default", "target_name": "dev", "node_id": "test.apc.not_null_stg_value_chain_material_number.91bb4cbf4d"} */
select
      count(*) as failures,
      count(*) != 0 as should_warn,
      count(*) != 0 as should_error
    from (
      
    
    



select material_number
from APC_DEPLOY_DB.DBT_ANALYTICS.stg_value_chain
where material_number is null



      
    ) dbt_internal_test
[0m17:03:44.034829 [debug] [Thread-3 (]: Opening a new connection, currently in state init
[0m17:03:44.042949 [debug] [Thread-5 (]: SQL status: SUCCESS 1 in 0.644 seconds
[0m17:03:44.045473 [info ] [Thread-5 (]: 49 of 135 PASS not_null_stg_value_chain_destination_plant ...................... [[32mPASS[0m in 0.67s]
[0m17:03:44.046315 [debug] [Thread-5 (]: Finished running node test.apc.not_null_stg_value_chain_destination_plant.29cb46422f
[0m17:03:44.047335 [debug] [Thread-5 (]: Began running node test.apc.not_null_stg_value_chain_source_plant.60f2fce1c1
[0m17:03:44.048142 [info ] [Thread-5 (]: 51 of 135 START test not_null_stg_value_chain_source_plant ..................... [RUN]
[0m17:03:44.048893 [debug] [Thread-5 (]: Re-using an available connection from the pool (formerly test.apc.not_null_stg_value_chain_destination_plant.29cb46422f, now test.apc.not_null_stg_value_chain_source_plant.60f2fce1c1)
[0m17:03:44.049495 [debug] [Thread-5 (]: Began compiling node test.apc.not_null_stg_value_chain_source_plant.60f2fce1c1
[0m17:03:44.058754 [debug] [Thread-5 (]: Writing injected SQL for node "test.apc.not_null_stg_value_chain_source_plant.60f2fce1c1"
[0m17:03:44.059597 [debug] [Thread-5 (]: Began executing node test.apc.not_null_stg_value_chain_source_plant.60f2fce1c1
[0m17:03:44.067006 [debug] [Thread-5 (]: Writing runtime sql for node "test.apc.not_null_stg_value_chain_source_plant.60f2fce1c1"
[0m17:03:44.068279 [debug] [Thread-5 (]: Using snowflake connection "test.apc.not_null_stg_value_chain_source_plant.60f2fce1c1"
[0m17:03:44.068959 [debug] [Thread-5 (]: On test.apc.not_null_stg_value_chain_source_plant.60f2fce1c1: /* {"app": "dbt", "dbt_version": "1.9.4", "profile_name": "default", "target_name": "dev", "node_id": "test.apc.not_null_stg_value_chain_source_plant.60f2fce1c1"} */
select
      count(*) as failures,
      count(*) != 0 as should_warn,
      count(*) != 0 as should_error
    from (
      
    
    



select source_plant
from APC_DEPLOY_DB.DBT_ANALYTICS.stg_value_chain
where source_plant is null



      
    ) dbt_internal_test
[0m17:03:44.069583 [debug] [Thread-5 (]: Opening a new connection, currently in state init
[0m17:03:44.955958 [debug] [Thread-3 (]: SQL status: SUCCESS 1 in 0.921 seconds
[0m17:03:44.958917 [info ] [Thread-3 (]: 50 of 135 PASS not_null_stg_value_chain_material_number ........................ [[32mPASS[0m in 0.95s]
[0m17:03:44.960185 [debug] [Thread-5 (]: SQL status: SUCCESS 1 in 0.891 seconds
[0m17:03:44.961084 [debug] [Thread-3 (]: Finished running node test.apc.not_null_stg_value_chain_material_number.91bb4cbf4d
[0m17:03:44.963685 [info ] [Thread-5 (]: 51 of 135 PASS not_null_stg_value_chain_source_plant ........................... [[32mPASS[0m in 0.91s]
[0m17:03:44.964912 [debug] [Thread-3 (]: Began running node model.apc.mart_energy_cost_bridge
[0m17:03:44.965972 [debug] [Thread-5 (]: Finished running node test.apc.not_null_stg_value_chain_source_plant.60f2fce1c1
[0m17:03:44.966884 [info ] [Thread-3 (]: 52 of 135 START sql dynamic_table model DBT_ANALYTICS.mart_energy_cost_bridge .. [RUN]
[0m17:03:44.968063 [debug] [Thread-5 (]: Began running node model.apc.int_activity_rate_validation
[0m17:03:44.968943 [debug] [Thread-3 (]: Re-using an available connection from the pool (formerly test.apc.not_null_stg_value_chain_material_number.91bb4cbf4d, now model.apc.mart_energy_cost_bridge)
[0m17:03:44.969784 [info ] [Thread-5 (]: 53 of 135 START sql dynamic_table model DBT_ANALYTICS.int_activity_rate_validation  [RUN]
[0m17:03:44.970534 [debug] [Thread-3 (]: Began compiling node model.apc.mart_energy_cost_bridge
[0m17:03:44.971300 [debug] [Thread-5 (]: Re-using an available connection from the pool (formerly test.apc.not_null_stg_value_chain_source_plant.60f2fce1c1, now model.apc.int_activity_rate_validation)
[0m17:03:44.980239 [debug] [Thread-3 (]: Writing injected SQL for node "model.apc.mart_energy_cost_bridge"
[0m17:03:44.981028 [debug] [Thread-5 (]: Began compiling node model.apc.int_activity_rate_validation
[0m17:03:44.989737 [debug] [Thread-5 (]: Writing injected SQL for node "model.apc.int_activity_rate_validation"
[0m17:03:44.990696 [debug] [Thread-3 (]: Began executing node model.apc.mart_energy_cost_bridge
[0m17:03:45.000279 [debug] [Thread-3 (]: Applying REPLACE to: "APC_DEPLOY_DB"."DBT_ANALYTICS"."MART_ENERGY_COST_BRIDGE"
[0m17:03:45.001161 [debug] [Thread-5 (]: Began executing node model.apc.int_activity_rate_validation
[0m17:03:45.002453 [debug] [Thread-3 (]: Writing runtime sql for node "model.apc.mart_energy_cost_bridge"
[0m17:03:45.010469 [debug] [Thread-5 (]: Applying CREATE to: APC_DEPLOY_DB.DBT_ANALYTICS.int_activity_rate_validation
[0m17:03:45.011974 [debug] [Thread-5 (]: Writing runtime sql for node "model.apc.int_activity_rate_validation"
[0m17:03:45.013770 [debug] [Thread-3 (]: Using snowflake connection "model.apc.mart_energy_cost_bridge"
[0m17:03:45.014752 [debug] [Thread-3 (]: On model.apc.mart_energy_cost_bridge: /* {"app": "dbt", "dbt_version": "1.9.4", "profile_name": "default", "target_name": "dev", "node_id": "model.apc.mart_energy_cost_bridge"} */
create or replace dynamic table APC_DEPLOY_DB.DBT_ANALYTICS.mart_energy_cost_bridge
        target_lag = '1 hour'
        warehouse = APC_DEPLOY_WH
        refresh_mode = AUTO

        initialize = ON_CREATE

        as (
            -- Mart: energy cost bridge — the live "external market index -> costed energy"
-- lineage. Joins the Marketplace-shaped energy price feed (WA $/MWh) to each
-- plant's energy intensity (MWh per produced unit) to derive an energy cost per
-- unit by plant and period. This is the data-sharing story: a real Marketplace
-- energy share would flow through here unchanged.

select
    i.plant_code,
    i.country,
    i.energy_index,
    e.price_year                                     as fiscal_year,
    e.period,
    e.delivery,
    e.price_per_mwh,
    i.mwh_per_unit,
    round(e.price_per_mwh * i.mwh_per_unit, 4)        as energy_cost_per_unit
from APC_DEPLOY_DB.DBT_ANALYTICS.stg_energy_prices e
join APC_DEPLOY_DB.DBT_ANALYTICS_DBT_ANALYTICS.plant_energy_intensity i
  on i.energy_index = e.energy_index
        )
[0m17:03:45.017468 [debug] [Thread-5 (]: Using snowflake connection "model.apc.int_activity_rate_validation"
[0m17:03:45.018250 [debug] [Thread-3 (]: Opening a new connection, currently in state init
[0m17:03:45.019142 [debug] [Thread-5 (]: On model.apc.int_activity_rate_validation: /* {"app": "dbt", "dbt_version": "1.9.4", "profile_name": "default", "target_name": "dev", "node_id": "model.apc.int_activity_rate_validation"} */
create dynamic table APC_DEPLOY_DB.DBT_ANALYTICS.int_activity_rate_validation
        target_lag = 'downstream'
        warehouse = APC_DEPLOY_WH
        refresh_mode = AUTO

        initialize = ON_CREATE

        as (
            -- Intermediate: activity rate stability validation — flags rates that shifted vs prior period.
-- Co-authored with CoCo

with current_rates as (
    select
        cost_centre,
        activity_type,
        plant_code,
        fiscal_year,
        total_rate,
        rate_type
    from APC_DEPLOY_DB.DBT_ANALYTICS.stg_activity_rates
    where rate_type = 1  -- plan rates
),

-- Prior year rate for comparison
prior_rates as (
    select
        cost_centre,
        activity_type,
        plant_code,
        fiscal_year + 1 as compare_to_year,
        total_rate as prior_rate
    from APC_DEPLOY_DB.DBT_ANALYTICS.stg_activity_rates
    where rate_type = 1
),

validated as (
    select
        c.cost_centre,
        c.activity_type,
        c.plant_code,
        c.fiscal_year,
        c.total_rate as current_rate,
        p.prior_rate,
        round(c.total_rate - coalesce(p.prior_rate, c.total_rate), 2) as rate_change,
        round(100.0 * (c.total_rate - coalesce(p.prior_rate, c.total_rate))
              / nullif(p.prior_rate, 0), 1) as rate_change_pct,
        case
            when p.prior_rate is null then 'NEW_RATE'
            when abs(c.total_rate - p.prior_rate) / nullif(p.prior_rate, 0) > 0.15 then 'UNSTABLE'
            when abs(c.total_rate - p.prior_rate) / nullif(p.prior_rate, 0) > 0.08 then 'WATCH'
            else 'STABLE'
        end as stability_status
    from current_rates c
    left join prior_rates p
        on c.cost_centre = p.cost_centre
        and c.activity_type = p.activity_type
        and c.plant_code = p.plant_code
        and c.fiscal_year = p.compare_to_year
)

select * from validated
        )
[0m17:03:45.020086 [debug] [Thread-5 (]: Opening a new connection, currently in state init
[0m17:03:45.608959 [debug] [Thread-4 (]: SQL status: SUCCESS 1 in 3.099 seconds
[0m17:03:45.612200 [info ] [Thread-4 (]: 47 of 135 OK created sql dynamic_table model DBT_ANALYTICS.stg_material_master . [[32mSUCCESS 1[0m in 3.13s]
[0m17:03:45.613062 [debug] [Thread-4 (]: Finished running node model.apc.stg_material_master
[0m17:03:45.614114 [debug] [Thread-4 (]: Began running node model.apc.int_period_actuals
[0m17:03:45.615249 [info ] [Thread-4 (]: 54 of 135 START sql dynamic_table model DBT_ANALYTICS.int_period_actuals ....... [RUN]
[0m17:03:45.616058 [debug] [Thread-4 (]: Re-using an available connection from the pool (formerly model.apc.stg_material_master, now model.apc.int_period_actuals)
[0m17:03:45.616680 [debug] [Thread-4 (]: Began compiling node model.apc.int_period_actuals
[0m17:03:45.626161 [debug] [Thread-4 (]: Writing injected SQL for node "model.apc.int_period_actuals"
[0m17:03:45.627022 [debug] [Thread-4 (]: Began executing node model.apc.int_period_actuals
[0m17:03:45.634761 [debug] [Thread-4 (]: Applying REPLACE to: "APC_DEPLOY_DB"."DBT_ANALYTICS"."INT_PERIOD_ACTUALS"
[0m17:03:45.635923 [debug] [Thread-4 (]: Writing runtime sql for node "model.apc.int_period_actuals"
[0m17:03:45.638214 [debug] [Thread-4 (]: Using snowflake connection "model.apc.int_period_actuals"
[0m17:03:45.638953 [debug] [Thread-4 (]: On model.apc.int_period_actuals: /* {"app": "dbt", "dbt_version": "1.9.4", "profile_name": "default", "target_name": "dev", "node_id": "model.apc.int_period_actuals"} */
create or replace dynamic table APC_DEPLOY_DB.DBT_ANALYTICS.int_period_actuals
        target_lag = 'downstream'
        warehouse = APC_DEPLOY_WH
        refresh_mode = AUTO

        initialize = ON_CREATE

        as (
            -- Intermediate: derive period actual unit cost from raw postings.
--   1. Aggregate line items to material x plant x period (Σqty, Σamount) — this
--      nets out reversals (BWART 102 negative rows).
--   2. Weighted-average unit cost = Σamount / Σqty (in local currency).
--   3. FX-convert to USD using the monthly TCURR rate for the posting period.
-- This is the core "raw transactions -> analysis-ready actual cost" transform.

with postings as (
    select * from APC_DEPLOY_DB.DBT_ANALYTICS.stg_ledger_postings
),

agg as (
    select
        material_number,
        plant_code,
        company_code,
        fiscal_year,
        period,
        period_int,
        local_currency,
        sum(quantity)     as net_quantity,
        sum(amount_local) as net_amount_local
    from postings
    group by 1, 2, 3, 4, 5, 6, 7
),

fx as (
    select from_currency, rate_year, rate_month, usd_per_unit
    from APC_DEPLOY_DB.DBT_ANALYTICS.stg_fx_rates
)

select
    a.material_number,
    a.plant_code,
    a.company_code,
    a.fiscal_year,
    a.period,
    a.period_int,
    a.local_currency,
    a.net_quantity,
    a.net_amount_local,
    a.net_amount_local / nullif(a.net_quantity, 0)                             as unit_cost_local,
    round(a.net_amount_local / nullif(a.net_quantity, 0) * f.usd_per_unit, 4)  as actual_cost_usd
from agg a
left join fx f
       on f.from_currency = a.local_currency
      and f.rate_year     = a.fiscal_year
      and f.rate_month    = a.period_int
where a.net_quantity <> 0
        )
[0m17:03:45.639604 [debug] [Thread-4 (]: Opening a new connection, currently in state init
[0m17:03:46.620252 [debug] [Thread-2 (]: SQL status: SUCCESS 1 in 4.169 seconds
[0m17:03:46.623515 [info ] [Thread-2 (]: 46 of 135 OK created sql dynamic_table model DBT_ANALYTICS.stg_cost_components . [[32mSUCCESS 1[0m in 4.20s]
[0m17:03:46.624432 [debug] [Thread-2 (]: Finished running node model.apc.stg_cost_components
[0m17:03:46.625522 [debug] [Thread-2 (]: Began running node model.apc.int_standard_by_period
[0m17:03:46.626705 [info ] [Thread-2 (]: 55 of 135 START sql dynamic_table model DBT_ANALYTICS.int_standard_by_period ... [RUN]
[0m17:03:46.627561 [debug] [Thread-2 (]: Re-using an available connection from the pool (formerly model.apc.stg_cost_components, now model.apc.int_standard_by_period)
[0m17:03:46.628326 [debug] [Thread-2 (]: Began compiling node model.apc.int_standard_by_period
[0m17:03:46.638221 [debug] [Thread-2 (]: Writing injected SQL for node "model.apc.int_standard_by_period"
[0m17:03:46.639108 [debug] [Thread-2 (]: Began executing node model.apc.int_standard_by_period
[0m17:03:46.650758 [debug] [Thread-2 (]: Applying REPLACE to: "APC_DEPLOY_DB"."DBT_ANALYTICS"."INT_STANDARD_BY_PERIOD"
[0m17:03:46.652222 [debug] [Thread-2 (]: Writing runtime sql for node "model.apc.int_standard_by_period"
[0m17:03:46.654513 [debug] [Thread-2 (]: Using snowflake connection "model.apc.int_standard_by_period"
[0m17:03:46.655251 [debug] [Thread-2 (]: On model.apc.int_standard_by_period: /* {"app": "dbt", "dbt_version": "1.9.4", "profile_name": "default", "target_name": "dev", "node_id": "model.apc.int_standard_by_period"} */
create or replace dynamic table APC_DEPLOY_DB.DBT_ANALYTICS.int_standard_by_period
        target_lag = 'downstream'
        warehouse = APC_DEPLOY_WH
        refresh_mode = AUTO

        initialize = ON_CREATE

        as (
            -- Intermediate: resolve the effective-dated standard price for each fiscal year,
-- then FX-convert to USD. For each material x plant x fiscal year, pick the MBEW
-- row with the latest valid_from_year <= that fiscal year (standard in force).

with standards as (
    select * from APC_DEPLOY_DB.DBT_ANALYTICS.stg_standard_price
),

fiscal_years as (
    select distinct fiscal_year from APC_DEPLOY_DB.DBT_ANALYTICS.stg_ledger_postings
),

resolved as (
    select
        s.material_number,
        s.plant_code,
        y.fiscal_year,
        s.standard_price_local,
        s.local_currency,
        s.valid_from_year,
        row_number() over (
            partition by s.material_number, s.plant_code, y.fiscal_year
            order by s.valid_from_year desc
        ) as _rn
    from standards s
    join fiscal_years y
      on s.valid_from_year <= y.fiscal_year
)

select
    r.material_number,
    r.plant_code,
    r.fiscal_year,
    r.standard_price_local,
    r.local_currency,
    round(r.standard_price_local * f.usd_per_unit, 4) as standard_cost_usd
from resolved r
left join APC_DEPLOY_DB.DBT_ANALYTICS.stg_fx_rates f
       on f.from_currency = r.local_currency
      and f.rate_year     = r.fiscal_year
      and f.rate_month    = 1            -- annual standard valued at start-of-year FX
where r._rn = 1
        )
[0m17:03:46.655930 [debug] [Thread-2 (]: Opening a new connection, currently in state init
[0m17:03:49.044021 [debug] [Thread-5 (]: SQL status: SUCCESS 1 in 4.024 seconds
[0m17:03:49.047056 [info ] [Thread-5 (]: 53 of 135 OK created sql dynamic_table model DBT_ANALYTICS.int_activity_rate_validation  [[32mSUCCESS 1[0m in 4.08s]
[0m17:03:49.047949 [debug] [Thread-5 (]: Finished running node model.apc.int_activity_rate_validation
[0m17:03:49.049080 [debug] [Thread-5 (]: Began running node model.apc.int_volume_reconciliation
[0m17:03:49.050140 [info ] [Thread-5 (]: 56 of 135 START sql dynamic_table model DBT_ANALYTICS.int_volume_reconciliation  [RUN]
[0m17:03:49.050883 [debug] [Thread-5 (]: Re-using an available connection from the pool (formerly model.apc.int_activity_rate_validation, now model.apc.int_volume_reconciliation)
[0m17:03:49.051500 [debug] [Thread-5 (]: Began compiling node model.apc.int_volume_reconciliation
[0m17:03:49.170757 [debug] [Thread-5 (]: Writing injected SQL for node "model.apc.int_volume_reconciliation"
[0m17:03:49.171695 [debug] [Thread-5 (]: Began executing node model.apc.int_volume_reconciliation
[0m17:03:49.179422 [debug] [Thread-5 (]: Applying CREATE to: APC_DEPLOY_DB.DBT_ANALYTICS.int_volume_reconciliation
[0m17:03:49.180609 [debug] [Thread-5 (]: Writing runtime sql for node "model.apc.int_volume_reconciliation"
[0m17:03:49.184092 [debug] [Thread-5 (]: Using snowflake connection "model.apc.int_volume_reconciliation"
[0m17:03:49.184973 [debug] [Thread-5 (]: On model.apc.int_volume_reconciliation: /* {"app": "dbt", "dbt_version": "1.9.4", "profile_name": "default", "target_name": "dev", "node_id": "model.apc.int_volume_reconciliation"} */
create dynamic table APC_DEPLOY_DB.DBT_ANALYTICS.int_volume_reconciliation
        target_lag = 'downstream'
        warehouse = APC_DEPLOY_WH
        refresh_mode = AUTO

        initialize = ON_CREATE

        as (
            -- Intermediate: three-way volume reconciliation — APO planned vs commercial forecast vs actual billing.
-- Co-authored with CoCo

with planned as (
    select
        material_number,
        plant_code,
        fiscal_year,
        period,
        planned_production_qty,
        confirmed_qty,
        commercial_forecast_qty
    from APC_DEPLOY_DB.DBT_ANALYTICS.stg_apo_planned_volume
),

actual_billing as (
    select
        material_number,
        fiscal_year,
        cast(period as int)  as period,
        sum(billed_qty)      as actual_billed_qty,
        sum(net_revenue)     as actual_revenue
    from APC_DEPLOY_DB.DBT_ANALYTICS.stg_sd_billing
    group by 1, 2, 3
),

reconciled as (
    select
        coalesce(p.material_number, a.material_number)  as material_number,
        p.plant_code,
        coalesce(p.fiscal_year, a.fiscal_year)          as fiscal_year,
        coalesce(p.period, a.period)                    as period,
        -- The three volumes
        p.planned_production_qty,
        p.commercial_forecast_qty,
        a.actual_billed_qty,
        -- APO vs Commercial gap (planning misalignment)
        coalesce(p.planned_production_qty, 0)
            - coalesce(p.commercial_forecast_qty, 0)    as apo_vs_commercial_gap,
        -- Plan vs Actual gap (forecast accuracy)
        coalesce(p.planned_production_qty, 0)
            - coalesce(a.actual_billed_qty, 0)          as plan_vs_actual_gap,
        -- Percentage deviations
        round(100.0 * (coalesce(p.planned_production_qty, 0) - coalesce(a.actual_billed_qty, 0))
              / nullif(p.planned_production_qty, 0), 1) as plan_accuracy_pct,
        -- Flags
        case
            when a.actual_billed_qty is null and p.planned_production_qty > 0
                then 'NO_BILLING'
            when p.planned_production_qty is null and a.actual_billed_qty > 0
                then 'UNPLANNED_DEMAND'
            when abs(coalesce(p.planned_production_qty, 0) - coalesce(a.actual_billed_qty, 0))
                 / nullif(p.planned_production_qty, 0) > 0.20
                then 'HIGH_DEVIATION'
            when abs(coalesce(p.planned_production_qty, 0) - coalesce(a.actual_billed_qty, 0))
                 / nullif(p.planned_production_qty, 0) > 0.10
                then 'MEDIUM_DEVIATION'
            else 'ALIGNED'
        end as alignment_status
    from planned p
    full outer join actual_billing a
        on p.material_number = a.material_number
        and p.fiscal_year = a.fiscal_year
        and p.period = a.period
)

select * from reconciled
        )
[0m17:03:49.185699 [debug] [Thread-5 (]: Opening a new connection, currently in state init
[0m17:03:49.341105 [debug] [Thread-3 (]: SQL status: SUCCESS 1 in 4.323 seconds
[0m17:03:49.344212 [info ] [Thread-3 (]: 52 of 135 OK created sql dynamic_table model DBT_ANALYTICS.mart_energy_cost_bridge  [[32mSUCCESS 1[0m in 4.38s]
[0m17:03:49.345069 [debug] [Thread-3 (]: Finished running node model.apc.mart_energy_cost_bridge
[0m17:03:49.346115 [debug] [Thread-3 (]: Began running node test.apc.not_null_stg_material_master_material_number.05b3ee2b60
[0m17:03:49.346883 [info ] [Thread-3 (]: 57 of 135 START test not_null_stg_material_master_material_number .............. [RUN]
[0m17:03:49.347697 [debug] [Thread-3 (]: Re-using an available connection from the pool (formerly model.apc.mart_energy_cost_bridge, now test.apc.not_null_stg_material_master_material_number.05b3ee2b60)
[0m17:03:49.348347 [debug] [Thread-3 (]: Began compiling node test.apc.not_null_stg_material_master_material_number.05b3ee2b60
[0m17:03:49.358702 [debug] [Thread-3 (]: Writing injected SQL for node "test.apc.not_null_stg_material_master_material_number.05b3ee2b60"
[0m17:03:49.359561 [debug] [Thread-3 (]: Began executing node test.apc.not_null_stg_material_master_material_number.05b3ee2b60
[0m17:03:49.367375 [debug] [Thread-3 (]: Writing runtime sql for node "test.apc.not_null_stg_material_master_material_number.05b3ee2b60"
[0m17:03:49.368678 [debug] [Thread-3 (]: Using snowflake connection "test.apc.not_null_stg_material_master_material_number.05b3ee2b60"
[0m17:03:49.369440 [debug] [Thread-3 (]: On test.apc.not_null_stg_material_master_material_number.05b3ee2b60: /* {"app": "dbt", "dbt_version": "1.9.4", "profile_name": "default", "target_name": "dev", "node_id": "test.apc.not_null_stg_material_master_material_number.05b3ee2b60"} */
select
      count(*) as failures,
      count(*) != 0 as should_warn,
      count(*) != 0 as should_error
    from (
      
    
    



select material_number
from APC_DEPLOY_DB.DBT_ANALYTICS.stg_material_master
where material_number is null



      
    ) dbt_internal_test
[0m17:03:49.371692 [debug] [Thread-3 (]: Opening a new connection, currently in state init
[0m17:03:49.532115 [debug] [Thread-4 (]: SQL status: SUCCESS 1 in 3.892 seconds
[0m17:03:49.535325 [info ] [Thread-4 (]: 54 of 135 OK created sql dynamic_table model DBT_ANALYTICS.int_period_actuals .. [[32mSUCCESS 1[0m in 3.92s]
[0m17:03:49.536214 [debug] [Thread-4 (]: Finished running node model.apc.int_period_actuals
[0m17:03:49.537260 [debug] [Thread-4 (]: Began running node test.apc.unique_stg_material_master_material_number.e38c17be55
[0m17:03:49.538349 [info ] [Thread-4 (]: 58 of 135 START test unique_stg_material_master_material_number ................ [RUN]
[0m17:03:49.539135 [debug] [Thread-4 (]: Re-using an available connection from the pool (formerly model.apc.int_period_actuals, now test.apc.unique_stg_material_master_material_number.e38c17be55)
[0m17:03:49.539795 [debug] [Thread-4 (]: Began compiling node test.apc.unique_stg_material_master_material_number.e38c17be55
[0m17:03:49.550626 [debug] [Thread-4 (]: Writing injected SQL for node "test.apc.unique_stg_material_master_material_number.e38c17be55"
[0m17:03:49.551488 [debug] [Thread-4 (]: Began executing node test.apc.unique_stg_material_master_material_number.e38c17be55
[0m17:03:49.559355 [debug] [Thread-4 (]: Writing runtime sql for node "test.apc.unique_stg_material_master_material_number.e38c17be55"
[0m17:03:49.560771 [debug] [Thread-4 (]: Using snowflake connection "test.apc.unique_stg_material_master_material_number.e38c17be55"
[0m17:03:49.561476 [debug] [Thread-4 (]: On test.apc.unique_stg_material_master_material_number.e38c17be55: /* {"app": "dbt", "dbt_version": "1.9.4", "profile_name": "default", "target_name": "dev", "node_id": "test.apc.unique_stg_material_master_material_number.e38c17be55"} */
select
      count(*) as failures,
      count(*) != 0 as should_warn,
      count(*) != 0 as should_error
    from (
      
    
    

select
    material_number as unique_field,
    count(*) as n_records

from APC_DEPLOY_DB.DBT_ANALYTICS.stg_material_master
where material_number is not null
group by material_number
having count(*) > 1



      
    ) dbt_internal_test
[0m17:03:49.562133 [debug] [Thread-4 (]: Opening a new connection, currently in state init
[0m17:03:50.158515 [debug] [Thread-3 (]: SQL status: SUCCESS 1 in 0.787 seconds
[0m17:03:50.161266 [info ] [Thread-3 (]: 57 of 135 PASS not_null_stg_material_master_material_number .................... [[32mPASS[0m in 0.81s]
[0m17:03:50.162197 [debug] [Thread-3 (]: Finished running node test.apc.not_null_stg_material_master_material_number.05b3ee2b60
[0m17:03:50.163288 [debug] [Thread-3 (]: Began running node test.apc.accepted_values_stg_cost_components_record_type__S__A.9a08f5469a
[0m17:03:50.164091 [info ] [Thread-3 (]: 59 of 135 START test accepted_values_stg_cost_components_record_type__S__A ..... [RUN]
[0m17:03:50.164852 [debug] [Thread-3 (]: Re-using an available connection from the pool (formerly test.apc.not_null_stg_material_master_material_number.05b3ee2b60, now test.apc.accepted_values_stg_cost_components_record_type__S__A.9a08f5469a)
[0m17:03:50.165521 [debug] [Thread-3 (]: Began compiling node test.apc.accepted_values_stg_cost_components_record_type__S__A.9a08f5469a
[0m17:03:50.179771 [debug] [Thread-3 (]: Writing injected SQL for node "test.apc.accepted_values_stg_cost_components_record_type__S__A.9a08f5469a"
[0m17:03:50.180688 [debug] [Thread-3 (]: Began executing node test.apc.accepted_values_stg_cost_components_record_type__S__A.9a08f5469a
[0m17:03:50.189920 [debug] [Thread-3 (]: Writing runtime sql for node "test.apc.accepted_values_stg_cost_components_record_type__S__A.9a08f5469a"
[0m17:03:50.191471 [debug] [Thread-3 (]: Using snowflake connection "test.apc.accepted_values_stg_cost_components_record_type__S__A.9a08f5469a"
[0m17:03:50.192179 [debug] [Thread-3 (]: On test.apc.accepted_values_stg_cost_components_record_type__S__A.9a08f5469a: /* {"app": "dbt", "dbt_version": "1.9.4", "profile_name": "default", "target_name": "dev", "node_id": "test.apc.accepted_values_stg_cost_components_record_type__S__A.9a08f5469a"} */
select
      count(*) as failures,
      count(*) != 0 as should_warn,
      count(*) != 0 as should_error
    from (
      
    
    

with all_values as (

    select
        record_type as value_field,
        count(*) as n_records

    from APC_DEPLOY_DB.DBT_ANALYTICS.stg_cost_components
    group by record_type

)

select *
from all_values
where value_field not in (
    'S','A'
)



      
    ) dbt_internal_test
[0m17:03:50.192798 [debug] [Thread-3 (]: Opening a new connection, currently in state init
[0m17:03:50.288716 [debug] [Thread-4 (]: SQL status: SUCCESS 1 in 0.726 seconds
[0m17:03:50.291610 [info ] [Thread-4 (]: 58 of 135 PASS unique_stg_material_master_material_number ...................... [[32mPASS[0m in 0.75s]
[0m17:03:50.303821 [debug] [Thread-4 (]: Finished running node test.apc.unique_stg_material_master_material_number.e38c17be55
[0m17:03:50.305135 [debug] [Thread-4 (]: Began running node test.apc.not_null_stg_cost_components_material_number.27d3aba671
[0m17:03:50.306233 [info ] [Thread-4 (]: 60 of 135 START test not_null_stg_cost_components_material_number .............. [RUN]
[0m17:03:50.307078 [debug] [Thread-4 (]: Re-using an available connection from the pool (formerly test.apc.unique_stg_material_master_material_number.e38c17be55, now test.apc.not_null_stg_cost_components_material_number.27d3aba671)
[0m17:03:50.307735 [debug] [Thread-4 (]: Began compiling node test.apc.not_null_stg_cost_components_material_number.27d3aba671
[0m17:03:50.317593 [debug] [Thread-4 (]: Writing injected SQL for node "test.apc.not_null_stg_cost_components_material_number.27d3aba671"
[0m17:03:50.318615 [debug] [Thread-4 (]: Began executing node test.apc.not_null_stg_cost_components_material_number.27d3aba671
[0m17:03:50.327666 [debug] [Thread-4 (]: Writing runtime sql for node "test.apc.not_null_stg_cost_components_material_number.27d3aba671"
[0m17:03:50.329013 [debug] [Thread-4 (]: Using snowflake connection "test.apc.not_null_stg_cost_components_material_number.27d3aba671"
[0m17:03:50.329729 [debug] [Thread-4 (]: On test.apc.not_null_stg_cost_components_material_number.27d3aba671: /* {"app": "dbt", "dbt_version": "1.9.4", "profile_name": "default", "target_name": "dev", "node_id": "test.apc.not_null_stg_cost_components_material_number.27d3aba671"} */
select
      count(*) as failures,
      count(*) != 0 as should_warn,
      count(*) != 0 as should_error
    from (
      
    
    



select material_number
from APC_DEPLOY_DB.DBT_ANALYTICS.stg_cost_components
where material_number is null



      
    ) dbt_internal_test
[0m17:03:50.330372 [debug] [Thread-4 (]: Opening a new connection, currently in state init
[0m17:03:51.019646 [debug] [Thread-4 (]: SQL status: SUCCESS 1 in 0.689 seconds
[0m17:03:51.022454 [info ] [Thread-4 (]: 60 of 135 PASS not_null_stg_cost_components_material_number .................... [[32mPASS[0m in 0.72s]
[0m17:03:51.023422 [debug] [Thread-4 (]: Finished running node test.apc.not_null_stg_cost_components_material_number.27d3aba671
[0m17:03:51.024511 [debug] [Thread-4 (]: Began running node test.apc.accepted_values_int_activity_rate_validation_stability_status__STABLE__WATCH__UNSTABLE__NEW_RATE.14d085c021
[0m17:03:51.025280 [info ] [Thread-4 (]: 61 of 135 START test accepted_values_int_activity_rate_validation_stability_status__STABLE__WATCH__UNSTABLE__NEW_RATE  [RUN]
[0m17:03:51.026543 [debug] [Thread-3 (]: SQL status: SUCCESS 1 in 0.834 seconds
[0m17:03:51.027341 [debug] [Thread-4 (]: Re-using an available connection from the pool (formerly test.apc.not_null_stg_cost_components_material_number.27d3aba671, now test.apc.accepted_values_int_activity_rate_validation_stability_status__STABLE__WATCH__UNSTABLE__NEW_RATE.14d085c021)
[0m17:03:51.030056 [info ] [Thread-3 (]: 59 of 135 PASS accepted_values_stg_cost_components_record_type__S__A ........... [[32mPASS[0m in 0.87s]
[0m17:03:51.030785 [debug] [Thread-4 (]: Began compiling node test.apc.accepted_values_int_activity_rate_validation_stability_status__STABLE__WATCH__UNSTABLE__NEW_RATE.14d085c021
[0m17:03:51.031593 [debug] [Thread-3 (]: Finished running node test.apc.accepted_values_stg_cost_components_record_type__S__A.9a08f5469a
[0m17:03:51.044130 [debug] [Thread-4 (]: Writing injected SQL for node "test.apc.accepted_values_int_activity_rate_validation_stability_status__STABLE__WATCH__UNSTABLE__NEW_RATE.14d085c021"
[0m17:03:51.045346 [debug] [Thread-3 (]: Began running node test.apc.assert_rate_stability
[0m17:03:51.046581 [info ] [Thread-3 (]: 62 of 135 START test assert_rate_stability ..................................... [RUN]
[0m17:03:51.047494 [debug] [Thread-4 (]: Began executing node test.apc.accepted_values_int_activity_rate_validation_stability_status__STABLE__WATCH__UNSTABLE__NEW_RATE.14d085c021
[0m17:03:51.048302 [debug] [Thread-3 (]: Re-using an available connection from the pool (formerly test.apc.accepted_values_stg_cost_components_record_type__S__A.9a08f5469a, now test.apc.assert_rate_stability)
[0m17:03:51.057627 [debug] [Thread-4 (]: Writing runtime sql for node "test.apc.accepted_values_int_activity_rate_validation_stability_status__STABLE__WATCH__UNSTABLE__NEW_RATE.14d085c021"
[0m17:03:51.058435 [debug] [Thread-3 (]: Began compiling node test.apc.assert_rate_stability
[0m17:03:51.066755 [debug] [Thread-3 (]: Writing injected SQL for node "test.apc.assert_rate_stability"
[0m17:03:51.071578 [debug] [Thread-4 (]: Using snowflake connection "test.apc.accepted_values_int_activity_rate_validation_stability_status__STABLE__WATCH__UNSTABLE__NEW_RATE.14d085c021"
[0m17:03:51.072790 [debug] [Thread-4 (]: On test.apc.accepted_values_int_activity_rate_validation_stability_status__STABLE__WATCH__UNSTABLE__NEW_RATE.14d085c021: /* {"app": "dbt", "dbt_version": "1.9.4", "profile_name": "default", "target_name": "dev", "node_id": "test.apc.accepted_values_int_activity_rate_validation_stability_status__STABLE__WATCH__UNSTABLE__NEW_RATE.14d085c021"} */
select
      count(*) as failures,
      count(*) != 0 as should_warn,
      count(*) != 0 as should_error
    from (
      
    
    

with all_values as (

    select
        stability_status as value_field,
        count(*) as n_records

    from APC_DEPLOY_DB.DBT_ANALYTICS.int_activity_rate_validation
    group by stability_status

)

select *
from all_values
where value_field not in (
    'STABLE','WATCH','UNSTABLE','NEW_RATE'
)



      
    ) dbt_internal_test
[0m17:03:51.073584 [debug] [Thread-3 (]: Began executing node test.apc.assert_rate_stability
[0m17:03:51.074238 [debug] [Thread-4 (]: Opening a new connection, currently in state init
[0m17:03:51.083343 [debug] [Thread-3 (]: Writing runtime sql for node "test.apc.assert_rate_stability"
[0m17:03:51.084985 [debug] [Thread-3 (]: Using snowflake connection "test.apc.assert_rate_stability"
[0m17:03:51.085775 [debug] [Thread-3 (]: On test.apc.assert_rate_stability: /* {"app": "dbt", "dbt_version": "1.9.4", "profile_name": "default", "target_name": "dev", "node_id": "test.apc.assert_rate_stability"} */
select
      count(*) as failures,
      count(*) != 0 as should_warn,
      count(*) != 0 as should_error
    from (
      -- Test: activity rates should not shift more than 15% year-over-year.
-- Co-authored with CoCo

select
    cost_centre,
    activity_type,
    plant_code,
    fiscal_year,
    current_rate,
    prior_rate,
    rate_change_pct,
    stability_status
from APC_DEPLOY_DB.DBT_ANALYTICS.int_activity_rate_validation
where stability_status = 'UNSTABLE'
      
    ) dbt_internal_test
[0m17:03:51.086463 [debug] [Thread-3 (]: Opening a new connection, currently in state init
[0m17:03:51.146871 [debug] [Thread-2 (]: SQL status: SUCCESS 1 in 4.491 seconds
[0m17:03:51.150250 [info ] [Thread-2 (]: 55 of 135 OK created sql dynamic_table model DBT_ANALYTICS.int_standard_by_period  [[32mSUCCESS 1[0m in 4.52s]
[0m17:03:51.166886 [debug] [Thread-2 (]: Finished running node model.apc.int_standard_by_period
[0m17:03:51.168134 [debug] [Thread-2 (]: Began running node test.apc.not_null_int_activity_rate_validation_cost_centre.a6ad231a19
[0m17:03:51.169174 [info ] [Thread-2 (]: 63 of 135 START test not_null_int_activity_rate_validation_cost_centre ......... [RUN]
[0m17:03:51.170008 [debug] [Thread-2 (]: Re-using an available connection from the pool (formerly model.apc.int_standard_by_period, now test.apc.not_null_int_activity_rate_validation_cost_centre.a6ad231a19)
[0m17:03:51.170641 [debug] [Thread-2 (]: Began compiling node test.apc.not_null_int_activity_rate_validation_cost_centre.a6ad231a19
[0m17:03:51.180133 [debug] [Thread-2 (]: Writing injected SQL for node "test.apc.not_null_int_activity_rate_validation_cost_centre.a6ad231a19"
[0m17:03:51.180987 [debug] [Thread-2 (]: Began executing node test.apc.not_null_int_activity_rate_validation_cost_centre.a6ad231a19
[0m17:03:51.190166 [debug] [Thread-2 (]: Writing runtime sql for node "test.apc.not_null_int_activity_rate_validation_cost_centre.a6ad231a19"
[0m17:03:51.191427 [debug] [Thread-2 (]: Using snowflake connection "test.apc.not_null_int_activity_rate_validation_cost_centre.a6ad231a19"
[0m17:03:51.192099 [debug] [Thread-2 (]: On test.apc.not_null_int_activity_rate_validation_cost_centre.a6ad231a19: /* {"app": "dbt", "dbt_version": "1.9.4", "profile_name": "default", "target_name": "dev", "node_id": "test.apc.not_null_int_activity_rate_validation_cost_centre.a6ad231a19"} */
select
      count(*) as failures,
      count(*) != 0 as should_warn,
      count(*) != 0 as should_error
    from (
      
    
    



select cost_centre
from APC_DEPLOY_DB.DBT_ANALYTICS.int_activity_rate_validation
where cost_centre is null



      
    ) dbt_internal_test
[0m17:03:51.192740 [debug] [Thread-2 (]: Opening a new connection, currently in state init
[0m17:03:51.920432 [debug] [Thread-4 (]: SQL status: SUCCESS 1 in 0.846 seconds
[0m17:03:51.923280 [info ] [Thread-4 (]: 61 of 135 PASS accepted_values_int_activity_rate_validation_stability_status__STABLE__WATCH__UNSTABLE__NEW_RATE  [[32mPASS[0m in 0.90s]
[0m17:03:51.924170 [debug] [Thread-4 (]: Finished running node test.apc.accepted_values_int_activity_rate_validation_stability_status__STABLE__WATCH__UNSTABLE__NEW_RATE.14d085c021
[0m17:03:51.925198 [debug] [Thread-4 (]: Began running node test.apc.not_null_int_period_actuals_actual_cost_usd.bd76424a6f
[0m17:03:51.925980 [info ] [Thread-4 (]: 64 of 135 START test not_null_int_period_actuals_actual_cost_usd ............... [RUN]
[0m17:03:51.927258 [debug] [Thread-3 (]: SQL status: SUCCESS 1 in 0.841 seconds
[0m17:03:51.928118 [debug] [Thread-4 (]: Re-using an available connection from the pool (formerly test.apc.accepted_values_int_activity_rate_validation_stability_status__STABLE__WATCH__UNSTABLE__NEW_RATE.14d085c021, now test.apc.not_null_int_period_actuals_actual_cost_usd.bd76424a6f)
[0m17:03:51.934184 [error] [Thread-3 (]: 62 of 135 FAIL 2 assert_rate_stability ......................................... [[31mFAIL 2[0m in 0.89s]
[0m17:03:51.935029 [debug] [Thread-4 (]: Began compiling node test.apc.not_null_int_period_actuals_actual_cost_usd.bd76424a6f
[0m17:03:51.935869 [debug] [Thread-3 (]: Finished running node test.apc.assert_rate_stability
[0m17:03:51.945796 [debug] [Thread-4 (]: Writing injected SQL for node "test.apc.not_null_int_period_actuals_actual_cost_usd.bd76424a6f"
[0m17:03:51.947002 [debug] [Thread-3 (]: Began running node test.apc.not_null_int_period_actuals_material_number.c179280f67
[0m17:03:51.947834 [debug] [Thread-8 (]: Marking all children of 'test.apc.assert_rate_stability' to be skipped because of status 'fail'.  Reason: Got 2 results, configured to fail if != 0.
[0m17:03:51.948922 [info ] [Thread-3 (]: 65 of 135 START test not_null_int_period_actuals_material_number ............... [RUN]
[0m17:03:51.949809 [debug] [Thread-4 (]: Began executing node test.apc.not_null_int_period_actuals_actual_cost_usd.bd76424a6f
[0m17:03:51.950754 [debug] [Thread-3 (]: Re-using an available connection from the pool (formerly test.apc.assert_rate_stability, now test.apc.not_null_int_period_actuals_material_number.c179280f67)
[0m17:03:51.958692 [debug] [Thread-4 (]: Writing runtime sql for node "test.apc.not_null_int_period_actuals_actual_cost_usd.bd76424a6f"
[0m17:03:51.959387 [debug] [Thread-3 (]: Began compiling node test.apc.not_null_int_period_actuals_material_number.c179280f67
[0m17:03:51.970376 [debug] [Thread-3 (]: Writing injected SQL for node "test.apc.not_null_int_period_actuals_material_number.c179280f67"
[0m17:03:51.971560 [debug] [Thread-4 (]: Using snowflake connection "test.apc.not_null_int_period_actuals_actual_cost_usd.bd76424a6f"
[0m17:03:51.972535 [debug] [Thread-4 (]: On test.apc.not_null_int_period_actuals_actual_cost_usd.bd76424a6f: /* {"app": "dbt", "dbt_version": "1.9.4", "profile_name": "default", "target_name": "dev", "node_id": "test.apc.not_null_int_period_actuals_actual_cost_usd.bd76424a6f"} */
select
      count(*) as failures,
      count(*) != 0 as should_warn,
      count(*) != 0 as should_error
    from (
      
    
    



select actual_cost_usd
from APC_DEPLOY_DB.DBT_ANALYTICS.int_period_actuals
where actual_cost_usd is null



      
    ) dbt_internal_test
[0m17:03:51.973266 [debug] [Thread-3 (]: Began executing node test.apc.not_null_int_period_actuals_material_number.c179280f67
[0m17:03:51.973935 [debug] [Thread-4 (]: Opening a new connection, currently in state init
[0m17:03:51.982015 [debug] [Thread-3 (]: Writing runtime sql for node "test.apc.not_null_int_period_actuals_material_number.c179280f67"
[0m17:03:51.983524 [debug] [Thread-3 (]: Using snowflake connection "test.apc.not_null_int_period_actuals_material_number.c179280f67"
[0m17:03:51.984223 [debug] [Thread-3 (]: On test.apc.not_null_int_period_actuals_material_number.c179280f67: /* {"app": "dbt", "dbt_version": "1.9.4", "profile_name": "default", "target_name": "dev", "node_id": "test.apc.not_null_int_period_actuals_material_number.c179280f67"} */
select
      count(*) as failures,
      count(*) != 0 as should_warn,
      count(*) != 0 as should_error
    from (
      
    
    



select material_number
from APC_DEPLOY_DB.DBT_ANALYTICS.int_period_actuals
where material_number is null



      
    ) dbt_internal_test
[0m17:03:51.984860 [debug] [Thread-3 (]: Opening a new connection, currently in state init
[0m17:03:51.995263 [debug] [Thread-2 (]: SQL status: SUCCESS 1 in 0.802 seconds
[0m17:03:51.997933 [info ] [Thread-2 (]: 63 of 135 PASS not_null_int_activity_rate_validation_cost_centre ............... [[32mPASS[0m in 0.83s]
[0m17:03:51.998889 [debug] [Thread-2 (]: Finished running node test.apc.not_null_int_activity_rate_validation_cost_centre.a6ad231a19
[0m17:03:52.000000 [debug] [Thread-2 (]: Began running node model.apc.int_bom_explosion
[0m17:03:52.001153 [info ] [Thread-2 (]: 66 of 135 START sql dynamic_table model DBT_ANALYTICS.int_bom_explosion ........ [RUN]
[0m17:03:52.001987 [debug] [Thread-2 (]: Re-using an available connection from the pool (formerly test.apc.not_null_int_activity_rate_validation_cost_centre.a6ad231a19, now model.apc.int_bom_explosion)
[0m17:03:52.002620 [debug] [Thread-2 (]: Began compiling node model.apc.int_bom_explosion
[0m17:03:52.012878 [debug] [Thread-2 (]: Writing injected SQL for node "model.apc.int_bom_explosion"
[0m17:03:52.013766 [debug] [Thread-2 (]: Began executing node model.apc.int_bom_explosion
[0m17:03:52.021528 [debug] [Thread-2 (]: Applying CREATE to: APC_DEPLOY_DB.DBT_ANALYTICS.int_bom_explosion
[0m17:03:52.023183 [debug] [Thread-2 (]: Writing runtime sql for node "model.apc.int_bom_explosion"
[0m17:03:52.027036 [debug] [Thread-2 (]: Using snowflake connection "model.apc.int_bom_explosion"
[0m17:03:52.028226 [debug] [Thread-2 (]: On model.apc.int_bom_explosion: /* {"app": "dbt", "dbt_version": "1.9.4", "profile_name": "default", "target_name": "dev", "node_id": "model.apc.int_bom_explosion"} */
create dynamic table APC_DEPLOY_DB.DBT_ANALYTICS.int_bom_explosion
        target_lag = 'downstream'
        warehouse = APC_DEPLOY_WH
        refresh_mode = AUTO

        initialize = ON_CREATE

        as (
            -- Intermediate: recursive multi-level BOM explosion with cumulative quantities and scrap.
-- Co-authored with CoCo

with recursive bom_tree as (
    -- Level 0: finished goods (anchor)
    select
        h.material_number   as root_material,
        h.plant_code,
        h.material_number   as parent_material,
        i.component_material,
        i.component_qty / nullif(h.base_quantity, 0)  as qty_per_parent,
        i.scrap_pct,
        -- Effective qty = qty_per * (1 + scrap/100) to account for scrap allowance
        (i.component_qty / nullif(h.base_quantity, 0))
            * (1 + i.scrap_pct / 100.0)              as effective_qty_per,
        1                                              as bom_level,
        i.item_category
    from APC_DEPLOY_DB.DBT_ANALYTICS.stg_bom_header h
    join APC_DEPLOY_DB.DBT_ANALYTICS.stg_bom_items i
        on h.bom_number = i.bom_number
    where h.material_number in (
        select material_number
        from APC_DEPLOY_DB.DBT_ANALYTICS.stg_material_master
        where material_type_code = 'FERT'
    )

    union all

    -- Recursive: explode sub-assemblies (HALB → ROH)
    select
        bt.root_material,
        bt.plant_code,
        bt.component_material  as parent_material,
        i.component_material,
        bt.effective_qty_per * (i.component_qty / nullif(h.base_quantity, 0))  as qty_per_parent,
        i.scrap_pct,
        bt.effective_qty_per
            * (i.component_qty / nullif(h.base_quantity, 0))
            * (1 + i.scrap_pct / 100.0)  as effective_qty_per,
        bt.bom_level + 1               as bom_level,
        i.item_category
    from bom_tree bt
    join APC_DEPLOY_DB.DBT_ANALYTICS.stg_bom_header h
        on bt.component_material = h.material_number
        and bt.plant_code = h.plant_code
    join APC_DEPLOY_DB.DBT_ANALYTICS.stg_bom_items i
        on h.bom_number = i.bom_number
    where bt.bom_level < 10  -- safety: max 10 levels
)

select
    root_material,
    plant_code,
    parent_material,
    component_material,
    mm.material_type_code  as component_type,
    mm.material_description as component_description,
    bom_level,
    qty_per_parent,
    scrap_pct,
    effective_qty_per,
    item_category
from bom_tree bt
left join APC_DEPLOY_DB.DBT_ANALYTICS.stg_material_master mm
    on bt.component_material = mm.material_number
        )
[0m17:03:52.029189 [debug] [Thread-2 (]: Opening a new connection, currently in state init
[0m17:03:52.451830 [debug] [Thread-5 (]: SQL status: SUCCESS 1 in 3.266 seconds
[0m17:03:52.455464 [info ] [Thread-5 (]: 56 of 135 OK created sql dynamic_table model DBT_ANALYTICS.int_volume_reconciliation  [[32mSUCCESS 1[0m in 3.40s]
[0m17:03:52.456424 [debug] [Thread-5 (]: Finished running node model.apc.int_volume_reconciliation
[0m17:03:52.457546 [debug] [Thread-5 (]: Began running node model.apc.int_cost_components
[0m17:03:52.458818 [info ] [Thread-5 (]: 67 of 135 START sql dynamic_table model DBT_ANALYTICS.int_cost_components ...... [RUN]
[0m17:03:52.459659 [debug] [Thread-5 (]: Re-using an available connection from the pool (formerly model.apc.int_volume_reconciliation, now model.apc.int_cost_components)
[0m17:03:52.460331 [debug] [Thread-5 (]: Began compiling node model.apc.int_cost_components
[0m17:03:52.471746 [debug] [Thread-5 (]: Writing injected SQL for node "model.apc.int_cost_components"
[0m17:03:52.472709 [debug] [Thread-5 (]: Began executing node model.apc.int_cost_components
[0m17:03:52.480689 [debug] [Thread-5 (]: Applying REPLACE to: "APC_DEPLOY_DB"."DBT_ANALYTICS"."INT_COST_COMPONENTS"
[0m17:03:52.481970 [debug] [Thread-5 (]: Writing runtime sql for node "model.apc.int_cost_components"
[0m17:03:52.483940 [debug] [Thread-5 (]: Using snowflake connection "model.apc.int_cost_components"
[0m17:03:52.484646 [debug] [Thread-5 (]: On model.apc.int_cost_components: /* {"app": "dbt", "dbt_version": "1.9.4", "profile_name": "default", "target_name": "dev", "node_id": "model.apc.int_cost_components"} */
create or replace dynamic table APC_DEPLOY_DB.DBT_ANALYTICS.int_cost_components
        target_lag = 'downstream'
        warehouse = APC_DEPLOY_WH
        refresh_mode = AUTO

        initialize = ON_CREATE

        as (
            -- Intermediate: FX-convert component values to USD and pivot the KEPH S/A record
-- types into standard vs actual per component.

with comp as (
    select
        c.material_number,
        c.plant_code,
        c.fiscal_year,
        c.period,
        c.period_int,
        c.cost_component,
        c.record_type,
        c.value_local * f.usd_per_unit as value_usd
    from APC_DEPLOY_DB.DBT_ANALYTICS.stg_cost_components c
    left join APC_DEPLOY_DB.DBT_ANALYTICS.stg_fx_rates f
           on f.from_currency = c.local_currency
          and f.rate_year     = c.fiscal_year
          and f.rate_month    = c.period_int
)

select
    material_number,
    plant_code,
    fiscal_year,
    period,
    period_int,
    cost_component,
    round(sum(case when record_type = 'S' then value_usd end), 4) as standard_cost,
    round(sum(case when record_type = 'A' then value_usd end), 4) as actual_cost
from comp
group by 1, 2, 3, 4, 5, 6
        )
[0m17:03:52.485270 [debug] [Thread-5 (]: Opening a new connection, currently in state init
[0m17:03:53.026300 [debug] [Thread-4 (]: SQL status: SUCCESS 1 in 1.052 seconds
[0m17:03:53.029563 [info ] [Thread-4 (]: 64 of 135 PASS not_null_int_period_actuals_actual_cost_usd ..................... [[32mPASS[0m in 1.10s]
[0m17:03:53.030542 [debug] [Thread-4 (]: Finished running node test.apc.not_null_int_period_actuals_actual_cost_usd.bd76424a6f
[0m17:03:53.031609 [debug] [Thread-4 (]: Began running node test.apc.not_null_int_standard_by_period_standard_cost_usd.301f51d10d
[0m17:03:53.032413 [info ] [Thread-4 (]: 68 of 135 START test not_null_int_standard_by_period_standard_cost_usd ......... [RUN]
[0m17:03:53.033182 [debug] [Thread-4 (]: Re-using an available connection from the pool (formerly test.apc.not_null_int_period_actuals_actual_cost_usd.bd76424a6f, now test.apc.not_null_int_standard_by_period_standard_cost_usd.301f51d10d)
[0m17:03:53.033831 [debug] [Thread-4 (]: Began compiling node test.apc.not_null_int_standard_by_period_standard_cost_usd.301f51d10d
[0m17:03:53.043850 [debug] [Thread-3 (]: SQL status: SUCCESS 1 in 1.059 seconds
[0m17:03:53.046089 [debug] [Thread-4 (]: Writing injected SQL for node "test.apc.not_null_int_standard_by_period_standard_cost_usd.301f51d10d"
[0m17:03:53.048836 [info ] [Thread-3 (]: 65 of 135 PASS not_null_int_period_actuals_material_number ..................... [[32mPASS[0m in 1.10s]
[0m17:03:53.050149 [debug] [Thread-3 (]: Finished running node test.apc.not_null_int_period_actuals_material_number.c179280f67
[0m17:03:53.050898 [debug] [Thread-4 (]: Began executing node test.apc.not_null_int_standard_by_period_standard_cost_usd.301f51d10d
[0m17:03:53.051957 [debug] [Thread-3 (]: Began running node model.apc.mart_rate_stability
[0m17:03:53.060765 [debug] [Thread-4 (]: Writing runtime sql for node "test.apc.not_null_int_standard_by_period_standard_cost_usd.301f51d10d"
[0m17:03:53.061599 [info ] [Thread-3 (]: 69 of 135 SKIP relation DBT_ANALYTICS.mart_rate_stability ...................... [[33mSKIP[0m]
[0m17:03:53.062774 [debug] [Thread-3 (]: Finished running node model.apc.mart_rate_stability
[0m17:03:53.064007 [debug] [Thread-4 (]: Using snowflake connection "test.apc.not_null_int_standard_by_period_standard_cost_usd.301f51d10d"
[0m17:03:53.065089 [debug] [Thread-3 (]: Began running node test.apc.accepted_values_int_volume_reconciliation_alignment_status__ALIGNED__HIGH_DEVIATION__MEDIUM_DEVIATION__NO_BILLING__UNPLANNED_DEMAND.39575daf2d
[0m17:03:53.065778 [debug] [Thread-8 (]: Marking all children of 'model.apc.mart_rate_stability' to be skipped because of status 'skipped'. 
[0m17:03:53.066497 [debug] [Thread-4 (]: On test.apc.not_null_int_standard_by_period_standard_cost_usd.301f51d10d: /* {"app": "dbt", "dbt_version": "1.9.4", "profile_name": "default", "target_name": "dev", "node_id": "test.apc.not_null_int_standard_by_period_standard_cost_usd.301f51d10d"} */
select
      count(*) as failures,
      count(*) != 0 as should_warn,
      count(*) != 0 as should_error
    from (
      
    
    



select standard_cost_usd
from APC_DEPLOY_DB.DBT_ANALYTICS.int_standard_by_period
where standard_cost_usd is null



      
    ) dbt_internal_test
[0m17:03:53.067230 [info ] [Thread-3 (]: 70 of 135 START test accepted_values_int_volume_reconciliation_alignment_status__ALIGNED__HIGH_DEVIATION__MEDIUM_DEVIATION__NO_BILLING__UNPLANNED_DEMAND  [RUN]
[0m17:03:53.068376 [debug] [Thread-4 (]: Opening a new connection, currently in state init
[0m17:03:53.069184 [debug] [Thread-3 (]: Re-using an available connection from the pool (formerly test.apc.not_null_int_period_actuals_material_number.c179280f67, now test.apc.accepted_values_int_volume_reconciliation_alignment_status__ALIGNED__HIGH_DEVIATION__MEDIUM_DEVIATION__NO_BILLING__UNPLANNED_DEMAND.39575daf2d)
[0m17:03:53.070193 [debug] [Thread-3 (]: Began compiling node test.apc.accepted_values_int_volume_reconciliation_alignment_status__ALIGNED__HIGH_DEVIATION__MEDIUM_DEVIATION__NO_BILLING__UNPLANNED_DEMAND.39575daf2d
[0m17:03:53.084125 [debug] [Thread-3 (]: Writing injected SQL for node "test.apc.accepted_values_int_volume_reconciliation_alignment_status__ALIGNED__HIGH_DEVIATION__MEDIUM_DEVIATION__NO_BILLING__UNPLANNED_DEMAND.39575daf2d"
[0m17:03:53.085005 [debug] [Thread-3 (]: Began executing node test.apc.accepted_values_int_volume_reconciliation_alignment_status__ALIGNED__HIGH_DEVIATION__MEDIUM_DEVIATION__NO_BILLING__UNPLANNED_DEMAND.39575daf2d
[0m17:03:53.207566 [debug] [Thread-3 (]: Writing runtime sql for node "test.apc.accepted_values_int_volume_reconciliation_alignment_status__ALIGNED__HIGH_DEVIATION__MEDIUM_DEVIATION__NO_BILLING__UNPLANNED_DEMAND.39575daf2d"
[0m17:03:53.210020 [debug] [Thread-3 (]: Using snowflake connection "test.apc.accepted_values_int_volume_reconciliation_alignment_status__ALIGNED__HIGH_DEVIATION__MEDIUM_DEVIATION__NO_BILLING__UNPLANNED_DEMAND.39575daf2d"
[0m17:03:53.210845 [debug] [Thread-3 (]: On test.apc.accepted_values_int_volume_reconciliation_alignment_status__ALIGNED__HIGH_DEVIATION__MEDIUM_DEVIATION__NO_BILLING__UNPLANNED_DEMAND.39575daf2d: /* {"app": "dbt", "dbt_version": "1.9.4", "profile_name": "default", "target_name": "dev", "node_id": "test.apc.accepted_values_int_volume_reconciliation_alignment_status__ALIGNED__HIGH_DEVIATION__MEDIUM_DEVIATION__NO_BILLING__UNPLANNED_DEMAND.39575daf2d"} */
select
      count(*) as failures,
      count(*) != 0 as should_warn,
      count(*) != 0 as should_error
    from (
      
    
    

with all_values as (

    select
        alignment_status as value_field,
        count(*) as n_records

    from APC_DEPLOY_DB.DBT_ANALYTICS.int_volume_reconciliation
    group by alignment_status

)

select *
from all_values
where value_field not in (
    'ALIGNED','HIGH_DEVIATION','MEDIUM_DEVIATION','NO_BILLING','UNPLANNED_DEMAND'
)



      
    ) dbt_internal_test
[0m17:03:53.211555 [debug] [Thread-3 (]: Opening a new connection, currently in state init
[0m17:03:54.700524 [debug] [Thread-4 (]: SQL status: SUCCESS 1 in 1.632 seconds
[0m17:03:54.703272 [info ] [Thread-4 (]: 68 of 135 PASS not_null_int_standard_by_period_standard_cost_usd ............... [[32mPASS[0m in 1.67s]
[0m17:03:54.704155 [debug] [Thread-4 (]: Finished running node test.apc.not_null_int_standard_by_period_standard_cost_usd.301f51d10d
[0m17:03:54.705186 [debug] [Thread-4 (]: Began running node test.apc.not_null_int_volume_reconciliation_material_number.102ece7a31
[0m17:03:54.705962 [info ] [Thread-4 (]: 71 of 135 START test not_null_int_volume_reconciliation_material_number ........ [RUN]
[0m17:03:54.706692 [debug] [Thread-4 (]: Re-using an available connection from the pool (formerly test.apc.not_null_int_standard_by_period_standard_cost_usd.301f51d10d, now test.apc.not_null_int_volume_reconciliation_material_number.102ece7a31)
[0m17:03:54.707287 [debug] [Thread-4 (]: Began compiling node test.apc.not_null_int_volume_reconciliation_material_number.102ece7a31
[0m17:03:54.716025 [debug] [Thread-3 (]: SQL status: SUCCESS 1 in 1.504 seconds
[0m17:03:54.718298 [debug] [Thread-4 (]: Writing injected SQL for node "test.apc.not_null_int_volume_reconciliation_material_number.102ece7a31"
[0m17:03:54.720803 [info ] [Thread-3 (]: 70 of 135 PASS accepted_values_int_volume_reconciliation_alignment_status__ALIGNED__HIGH_DEVIATION__MEDIUM_DEVIATION__NO_BILLING__UNPLANNED_DEMAND  [[32mPASS[0m in 1.65s]
[0m17:03:54.721986 [debug] [Thread-3 (]: Finished running node test.apc.accepted_values_int_volume_reconciliation_alignment_status__ALIGNED__HIGH_DEVIATION__MEDIUM_DEVIATION__NO_BILLING__UNPLANNED_DEMAND.39575daf2d
[0m17:03:54.722860 [debug] [Thread-4 (]: Began executing node test.apc.not_null_int_volume_reconciliation_material_number.102ece7a31
[0m17:03:54.723904 [debug] [Thread-3 (]: Began running node test.apc.reconcile_apo_vs_billing
[0m17:03:54.732990 [debug] [Thread-4 (]: Writing runtime sql for node "test.apc.not_null_int_volume_reconciliation_material_number.102ece7a31"
[0m17:03:54.733730 [info ] [Thread-3 (]: 72 of 135 START test reconcile_apo_vs_billing .................................. [RUN]
[0m17:03:54.734799 [debug] [Thread-3 (]: Re-using an available connection from the pool (formerly test.apc.accepted_values_int_volume_reconciliation_alignment_status__ALIGNED__HIGH_DEVIATION__MEDIUM_DEVIATION__NO_BILLING__UNPLANNED_DEMAND.39575daf2d, now test.apc.reconcile_apo_vs_billing)
[0m17:03:54.735873 [debug] [Thread-4 (]: Using snowflake connection "test.apc.not_null_int_volume_reconciliation_material_number.102ece7a31"
[0m17:03:54.736541 [debug] [Thread-3 (]: Began compiling node test.apc.reconcile_apo_vs_billing
[0m17:03:54.737223 [debug] [Thread-4 (]: On test.apc.not_null_int_volume_reconciliation_material_number.102ece7a31: /* {"app": "dbt", "dbt_version": "1.9.4", "profile_name": "default", "target_name": "dev", "node_id": "test.apc.not_null_int_volume_reconciliation_material_number.102ece7a31"} */
select
      count(*) as failures,
      count(*) != 0 as should_warn,
      count(*) != 0 as should_error
    from (
      
    
    



select material_number
from APC_DEPLOY_DB.DBT_ANALYTICS.int_volume_reconciliation
where material_number is null



      
    ) dbt_internal_test
[0m17:03:54.745144 [debug] [Thread-3 (]: Writing injected SQL for node "test.apc.reconcile_apo_vs_billing"
[0m17:03:54.745905 [debug] [Thread-4 (]: Opening a new connection, currently in state init
[0m17:03:54.746919 [debug] [Thread-3 (]: Began executing node test.apc.reconcile_apo_vs_billing
[0m17:03:54.755492 [debug] [Thread-3 (]: Writing runtime sql for node "test.apc.reconcile_apo_vs_billing"
[0m17:03:54.756854 [debug] [Thread-3 (]: Using snowflake connection "test.apc.reconcile_apo_vs_billing"
[0m17:03:54.757494 [debug] [Thread-3 (]: On test.apc.reconcile_apo_vs_billing: /* {"app": "dbt", "dbt_version": "1.9.4", "profile_name": "default", "target_name": "dev", "node_id": "test.apc.reconcile_apo_vs_billing"} */
select
      count(*) as failures,
      count(*) != 0 as should_warn,
      count(*) != 0 as should_error
    from (
      -- Test: APO planned volume should not deviate more than 20% from actual billing.
-- Co-authored with CoCo

select
    material_number,
    plant_code,
    fiscal_year,
    period,
    planned_production_qty,
    actual_billed_qty,
    plan_accuracy_pct,
    alignment_status
from APC_DEPLOY_DB.DBT_ANALYTICS.int_volume_reconciliation
where alignment_status = 'HIGH_DEVIATION'
      
    ) dbt_internal_test
[0m17:03:54.758158 [debug] [Thread-3 (]: Opening a new connection, currently in state init
[0m17:03:55.968167 [debug] [Thread-4 (]: SQL status: SUCCESS 1 in 1.222 seconds
[0m17:03:55.970930 [info ] [Thread-4 (]: 71 of 135 PASS not_null_int_volume_reconciliation_material_number .............. [[32mPASS[0m in 1.26s]
[0m17:03:55.971787 [debug] [Thread-4 (]: Finished running node test.apc.not_null_int_volume_reconciliation_material_number.102ece7a31
[0m17:03:55.972842 [debug] [Thread-4 (]: Began running node model.apc.int_budget
[0m17:03:55.973684 [info ] [Thread-4 (]: 73 of 135 START sql dynamic_table model DBT_ANALYTICS.int_budget ............... [RUN]
[0m17:03:55.974453 [debug] [Thread-4 (]: Re-using an available connection from the pool (formerly test.apc.not_null_int_volume_reconciliation_material_number.102ece7a31, now model.apc.int_budget)
[0m17:03:55.975043 [debug] [Thread-4 (]: Began compiling node model.apc.int_budget
[0m17:03:55.983555 [debug] [Thread-4 (]: Writing injected SQL for node "model.apc.int_budget"
[0m17:03:55.984408 [debug] [Thread-4 (]: Began executing node model.apc.int_budget
[0m17:03:55.993688 [debug] [Thread-4 (]: Applying REPLACE to: "APC_DEPLOY_DB"."DBT_ANALYTICS"."INT_BUDGET"
[0m17:03:55.994887 [debug] [Thread-4 (]: Writing runtime sql for node "model.apc.int_budget"
[0m17:03:55.997208 [debug] [Thread-4 (]: Using snowflake connection "model.apc.int_budget"
[0m17:03:55.997988 [debug] [Thread-4 (]: On model.apc.int_budget: /* {"app": "dbt", "dbt_version": "1.9.4", "profile_name": "default", "target_name": "dev", "node_id": "model.apc.int_budget"} */
create or replace dynamic table APC_DEPLOY_DB.DBT_ANALYTICS.int_budget
        target_lag = 'downstream'
        warehouse = APC_DEPLOY_WH
        refresh_mode = AUTO

        initialize = ON_CREATE

        as (
            -- Intermediate: derive the budget + (for transparency) the annual standard reset.
--   Budget(year Y, period m) = actual_cost_usd(Y-1, m)  [prior-year same-month actual]
--   Derived standard(Y)      = avg(prior-year actual) * (1 + inflation if Y >= 2026)
-- Demonstrates the budget + standard-reset engineering in governed, tested SQL.

with actuals as (
    select * from APC_DEPLOY_DB.DBT_ANALYTICS.int_period_actuals
),

prior_year_avg as (
    select
        material_number,
        plant_code,
        fiscal_year + 1                       as for_fiscal_year,
        round(avg(actual_cost_usd), 4)         as prior_year_avg_actual
    from actuals
    group by 1, 2, 3
)

select
    cur.material_number,
    cur.plant_code,
    cur.fiscal_year,
    cur.period,
    cur.period_int,
    prev.actual_cost_usd                       as budget_cost_usd,
    round(
        pya.prior_year_avg_actual
        * (1 + case when cur.fiscal_year >= 2026
                    then 0.03 else 0 end),
        2
    )                                          as derived_standard_usd
from actuals cur
left join actuals prev
       on prev.material_number = cur.material_number
      and prev.plant_code      = cur.plant_code
      and prev.fiscal_year     = cur.fiscal_year - 1
      and prev.period_int      = cur.period_int
left join prior_year_avg pya
       on pya.material_number  = cur.material_number
      and pya.plant_code       = cur.plant_code
      and pya.for_fiscal_year  = cur.fiscal_year
        )
[0m17:03:55.998714 [debug] [Thread-4 (]: Opening a new connection, currently in state init
[0m17:03:56.033976 [debug] [Thread-3 (]: SQL status: SUCCESS 1 in 1.276 seconds
[0m17:03:56.036733 [error] [Thread-3 (]: 72 of 135 FAIL 75 reconcile_apo_vs_billing ..................................... [[31mFAIL 75[0m in 1.30s]
[0m17:03:56.037653 [debug] [Thread-3 (]: Finished running node test.apc.reconcile_apo_vs_billing
[0m17:03:56.038793 [debug] [Thread-3 (]: Began running node test.apc.accepted_values_mart_rate_stability_stability_status__STABLE__WATCH__UNSTABLE__NEW_RATE.eba6b8b266
[0m17:03:56.039541 [debug] [Thread-8 (]: Marking all children of 'test.apc.reconcile_apo_vs_billing' to be skipped because of status 'fail'.  Reason: Got 75 results, configured to fail if != 0.
[0m17:03:56.040577 [info ] [Thread-3 (]: 74 of 135 SKIP test accepted_values_mart_rate_stability_stability_status__STABLE__WATCH__UNSTABLE__NEW_RATE  [[33mSKIP[0m]
[0m17:03:56.042202 [debug] [Thread-3 (]: Finished running node test.apc.accepted_values_mart_rate_stability_stability_status__STABLE__WATCH__UNSTABLE__NEW_RATE.eba6b8b266
[0m17:03:56.043242 [debug] [Thread-3 (]: Began running node test.apc.not_null_mart_rate_stability_cost_centre.a4cf7179d5
[0m17:03:56.043816 [debug] [Thread-8 (]: Marking all children of 'test.apc.accepted_values_mart_rate_stability_stability_status__STABLE__WATCH__UNSTABLE__NEW_RATE.eba6b8b266' to be skipped because of status 'skipped'. 
[0m17:03:56.044497 [info ] [Thread-3 (]: 75 of 135 SKIP test not_null_mart_rate_stability_cost_centre ................... [[33mSKIP[0m]
[0m17:03:56.045310 [debug] [Thread-3 (]: Finished running node test.apc.not_null_mart_rate_stability_cost_centre.a4cf7179d5
[0m17:03:56.046289 [debug] [Thread-3 (]: Began running node model.apc.mart_volume_alignment
[0m17:03:56.046847 [debug] [Thread-8 (]: Marking all children of 'test.apc.not_null_mart_rate_stability_cost_centre.a4cf7179d5' to be skipped because of status 'skipped'. 
[0m17:03:56.047519 [info ] [Thread-3 (]: 76 of 135 SKIP relation DBT_ANALYTICS.mart_volume_alignment .................... [[33mSKIP[0m]
[0m17:03:56.048439 [debug] [Thread-3 (]: Finished running node model.apc.mart_volume_alignment
[0m17:03:56.049341 [debug] [Thread-8 (]: Marking all children of 'model.apc.mart_volume_alignment' to be skipped because of status 'skipped'. 
[0m17:03:56.050414 [debug] [Thread-3 (]: Began running node test.apc.accepted_values_mart_volume_alignment_alignment_status__ALIGNED__HIGH_DEVIATION__MEDIUM_DEVIATION__NO_BILLING__UNPLANNED_DEMAND.5e38f94282
[0m17:03:56.051146 [info ] [Thread-3 (]: 77 of 135 SKIP test accepted_values_mart_volume_alignment_alignment_status__ALIGNED__HIGH_DEVIATION__MEDIUM_DEVIATION__NO_BILLING__UNPLANNED_DEMAND  [[33mSKIP[0m]
[0m17:03:56.051862 [debug] [Thread-3 (]: Finished running node test.apc.accepted_values_mart_volume_alignment_alignment_status__ALIGNED__HIGH_DEVIATION__MEDIUM_DEVIATION__NO_BILLING__UNPLANNED_DEMAND.5e38f94282
[0m17:03:56.052830 [debug] [Thread-3 (]: Began running node test.apc.not_null_mart_volume_alignment_material_number.be58a91a7d
[0m17:03:56.053396 [debug] [Thread-8 (]: Marking all children of 'test.apc.accepted_values_mart_volume_alignment_alignment_status__ALIGNED__HIGH_DEVIATION__MEDIUM_DEVIATION__NO_BILLING__UNPLANNED_DEMAND.5e38f94282' to be skipped because of status 'skipped'. 
[0m17:03:56.054117 [info ] [Thread-3 (]: 78 of 135 SKIP test not_null_mart_volume_alignment_material_number ............. [[33mSKIP[0m]
[0m17:03:56.054973 [debug] [Thread-3 (]: Finished running node test.apc.not_null_mart_volume_alignment_material_number.be58a91a7d
[0m17:03:56.059228 [debug] [Thread-8 (]: Marking all children of 'test.apc.not_null_mart_volume_alignment_material_number.be58a91a7d' to be skipped because of status 'skipped'. 
[0m17:03:57.379933 [debug] [Thread-2 (]: SQL status: SUCCESS 1 in 5.351 seconds
[0m17:03:57.383006 [info ] [Thread-2 (]: 66 of 135 OK created sql dynamic_table model DBT_ANALYTICS.int_bom_explosion ... [[32mSUCCESS 1[0m in 5.38s]
[0m17:03:57.383959 [debug] [Thread-2 (]: Finished running node model.apc.int_bom_explosion
[0m17:03:57.385508 [debug] [Thread-3 (]: Began running node test.apc.assert_bom_completeness
[0m17:03:57.386200 [debug] [Thread-2 (]: Began running node test.apc.not_null_int_bom_explosion_bom_level.f900d3ebcc
[0m17:03:57.386872 [info ] [Thread-3 (]: 79 of 135 START test assert_bom_completeness ................................... [RUN]
[0m17:03:57.387530 [info ] [Thread-2 (]: 80 of 135 START test not_null_int_bom_explosion_bom_level ...................... [RUN]
[0m17:03:57.388372 [debug] [Thread-3 (]: Re-using an available connection from the pool (formerly test.apc.reconcile_apo_vs_billing, now test.apc.assert_bom_completeness)
[0m17:03:57.389100 [debug] [Thread-2 (]: Re-using an available connection from the pool (formerly model.apc.int_bom_explosion, now test.apc.not_null_int_bom_explosion_bom_level.f900d3ebcc)
[0m17:03:57.392979 [debug] [Thread-3 (]: Began compiling node test.apc.assert_bom_completeness
[0m17:03:57.393791 [debug] [Thread-2 (]: Began compiling node test.apc.not_null_int_bom_explosion_bom_level.f900d3ebcc
[0m17:03:57.402643 [debug] [Thread-3 (]: Writing injected SQL for node "test.apc.assert_bom_completeness"
[0m17:03:57.413822 [debug] [Thread-2 (]: Writing injected SQL for node "test.apc.not_null_int_bom_explosion_bom_level.f900d3ebcc"
[0m17:03:57.414953 [debug] [Thread-3 (]: Began executing node test.apc.assert_bom_completeness
[0m17:03:57.422940 [debug] [Thread-3 (]: Writing runtime sql for node "test.apc.assert_bom_completeness"
[0m17:03:57.423610 [debug] [Thread-2 (]: Began executing node test.apc.not_null_int_bom_explosion_bom_level.f900d3ebcc
[0m17:03:57.432032 [debug] [Thread-2 (]: Writing runtime sql for node "test.apc.not_null_int_bom_explosion_bom_level.f900d3ebcc"
[0m17:03:57.433335 [debug] [Thread-3 (]: Using snowflake connection "test.apc.assert_bom_completeness"
[0m17:03:57.434488 [debug] [Thread-3 (]: On test.apc.assert_bom_completeness: /* {"app": "dbt", "dbt_version": "1.9.4", "profile_name": "default", "target_name": "dev", "node_id": "test.apc.assert_bom_completeness"} */
select
      count(*) as failures,
      count(*) != 0 as should_warn,
      count(*) != 0 as should_error
    from (
      -- Test: every FERT (finished product) should have at least one BOM component.
-- Co-authored with CoCo

select
    mm.material_number,
    mm.material_description
from APC_DEPLOY_DB.DBT_ANALYTICS.stg_material_master mm
left join APC_DEPLOY_DB.DBT_ANALYTICS.int_bom_explosion bom
    on mm.material_number = bom.root_material
where mm.material_type_code = 'FERT'
  and bom.root_material is null
      
    ) dbt_internal_test
[0m17:03:57.435579 [debug] [Thread-2 (]: Using snowflake connection "test.apc.not_null_int_bom_explosion_bom_level.f900d3ebcc"
[0m17:03:57.436293 [debug] [Thread-3 (]: Opening a new connection, currently in state init
[0m17:03:57.436969 [debug] [Thread-2 (]: On test.apc.not_null_int_bom_explosion_bom_level.f900d3ebcc: /* {"app": "dbt", "dbt_version": "1.9.4", "profile_name": "default", "target_name": "dev", "node_id": "test.apc.not_null_int_bom_explosion_bom_level.f900d3ebcc"} */
select
      count(*) as failures,
      count(*) != 0 as should_warn,
      count(*) != 0 as should_error
    from (
      
    
    



select bom_level
from APC_DEPLOY_DB.DBT_ANALYTICS.int_bom_explosion
where bom_level is null



      
    ) dbt_internal_test
[0m17:03:57.437680 [debug] [Thread-2 (]: Opening a new connection, currently in state init
[0m17:03:57.513282 [debug] [Thread-5 (]: SQL status: SUCCESS 1 in 5.028 seconds
[0m17:03:57.516348 [info ] [Thread-5 (]: 67 of 135 OK created sql dynamic_table model DBT_ANALYTICS.int_cost_components . [[32mSUCCESS 1[0m in 5.06s]
[0m17:03:57.517189 [debug] [Thread-5 (]: Finished running node model.apc.int_cost_components
[0m17:03:57.518395 [debug] [Thread-5 (]: Began running node test.apc.not_null_int_bom_explosion_component_material.80fcb92ce8
[0m17:03:57.519468 [info ] [Thread-5 (]: 81 of 135 START test not_null_int_bom_explosion_component_material ............. [RUN]
[0m17:03:57.537318 [debug] [Thread-5 (]: Re-using an available connection from the pool (formerly model.apc.int_cost_components, now test.apc.not_null_int_bom_explosion_component_material.80fcb92ce8)
[0m17:03:57.538183 [debug] [Thread-5 (]: Began compiling node test.apc.not_null_int_bom_explosion_component_material.80fcb92ce8
[0m17:03:57.547516 [debug] [Thread-5 (]: Writing injected SQL for node "test.apc.not_null_int_bom_explosion_component_material.80fcb92ce8"
[0m17:03:57.548452 [debug] [Thread-5 (]: Began executing node test.apc.not_null_int_bom_explosion_component_material.80fcb92ce8
[0m17:03:57.555827 [debug] [Thread-5 (]: Writing runtime sql for node "test.apc.not_null_int_bom_explosion_component_material.80fcb92ce8"
[0m17:03:57.557123 [debug] [Thread-5 (]: Using snowflake connection "test.apc.not_null_int_bom_explosion_component_material.80fcb92ce8"
[0m17:03:57.557798 [debug] [Thread-5 (]: On test.apc.not_null_int_bom_explosion_component_material.80fcb92ce8: /* {"app": "dbt", "dbt_version": "1.9.4", "profile_name": "default", "target_name": "dev", "node_id": "test.apc.not_null_int_bom_explosion_component_material.80fcb92ce8"} */
select
      count(*) as failures,
      count(*) != 0 as should_warn,
      count(*) != 0 as should_error
    from (
      
    
    



select component_material
from APC_DEPLOY_DB.DBT_ANALYTICS.int_bom_explosion
where component_material is null



      
    ) dbt_internal_test
[0m17:03:57.558502 [debug] [Thread-5 (]: Opening a new connection, currently in state init
[0m17:03:58.788972 [debug] [Thread-2 (]: SQL status: SUCCESS 1 in 1.351 seconds
[0m17:03:58.791755 [info ] [Thread-2 (]: 80 of 135 PASS not_null_int_bom_explosion_bom_level ............................ [[32mPASS[0m in 1.40s]
[0m17:03:58.792820 [debug] [Thread-2 (]: Finished running node test.apc.not_null_int_bom_explosion_bom_level.f900d3ebcc
[0m17:03:58.797213 [debug] [Thread-5 (]: SQL status: SUCCESS 1 in 1.236 seconds
[0m17:03:58.798526 [debug] [Thread-2 (]: Began running node test.apc.not_null_int_bom_explosion_root_material.2f72e99e78
[0m17:03:58.801280 [info ] [Thread-5 (]: 81 of 135 PASS not_null_int_bom_explosion_component_material ................... [[32mPASS[0m in 1.26s]
[0m17:03:58.802069 [info ] [Thread-2 (]: 82 of 135 START test not_null_int_bom_explosion_root_material .................. [RUN]
[0m17:03:58.802955 [debug] [Thread-5 (]: Finished running node test.apc.not_null_int_bom_explosion_component_material.80fcb92ce8
[0m17:03:58.803712 [debug] [Thread-2 (]: Re-using an available connection from the pool (formerly test.apc.not_null_int_bom_explosion_bom_level.f900d3ebcc, now test.apc.not_null_int_bom_explosion_root_material.2f72e99e78)
[0m17:03:58.804802 [debug] [Thread-5 (]: Began running node test.apc.not_null_int_cost_components_cost_component.2063332322
[0m17:03:58.805584 [debug] [Thread-2 (]: Began compiling node test.apc.not_null_int_bom_explosion_root_material.2f72e99e78
[0m17:03:58.806267 [info ] [Thread-5 (]: 83 of 135 START test not_null_int_cost_components_cost_component ............... [RUN]
[0m17:03:58.817746 [debug] [Thread-2 (]: Writing injected SQL for node "test.apc.not_null_int_bom_explosion_root_material.2f72e99e78"
[0m17:03:58.818586 [debug] [Thread-5 (]: Re-using an available connection from the pool (formerly test.apc.not_null_int_bom_explosion_component_material.80fcb92ce8, now test.apc.not_null_int_cost_components_cost_component.2063332322)
[0m17:03:58.819535 [debug] [Thread-5 (]: Began compiling node test.apc.not_null_int_cost_components_cost_component.2063332322
[0m17:03:58.820281 [debug] [Thread-2 (]: Began executing node test.apc.not_null_int_bom_explosion_root_material.2f72e99e78
[0m17:03:58.829719 [debug] [Thread-5 (]: Writing injected SQL for node "test.apc.not_null_int_cost_components_cost_component.2063332322"
[0m17:03:58.838788 [debug] [Thread-2 (]: Writing runtime sql for node "test.apc.not_null_int_bom_explosion_root_material.2f72e99e78"
[0m17:03:58.839969 [debug] [Thread-5 (]: Began executing node test.apc.not_null_int_cost_components_cost_component.2063332322
[0m17:03:58.847376 [debug] [Thread-5 (]: Writing runtime sql for node "test.apc.not_null_int_cost_components_cost_component.2063332322"
[0m17:03:58.848602 [debug] [Thread-2 (]: Using snowflake connection "test.apc.not_null_int_bom_explosion_root_material.2f72e99e78"
[0m17:03:58.849567 [debug] [Thread-2 (]: On test.apc.not_null_int_bom_explosion_root_material.2f72e99e78: /* {"app": "dbt", "dbt_version": "1.9.4", "profile_name": "default", "target_name": "dev", "node_id": "test.apc.not_null_int_bom_explosion_root_material.2f72e99e78"} */
select
      count(*) as failures,
      count(*) != 0 as should_warn,
      count(*) != 0 as should_error
    from (
      
    
    



select root_material
from APC_DEPLOY_DB.DBT_ANALYTICS.int_bom_explosion
where root_material is null



      
    ) dbt_internal_test
[0m17:03:58.850753 [debug] [Thread-5 (]: Using snowflake connection "test.apc.not_null_int_cost_components_cost_component.2063332322"
[0m17:03:58.851387 [debug] [Thread-2 (]: Opening a new connection, currently in state init
[0m17:03:58.852067 [debug] [Thread-5 (]: On test.apc.not_null_int_cost_components_cost_component.2063332322: /* {"app": "dbt", "dbt_version": "1.9.4", "profile_name": "default", "target_name": "dev", "node_id": "test.apc.not_null_int_cost_components_cost_component.2063332322"} */
select
      count(*) as failures,
      count(*) != 0 as should_warn,
      count(*) != 0 as should_error
    from (
      
    
    



select cost_component
from APC_DEPLOY_DB.DBT_ANALYTICS.int_cost_components
where cost_component is null



      
    ) dbt_internal_test
[0m17:03:58.852833 [debug] [Thread-5 (]: Opening a new connection, currently in state init
[0m17:03:58.927790 [debug] [Thread-3 (]: SQL status: SUCCESS 1 in 1.491 seconds
[0m17:03:58.930594 [info ] [Thread-3 (]: 79 of 135 PASS assert_bom_completeness ......................................... [[32mPASS[0m in 1.54s]
[0m17:03:58.931481 [debug] [Thread-3 (]: Finished running node test.apc.assert_bom_completeness
[0m17:03:59.892462 [debug] [Thread-2 (]: SQL status: SUCCESS 1 in 1.041 seconds
[0m17:03:59.895298 [info ] [Thread-2 (]: 82 of 135 PASS not_null_int_bom_explosion_root_material ........................ [[32mPASS[0m in 1.09s]
[0m17:03:59.896204 [debug] [Thread-2 (]: Finished running node test.apc.not_null_int_bom_explosion_root_material.2f72e99e78
[0m17:03:59.897568 [debug] [Thread-3 (]: Began running node model.apc.int_bom_costed
[0m17:03:59.898512 [info ] [Thread-3 (]: 84 of 135 START sql dynamic_table model DBT_ANALYTICS.int_bom_costed ........... [RUN]
[0m17:03:59.899287 [debug] [Thread-3 (]: Re-using an available connection from the pool (formerly test.apc.assert_bom_completeness, now model.apc.int_bom_costed)
[0m17:03:59.899891 [debug] [Thread-3 (]: Began compiling node model.apc.int_bom_costed
[0m17:03:59.911463 [debug] [Thread-3 (]: Writing injected SQL for node "model.apc.int_bom_costed"
[0m17:03:59.912382 [debug] [Thread-3 (]: Began executing node model.apc.int_bom_costed
[0m17:03:59.920384 [debug] [Thread-3 (]: Applying CREATE to: APC_DEPLOY_DB.DBT_ANALYTICS.int_bom_costed
[0m17:03:59.921605 [debug] [Thread-3 (]: Writing runtime sql for node "model.apc.int_bom_costed"
[0m17:03:59.926134 [debug] [Thread-3 (]: Using snowflake connection "model.apc.int_bom_costed"
[0m17:03:59.927071 [debug] [Thread-3 (]: On model.apc.int_bom_costed: /* {"app": "dbt", "dbt_version": "1.9.4", "profile_name": "default", "target_name": "dev", "node_id": "model.apc.int_bom_costed"} */
create dynamic table APC_DEPLOY_DB.DBT_ANALYTICS.int_bom_costed
        target_lag = 'downstream'
        warehouse = APC_DEPLOY_WH
        refresh_mode = AUTO

        initialize = ON_CREATE

        as (
            -- Intermediate: costed BOM — material cost + conversion cost per component at each level.
-- Co-authored with CoCo

with exploded as (
    select * from APC_DEPLOY_DB.DBT_ANALYTICS.int_bom_explosion
),

-- Material cost: standard price of each leaf component × effective qty
material_costs as (
    select
        e.root_material,
        e.plant_code,
        e.component_material,
        e.bom_level,
        e.effective_qty_per,
        sp.standard_price_local,
        fx.usd_per_unit,
        e.effective_qty_per * sp.standard_price_local * coalesce(fx.usd_per_unit, 1) as material_cost_usd
    from exploded e
    left join APC_DEPLOY_DB.DBT_ANALYTICS.stg_standard_price sp
        on e.component_material = sp.material_number
        and e.plant_code = sp.plant_code
    left join APC_DEPLOY_DB.DBT_ANALYTICS.stg_plant p
        on e.plant_code = p.plant_code
    left join APC_DEPLOY_DB.DBT_ANALYTICS.stg_fx_rates fx
        on p.local_currency = fx.from_currency
    where e.component_type in ('ROH', 'HALB')  -- raw + semi-finished
),

-- Conversion cost: routing activity × activity rate for each parent
conversion_costs as (
    select
        e.root_material,
        e.plant_code,
        e.parent_material,
        e.bom_level,
        r.activity_type_1,
        r.activity_qty_1,
        ar.total_rate as rate_1,
        r.activity_type_2,
        r.activity_qty_2,
        ar2.total_rate as rate_2,
        coalesce(r.activity_qty_1 * ar.total_rate, 0)
            + coalesce(r.activity_qty_2 * ar2.total_rate, 0) as conversion_cost_local,
        fx.usd_per_unit,
        (coalesce(r.activity_qty_1 * ar.total_rate, 0)
            + coalesce(r.activity_qty_2 * ar2.total_rate, 0))
            * coalesce(fx.usd_per_unit, 1)  as conversion_cost_usd
    from exploded e
    left join APC_DEPLOY_DB.DBT_ANALYTICS.stg_routings r
        on e.parent_material = r.material_number
        and e.plant_code = r.plant_code
    left join APC_DEPLOY_DB.DBT_ANALYTICS.stg_activity_rates ar
        on r.cost_centre = ar.cost_centre
        and r.activity_type_1 = ar.activity_type
        and ar.rate_type = 1  -- plan rate
    left join APC_DEPLOY_DB.DBT_ANALYTICS.stg_activity_rates ar2
        on r.cost_centre = ar2.cost_centre
        and r.activity_type_2 = ar2.activity_type
        and ar2.rate_type = 1
    left join APC_DEPLOY_DB.DBT_ANALYTICS.stg_plant p
        on e.plant_code = p.plant_code
    left join APC_DEPLOY_DB.DBT_ANALYTICS.stg_fx_rates fx
        on p.local_currency = fx.from_currency
)

select
    mc.root_material,
    mc.plant_code,
    mc.component_material,
    mc.bom_level,
    mc.effective_qty_per,
    mc.material_cost_usd,
    coalesce(cc.conversion_cost_usd, 0) as conversion_cost_usd,
    mc.material_cost_usd + coalesce(cc.conversion_cost_usd, 0) as total_component_cost_usd,
    'material'  as cost_type
from material_costs mc
left join conversion_costs cc
    on mc.root_material = cc.root_material
    and mc.plant_code = cc.plant_code
    and mc.component_material = cc.parent_material

union all

select
    cc.root_material,
    cc.plant_code,
    cc.parent_material as component_material,
    cc.bom_level,
    null as effective_qty_per,
    0 as material_cost_usd,
    cc.conversion_cost_usd,
    cc.conversion_cost_usd as total_component_cost_usd,
    'conversion' as cost_type
from conversion_costs cc
where cc.conversion_cost_usd > 0
        )
[0m17:03:59.927826 [debug] [Thread-3 (]: Opening a new connection, currently in state init
[0m17:03:59.982014 [debug] [Thread-5 (]: SQL status: SUCCESS 1 in 1.129 seconds
[0m17:03:59.984730 [info ] [Thread-5 (]: 83 of 135 PASS not_null_int_cost_components_cost_component ..................... [[32mPASS[0m in 1.17s]
[0m17:03:59.985576 [debug] [Thread-5 (]: Finished running node test.apc.not_null_int_cost_components_cost_component.2063332322
[0m17:03:59.986983 [debug] [Thread-2 (]: Began running node model.apc.mart_cost_anomalies
[0m17:03:59.987714 [debug] [Thread-5 (]: Began running node model.apc.mart_cost_component_detail
[0m17:03:59.988618 [info ] [Thread-2 (]: 85 of 135 START sql dynamic_table model DBT_ANALYTICS.mart_cost_anomalies ...... [RUN]
[0m17:03:59.989422 [info ] [Thread-5 (]: 86 of 135 START sql dynamic_table model DBT_ANALYTICS.mart_cost_component_detail  [RUN]
[0m17:03:59.990244 [debug] [Thread-2 (]: Re-using an available connection from the pool (formerly test.apc.not_null_int_bom_explosion_root_material.2f72e99e78, now model.apc.mart_cost_anomalies)
[0m17:03:59.991019 [debug] [Thread-5 (]: Re-using an available connection from the pool (formerly test.apc.not_null_int_cost_components_cost_component.2063332322, now model.apc.mart_cost_component_detail)
[0m17:03:59.991702 [debug] [Thread-2 (]: Began compiling node model.apc.mart_cost_anomalies
[0m17:03:59.992433 [debug] [Thread-5 (]: Began compiling node model.apc.mart_cost_component_detail
[0m17:04:00.002884 [debug] [Thread-2 (]: Writing injected SQL for node "model.apc.mart_cost_anomalies"
[0m17:04:00.012010 [debug] [Thread-5 (]: Writing injected SQL for node "model.apc.mart_cost_component_detail"
[0m17:04:00.013567 [debug] [Thread-2 (]: Began executing node model.apc.mart_cost_anomalies
[0m17:04:00.014413 [debug] [Thread-5 (]: Began executing node model.apc.mart_cost_component_detail
[0m17:04:00.022583 [debug] [Thread-2 (]: Applying REPLACE to: "APC_DEPLOY_DB"."DBT_ANALYTICS"."MART_COST_ANOMALIES"
[0m17:04:00.031894 [debug] [Thread-5 (]: Applying REPLACE to: "APC_DEPLOY_DB"."DBT_ANALYTICS"."MART_COST_COMPONENT_DETAIL"
[0m17:04:00.033229 [debug] [Thread-2 (]: Writing runtime sql for node "model.apc.mart_cost_anomalies"
[0m17:04:00.034456 [debug] [Thread-5 (]: Writing runtime sql for node "model.apc.mart_cost_component_detail"
[0m17:04:00.037691 [debug] [Thread-2 (]: Using snowflake connection "model.apc.mart_cost_anomalies"
[0m17:04:00.038854 [debug] [Thread-2 (]: On model.apc.mart_cost_anomalies: /* {"app": "dbt", "dbt_version": "1.9.4", "profile_name": "default", "target_name": "dev", "node_id": "model.apc.mart_cost_anomalies"} */
create or replace dynamic table APC_DEPLOY_DB.DBT_ANALYTICS.mart_cost_anomalies
        target_lag = '1 hour'
        warehouse = APC_DEPLOY_WH
        refresh_mode = AUTO

        initialize = ON_CREATE

        as (
            -- Mart: statistical cost anomalies (z-score of component variance within
-- component x year x period). Parity with APC_DEPLOY_DB.ANALYTICS.COST_ANOMALIES.

with comp as (
    select
        c.material_number,
        c.plant_code,
        c.fiscal_year,
        c.period,
        c.cost_component,
        c.standard_cost,
        c.actual_cost,
        round((c.actual_cost - c.standard_cost) / nullif(c.standard_cost, 0) * 100, 2) as variance_pct,
        m.material_description,
        p.plant_name
    from APC_DEPLOY_DB.DBT_ANALYTICS.int_cost_components c
    join APC_DEPLOY_DB.DBT_ANALYTICS.stg_material_master m on c.material_number = m.material_number
    join APC_DEPLOY_DB.DBT_ANALYTICS.stg_plant p           on c.plant_code      = p.plant_code
),

stats as (
    select
        cost_component, fiscal_year, period,
        avg(variance_pct)    as mean_var,
        stddev(variance_pct) as std_var
    from comp
    group by 1, 2, 3
)

select
    c.material_number                                              as MATERIAL_NUMBER,
    c.material_description                                         as MATERIAL_DESCRIPTION,
    c.plant_name                                                  as PLANT_NAME,
    c.cost_component                                              as COST_COMPONENT,
    c.fiscal_year                                                 as FISCAL_YEAR,
    c.period                                                      as PERIOD,
    round(c.actual_cost, 2)                                       as ACTUAL_COST,
    round(c.standard_cost, 2)                                     as STANDARD_COST,
    c.variance_pct                                                as VARIANCE_PCT,
    round((c.variance_pct - s.mean_var) / nullif(s.std_var, 0), 2) as Z_SCORE,
    abs((c.variance_pct - s.mean_var) / nullif(s.std_var, 0)) > 1.5 as IS_ANOMALY
from comp c
join stats s
  on c.cost_component = s.cost_component
 and c.fiscal_year    = s.fiscal_year
 and c.period         = s.period
        )
[0m17:04:00.040762 [debug] [Thread-5 (]: Using snowflake connection "model.apc.mart_cost_component_detail"
[0m17:04:00.041430 [debug] [Thread-2 (]: Opening a new connection, currently in state init
[0m17:04:00.042233 [debug] [Thread-5 (]: On model.apc.mart_cost_component_detail: /* {"app": "dbt", "dbt_version": "1.9.4", "profile_name": "default", "target_name": "dev", "node_id": "model.apc.mart_cost_component_detail"} */
create or replace dynamic table APC_DEPLOY_DB.DBT_ANALYTICS.mart_cost_component_detail
        target_lag = '1 hour'
        warehouse = APC_DEPLOY_WH
        refresh_mode = AUTO

        initialize = ON_CREATE

        as (
            -- Mart: cost component detail (standard vs actual by component) in USD.
-- Parity with APC_DEPLOY_DB.ANALYTICS.COST_COMPONENT_DETAIL.

select
    c.material_number,
    m.material_description,
    m.material_type_code                                   as material_type,
    c.plant_code,
    p.plant_name,
    p.country,
    c.fiscal_year,
    c.period,
    c.cost_component,
    c.standard_cost,
    c.actual_cost,
    round(c.actual_cost - c.standard_cost, 4)              as component_variance,
    round((c.actual_cost - c.standard_cost)
          / nullif(c.standard_cost, 0) * 100, 2)           as component_variance_pct,
    'USD'                                                  as currency
from APC_DEPLOY_DB.DBT_ANALYTICS.int_cost_components c
join APC_DEPLOY_DB.DBT_ANALYTICS.stg_material_master m on c.material_number = m.material_number
join APC_DEPLOY_DB.DBT_ANALYTICS.stg_plant p           on c.plant_code      = p.plant_code
        )
[0m17:04:00.043118 [debug] [Thread-5 (]: Opening a new connection, currently in state init
[0m17:04:01.651880 [debug] [Thread-4 (]: SQL status: SUCCESS 1 in 5.653 seconds
[0m17:04:01.655545 [info ] [Thread-4 (]: 73 of 135 OK created sql dynamic_table model DBT_ANALYTICS.int_budget .......... [[32mSUCCESS 1[0m in 5.68s]
[0m17:04:01.656517 [debug] [Thread-4 (]: Finished running node model.apc.int_budget
[0m17:04:01.657814 [debug] [Thread-4 (]: Began running node test.apc.not_null_int_budget_material_number.6b0c205415
[0m17:04:01.658550 [info ] [Thread-4 (]: 87 of 135 START test not_null_int_budget_material_number ....................... [RUN]
[0m17:04:01.659330 [debug] [Thread-4 (]: Re-using an available connection from the pool (formerly model.apc.int_budget, now test.apc.not_null_int_budget_material_number.6b0c205415)
[0m17:04:01.659977 [debug] [Thread-4 (]: Began compiling node test.apc.not_null_int_budget_material_number.6b0c205415
[0m17:04:01.669704 [debug] [Thread-4 (]: Writing injected SQL for node "test.apc.not_null_int_budget_material_number.6b0c205415"
[0m17:04:01.673861 [debug] [Thread-4 (]: Began executing node test.apc.not_null_int_budget_material_number.6b0c205415
[0m17:04:01.683513 [debug] [Thread-4 (]: Writing runtime sql for node "test.apc.not_null_int_budget_material_number.6b0c205415"
[0m17:04:01.684939 [debug] [Thread-4 (]: Using snowflake connection "test.apc.not_null_int_budget_material_number.6b0c205415"
[0m17:04:01.685713 [debug] [Thread-4 (]: On test.apc.not_null_int_budget_material_number.6b0c205415: /* {"app": "dbt", "dbt_version": "1.9.4", "profile_name": "default", "target_name": "dev", "node_id": "test.apc.not_null_int_budget_material_number.6b0c205415"} */
select
      count(*) as failures,
      count(*) != 0 as should_warn,
      count(*) != 0 as should_error
    from (
      
    
    



select material_number
from APC_DEPLOY_DB.DBT_ANALYTICS.int_budget
where material_number is null



      
    ) dbt_internal_test
[0m17:04:01.686523 [debug] [Thread-4 (]: Opening a new connection, currently in state init
[0m17:04:03.116121 [debug] [Thread-4 (]: SQL status: SUCCESS 1 in 1.429 seconds
[0m17:04:03.118979 [info ] [Thread-4 (]: 87 of 135 PASS not_null_int_budget_material_number ............................. [[32mPASS[0m in 1.46s]
[0m17:04:03.119855 [debug] [Thread-4 (]: Finished running node test.apc.not_null_int_budget_material_number.6b0c205415
[0m17:04:03.124455 [debug] [Thread-4 (]: Began running node model.apc.mart_cost_budget
[0m17:04:03.125374 [info ] [Thread-4 (]: 88 of 135 START sql dynamic_table model DBT_ANALYTICS.mart_cost_budget ......... [RUN]
[0m17:04:03.126133 [debug] [Thread-4 (]: Re-using an available connection from the pool (formerly test.apc.not_null_int_budget_material_number.6b0c205415, now model.apc.mart_cost_budget)
[0m17:04:03.126759 [debug] [Thread-4 (]: Began compiling node model.apc.mart_cost_budget
[0m17:04:03.135009 [debug] [Thread-4 (]: Writing injected SQL for node "model.apc.mart_cost_budget"
[0m17:04:03.135855 [debug] [Thread-4 (]: Began executing node model.apc.mart_cost_budget
[0m17:04:03.144717 [debug] [Thread-4 (]: Applying REPLACE to: "APC_DEPLOY_DB"."DBT_ANALYTICS"."MART_COST_BUDGET"
[0m17:04:03.146038 [debug] [Thread-4 (]: Writing runtime sql for node "model.apc.mart_cost_budget"
[0m17:04:03.147432 [debug] [Thread-4 (]: Using snowflake connection "model.apc.mart_cost_budget"
[0m17:04:03.148118 [debug] [Thread-4 (]: On model.apc.mart_cost_budget: /* {"app": "dbt", "dbt_version": "1.9.4", "profile_name": "default", "target_name": "dev", "node_id": "model.apc.mart_cost_budget"} */
create or replace dynamic table APC_DEPLOY_DB.DBT_ANALYTICS.mart_cost_budget
        target_lag = '1 hour'
        warehouse = APC_DEPLOY_WH
        refresh_mode = AUTO

        initialize = ON_CREATE

        as (
            -- Mart: period budget (prior-year actual) per material x plant x period.
-- Parity with APC_DEPLOY_DB.SAP_BDC.COST_BUDGET, derived from raw via the pipeline.

select
    material_number,
    plant_code,
    fiscal_year,
    period,
    budget_cost_usd as budget_cost,
    'USD'           as currency
from APC_DEPLOY_DB.DBT_ANALYTICS.int_budget
where budget_cost_usd is not null
        )
[0m17:04:03.148724 [debug] [Thread-4 (]: Opening a new connection, currently in state init
[0m17:04:07.072303 [debug] [Thread-5 (]: SQL status: SUCCESS 1 in 7.029 seconds
[0m17:04:07.075576 [info ] [Thread-5 (]: 86 of 135 OK created sql dynamic_table model DBT_ANALYTICS.mart_cost_component_detail  [[32mSUCCESS 1[0m in 7.08s]
[0m17:04:07.076475 [debug] [Thread-5 (]: Finished running node model.apc.mart_cost_component_detail
[0m17:04:07.077592 [debug] [Thread-5 (]: Began running node model.apc.mart_product_cost
[0m17:04:07.078809 [info ] [Thread-5 (]: 89 of 135 START sql dynamic_table model DBT_ANALYTICS.mart_product_cost ........ [RUN]
[0m17:04:07.079650 [debug] [Thread-5 (]: Re-using an available connection from the pool (formerly model.apc.mart_cost_component_detail, now model.apc.mart_product_cost)
[0m17:04:07.080268 [debug] [Thread-5 (]: Began compiling node model.apc.mart_product_cost
[0m17:04:07.089660 [debug] [Thread-5 (]: Writing injected SQL for node "model.apc.mart_product_cost"
[0m17:04:07.090572 [debug] [Thread-5 (]: Began executing node model.apc.mart_product_cost
[0m17:04:07.099557 [debug] [Thread-5 (]: Applying REPLACE to: "APC_DEPLOY_DB"."DBT_ANALYTICS"."MART_PRODUCT_COST"
[0m17:04:07.100770 [debug] [Thread-5 (]: Writing runtime sql for node "model.apc.mart_product_cost"
[0m17:04:07.104317 [debug] [Thread-5 (]: Using snowflake connection "model.apc.mart_product_cost"
[0m17:04:07.105249 [debug] [Thread-5 (]: On model.apc.mart_product_cost: /* {"app": "dbt", "dbt_version": "1.9.4", "profile_name": "default", "target_name": "dev", "node_id": "model.apc.mart_product_cost"} */
create or replace dynamic table APC_DEPLOY_DB.DBT_ANALYTICS.mart_product_cost
        target_lag = '1 hour'
        warehouse = APC_DEPLOY_WH
        refresh_mode = AUTO

        initialize = ON_CREATE

        as (
            -- Mart: analysis-ready product cost — Actual vs Budget vs Standard per
-- material x plant x period. Parity with APC_DEPLOY_DB.ANALYTICS.PRODUCT_COST_SUMMARY,
-- but built entirely from RAW SAP via the dbt medallion pipeline.

with actuals as (
    select * from APC_DEPLOY_DB.DBT_ANALYTICS.int_period_actuals
),

standard as (
    select * from APC_DEPLOY_DB.DBT_ANALYTICS.int_standard_by_period
),

budget as (
    select * from APC_DEPLOY_DB.DBT_ANALYTICS.int_budget
),

material as (
    select * from APC_DEPLOY_DB.DBT_ANALYTICS.stg_material_master
),

plant as (
    select * from APC_DEPLOY_DB.DBT_ANALYTICS.stg_plant
)

select
    a.plant_code,
    p.plant_name,
    p.country,
    a.material_number,
    m.material_description,
    m.material_type_code                                       as material_type,
    m.material_group,
    a.fiscal_year,
    a.period,
    a.fiscal_year || '-P' || a.period                          as year_period,
    s.standard_cost_usd                                        as standard_cost_per_unit,
    a.actual_cost_usd                                          as actual_cost_per_unit,
    b.budget_cost_usd                                          as budget_cost_per_unit,
    round(a.actual_cost_usd - s.standard_cost_usd, 4)          as cost_variance_abs,
    round((a.actual_cost_usd - s.standard_cost_usd)
          / nullif(s.standard_cost_usd, 0) * 100, 2)           as cost_variance_pct,
    round(a.actual_cost_usd - b.budget_cost_usd, 4)            as budget_variance_abs,
    round((a.actual_cost_usd - b.budget_cost_usd)
          / nullif(b.budget_cost_usd, 0) * 100, 2)             as budget_variance_pct,
    case
        when abs((a.actual_cost_usd - s.standard_cost_usd)
                 / nullif(s.standard_cost_usd, 0) * 100) > 5 then 'HIGH'
        when abs((a.actual_cost_usd - s.standard_cost_usd)
                 / nullif(s.standard_cost_usd, 0) * 100) > 2 then 'MEDIUM'
        else 'LOW'
    end                                                        as variance_flag,
    'USD'                                                      as currency
from actuals a
left join standard s
       on s.material_number = a.material_number
      and s.plant_code      = a.plant_code
      and s.fiscal_year     = a.fiscal_year
left join budget b
       on b.material_number = a.material_number
      and b.plant_code      = a.plant_code
      and b.fiscal_year     = a.fiscal_year
      and b.period          = a.period
join material m on a.material_number = m.material_number
join plant    p on a.plant_code      = p.plant_code
        )
[0m17:04:07.106011 [debug] [Thread-5 (]: Opening a new connection, currently in state init
[0m17:04:07.599064 [debug] [Thread-2 (]: SQL status: SUCCESS 1 in 7.557 seconds
[0m17:04:07.602302 [info ] [Thread-2 (]: 85 of 135 OK created sql dynamic_table model DBT_ANALYTICS.mart_cost_anomalies . [[32mSUCCESS 1[0m in 7.61s]
[0m17:04:07.603185 [debug] [Thread-2 (]: Finished running node model.apc.mart_cost_anomalies
[0m17:04:07.604264 [debug] [Thread-2 (]: Began running node test.apc.not_null_mart_cost_component_detail_cost_component.a0c13940df
[0m17:04:07.608533 [info ] [Thread-2 (]: 90 of 135 START test not_null_mart_cost_component_detail_cost_component ........ [RUN]
[0m17:04:07.609413 [debug] [Thread-2 (]: Re-using an available connection from the pool (formerly model.apc.mart_cost_anomalies, now test.apc.not_null_mart_cost_component_detail_cost_component.a0c13940df)
[0m17:04:07.610067 [debug] [Thread-2 (]: Began compiling node test.apc.not_null_mart_cost_component_detail_cost_component.a0c13940df
[0m17:04:07.619828 [debug] [Thread-2 (]: Writing injected SQL for node "test.apc.not_null_mart_cost_component_detail_cost_component.a0c13940df"
[0m17:04:07.620718 [debug] [Thread-2 (]: Began executing node test.apc.not_null_mart_cost_component_detail_cost_component.a0c13940df
[0m17:04:07.736359 [debug] [Thread-2 (]: Writing runtime sql for node "test.apc.not_null_mart_cost_component_detail_cost_component.a0c13940df"
[0m17:04:07.737829 [debug] [Thread-2 (]: Using snowflake connection "test.apc.not_null_mart_cost_component_detail_cost_component.a0c13940df"
[0m17:04:07.738605 [debug] [Thread-2 (]: On test.apc.not_null_mart_cost_component_detail_cost_component.a0c13940df: /* {"app": "dbt", "dbt_version": "1.9.4", "profile_name": "default", "target_name": "dev", "node_id": "test.apc.not_null_mart_cost_component_detail_cost_component.a0c13940df"} */
select
      count(*) as failures,
      count(*) != 0 as should_warn,
      count(*) != 0 as should_error
    from (
      
    
    



select cost_component
from APC_DEPLOY_DB.DBT_ANALYTICS.mart_cost_component_detail
where cost_component is null



      
    ) dbt_internal_test
[0m17:04:07.739273 [debug] [Thread-2 (]: Opening a new connection, currently in state init
[0m17:04:08.962238 [debug] [Thread-2 (]: SQL status: SUCCESS 1 in 1.223 seconds
[0m17:04:08.965036 [info ] [Thread-2 (]: 90 of 135 PASS not_null_mart_cost_component_detail_cost_component .............. [[32mPASS[0m in 1.36s]
[0m17:04:08.965970 [debug] [Thread-2 (]: Finished running node test.apc.not_null_mart_cost_component_detail_cost_component.a0c13940df
[0m17:04:08.967045 [debug] [Thread-2 (]: Began running node test.apc.not_null_mart_cost_component_detail_material_number.f8bd0b262a
[0m17:04:08.967772 [info ] [Thread-2 (]: 91 of 135 START test not_null_mart_cost_component_detail_material_number ....... [RUN]
[0m17:04:08.968577 [debug] [Thread-2 (]: Re-using an available connection from the pool (formerly test.apc.not_null_mart_cost_component_detail_cost_component.a0c13940df, now test.apc.not_null_mart_cost_component_detail_material_number.f8bd0b262a)
[0m17:04:08.969171 [debug] [Thread-2 (]: Began compiling node test.apc.not_null_mart_cost_component_detail_material_number.f8bd0b262a
[0m17:04:08.978743 [debug] [Thread-2 (]: Writing injected SQL for node "test.apc.not_null_mart_cost_component_detail_material_number.f8bd0b262a"
[0m17:04:08.979611 [debug] [Thread-2 (]: Began executing node test.apc.not_null_mart_cost_component_detail_material_number.f8bd0b262a
[0m17:04:08.987224 [debug] [Thread-2 (]: Writing runtime sql for node "test.apc.not_null_mart_cost_component_detail_material_number.f8bd0b262a"
[0m17:04:08.988601 [debug] [Thread-2 (]: Using snowflake connection "test.apc.not_null_mart_cost_component_detail_material_number.f8bd0b262a"
[0m17:04:08.989265 [debug] [Thread-2 (]: On test.apc.not_null_mart_cost_component_detail_material_number.f8bd0b262a: /* {"app": "dbt", "dbt_version": "1.9.4", "profile_name": "default", "target_name": "dev", "node_id": "test.apc.not_null_mart_cost_component_detail_material_number.f8bd0b262a"} */
select
      count(*) as failures,
      count(*) != 0 as should_warn,
      count(*) != 0 as should_error
    from (
      
    
    



select material_number
from APC_DEPLOY_DB.DBT_ANALYTICS.mart_cost_component_detail
where material_number is null



      
    ) dbt_internal_test
[0m17:04:08.989921 [debug] [Thread-2 (]: Opening a new connection, currently in state init
[0m17:04:09.731637 [debug] [Thread-2 (]: SQL status: SUCCESS 1 in 0.742 seconds
[0m17:04:09.734487 [info ] [Thread-2 (]: 91 of 135 PASS not_null_mart_cost_component_detail_material_number ............. [[32mPASS[0m in 0.77s]
[0m17:04:09.735415 [debug] [Thread-2 (]: Finished running node test.apc.not_null_mart_cost_component_detail_material_number.f8bd0b262a
[0m17:04:09.736471 [debug] [Thread-2 (]: Began running node test.apc.not_null_mart_cost_anomalies_MATERIAL_NUMBER.74a999018d
[0m17:04:09.737236 [info ] [Thread-2 (]: 92 of 135 START test not_null_mart_cost_anomalies_MATERIAL_NUMBER .............. [RUN]
[0m17:04:09.738116 [debug] [Thread-2 (]: Re-using an available connection from the pool (formerly test.apc.not_null_mart_cost_component_detail_material_number.f8bd0b262a, now test.apc.not_null_mart_cost_anomalies_MATERIAL_NUMBER.74a999018d)
[0m17:04:09.738765 [debug] [Thread-2 (]: Began compiling node test.apc.not_null_mart_cost_anomalies_MATERIAL_NUMBER.74a999018d
[0m17:04:09.748287 [debug] [Thread-2 (]: Writing injected SQL for node "test.apc.not_null_mart_cost_anomalies_MATERIAL_NUMBER.74a999018d"
[0m17:04:09.749162 [debug] [Thread-2 (]: Began executing node test.apc.not_null_mart_cost_anomalies_MATERIAL_NUMBER.74a999018d
[0m17:04:09.756670 [debug] [Thread-2 (]: Writing runtime sql for node "test.apc.not_null_mart_cost_anomalies_MATERIAL_NUMBER.74a999018d"
[0m17:04:09.757925 [debug] [Thread-2 (]: Using snowflake connection "test.apc.not_null_mart_cost_anomalies_MATERIAL_NUMBER.74a999018d"
[0m17:04:09.758699 [debug] [Thread-2 (]: On test.apc.not_null_mart_cost_anomalies_MATERIAL_NUMBER.74a999018d: /* {"app": "dbt", "dbt_version": "1.9.4", "profile_name": "default", "target_name": "dev", "node_id": "test.apc.not_null_mart_cost_anomalies_MATERIAL_NUMBER.74a999018d"} */
select
      count(*) as failures,
      count(*) != 0 as should_warn,
      count(*) != 0 as should_error
    from (
      
    
    



select MATERIAL_NUMBER
from APC_DEPLOY_DB.DBT_ANALYTICS.mart_cost_anomalies
where MATERIAL_NUMBER is null



      
    ) dbt_internal_test
[0m17:04:09.759337 [debug] [Thread-2 (]: Opening a new connection, currently in state init
[0m17:04:10.247943 [debug] [Thread-3 (]: SQL status: SUCCESS 1 in 10.320 seconds
[0m17:04:10.251006 [info ] [Thread-3 (]: 84 of 135 OK created sql dynamic_table model DBT_ANALYTICS.int_bom_costed ...... [[32mSUCCESS 1[0m in 10.35s]
[0m17:04:10.251849 [debug] [Thread-3 (]: Finished running node model.apc.int_bom_costed
[0m17:04:10.252929 [debug] [Thread-3 (]: Began running node test.apc.not_null_mart_cost_anomalies_Z_SCORE.06611d6904
[0m17:04:10.253909 [info ] [Thread-3 (]: 93 of 135 START test not_null_mart_cost_anomalies_Z_SCORE ...................... [RUN]
[0m17:04:10.254666 [debug] [Thread-3 (]: Re-using an available connection from the pool (formerly model.apc.int_bom_costed, now test.apc.not_null_mart_cost_anomalies_Z_SCORE.06611d6904)
[0m17:04:10.255253 [debug] [Thread-3 (]: Began compiling node test.apc.not_null_mart_cost_anomalies_Z_SCORE.06611d6904
[0m17:04:10.266839 [debug] [Thread-3 (]: Writing injected SQL for node "test.apc.not_null_mart_cost_anomalies_Z_SCORE.06611d6904"
[0m17:04:10.275358 [debug] [Thread-3 (]: Began executing node test.apc.not_null_mart_cost_anomalies_Z_SCORE.06611d6904
[0m17:04:10.283270 [debug] [Thread-3 (]: Writing runtime sql for node "test.apc.not_null_mart_cost_anomalies_Z_SCORE.06611d6904"
[0m17:04:10.284542 [debug] [Thread-3 (]: Using snowflake connection "test.apc.not_null_mart_cost_anomalies_Z_SCORE.06611d6904"
[0m17:04:10.285237 [debug] [Thread-3 (]: On test.apc.not_null_mart_cost_anomalies_Z_SCORE.06611d6904: /* {"app": "dbt", "dbt_version": "1.9.4", "profile_name": "default", "target_name": "dev", "node_id": "test.apc.not_null_mart_cost_anomalies_Z_SCORE.06611d6904"} */
select
      count(*) as failures,
      count(*) != 0 as should_warn,
      count(*) != 0 as should_error
    from (
      
    
    



select Z_SCORE
from APC_DEPLOY_DB.DBT_ANALYTICS.mart_cost_anomalies
where Z_SCORE is null



      
    ) dbt_internal_test
[0m17:04:10.286013 [debug] [Thread-3 (]: Opening a new connection, currently in state init
[0m17:04:10.561771 [debug] [Thread-4 (]: SQL status: SUCCESS 1 in 7.413 seconds
[0m17:04:10.565127 [info ] [Thread-4 (]: 88 of 135 OK created sql dynamic_table model DBT_ANALYTICS.mart_cost_budget .... [[32mSUCCESS 1[0m in 7.44s]
[0m17:04:10.566033 [debug] [Thread-4 (]: Finished running node model.apc.mart_cost_budget
[0m17:04:10.567094 [debug] [Thread-4 (]: Began running node test.apc.not_null_int_bom_costed_root_material.e6bd0b0e49
[0m17:04:10.568114 [info ] [Thread-4 (]: 94 of 135 START test not_null_int_bom_costed_root_material ..................... [RUN]
[0m17:04:10.568904 [debug] [Thread-4 (]: Re-using an available connection from the pool (formerly model.apc.mart_cost_budget, now test.apc.not_null_int_bom_costed_root_material.e6bd0b0e49)
[0m17:04:10.569518 [debug] [Thread-4 (]: Began compiling node test.apc.not_null_int_bom_costed_root_material.e6bd0b0e49
[0m17:04:10.580177 [debug] [Thread-4 (]: Writing injected SQL for node "test.apc.not_null_int_bom_costed_root_material.e6bd0b0e49"
[0m17:04:10.581055 [debug] [Thread-4 (]: Began executing node test.apc.not_null_int_bom_costed_root_material.e6bd0b0e49
[0m17:04:10.588660 [debug] [Thread-4 (]: Writing runtime sql for node "test.apc.not_null_int_bom_costed_root_material.e6bd0b0e49"
[0m17:04:10.589897 [debug] [Thread-4 (]: Using snowflake connection "test.apc.not_null_int_bom_costed_root_material.e6bd0b0e49"
[0m17:04:10.590568 [debug] [Thread-4 (]: On test.apc.not_null_int_bom_costed_root_material.e6bd0b0e49: /* {"app": "dbt", "dbt_version": "1.9.4", "profile_name": "default", "target_name": "dev", "node_id": "test.apc.not_null_int_bom_costed_root_material.e6bd0b0e49"} */
select
      count(*) as failures,
      count(*) != 0 as should_warn,
      count(*) != 0 as should_error
    from (
      
    
    



select root_material
from APC_DEPLOY_DB.DBT_ANALYTICS.int_bom_costed
where root_material is null



      
    ) dbt_internal_test
[0m17:04:10.591208 [debug] [Thread-4 (]: Opening a new connection, currently in state init
[0m17:04:11.000731 [debug] [Thread-2 (]: SQL status: SUCCESS 1 in 1.241 seconds
[0m17:04:11.003743 [info ] [Thread-2 (]: 92 of 135 PASS not_null_mart_cost_anomalies_MATERIAL_NUMBER .................... [[32mPASS[0m in 1.27s]
[0m17:04:11.004652 [debug] [Thread-2 (]: Finished running node test.apc.not_null_mart_cost_anomalies_MATERIAL_NUMBER.74a999018d
[0m17:04:11.005692 [debug] [Thread-2 (]: Began running node test.apc.not_null_int_bom_costed_total_component_cost_usd.914ec51ffd
[0m17:04:11.006437 [info ] [Thread-2 (]: 95 of 135 START test not_null_int_bom_costed_total_component_cost_usd .......... [RUN]
[0m17:04:11.007178 [debug] [Thread-2 (]: Re-using an available connection from the pool (formerly test.apc.not_null_mart_cost_anomalies_MATERIAL_NUMBER.74a999018d, now test.apc.not_null_int_bom_costed_total_component_cost_usd.914ec51ffd)
[0m17:04:11.007787 [debug] [Thread-2 (]: Began compiling node test.apc.not_null_int_bom_costed_total_component_cost_usd.914ec51ffd
[0m17:04:11.018747 [debug] [Thread-2 (]: Writing injected SQL for node "test.apc.not_null_int_bom_costed_total_component_cost_usd.914ec51ffd"
[0m17:04:11.019657 [debug] [Thread-2 (]: Began executing node test.apc.not_null_int_bom_costed_total_component_cost_usd.914ec51ffd
[0m17:04:11.028843 [debug] [Thread-2 (]: Writing runtime sql for node "test.apc.not_null_int_bom_costed_total_component_cost_usd.914ec51ffd"
[0m17:04:11.030896 [debug] [Thread-2 (]: Using snowflake connection "test.apc.not_null_int_bom_costed_total_component_cost_usd.914ec51ffd"
[0m17:04:11.031624 [debug] [Thread-2 (]: On test.apc.not_null_int_bom_costed_total_component_cost_usd.914ec51ffd: /* {"app": "dbt", "dbt_version": "1.9.4", "profile_name": "default", "target_name": "dev", "node_id": "test.apc.not_null_int_bom_costed_total_component_cost_usd.914ec51ffd"} */
select
      count(*) as failures,
      count(*) != 0 as should_warn,
      count(*) != 0 as should_error
    from (
      
    
    



select total_component_cost_usd
from APC_DEPLOY_DB.DBT_ANALYTICS.int_bom_costed
where total_component_cost_usd is null



      
    ) dbt_internal_test
[0m17:04:11.032275 [debug] [Thread-2 (]: Opening a new connection, currently in state init
[0m17:04:11.049755 [debug] [Thread-3 (]: SQL status: SUCCESS 1 in 0.764 seconds
[0m17:04:11.055685 [info ] [Thread-3 (]: 93 of 135 PASS not_null_mart_cost_anomalies_Z_SCORE ............................ [[32mPASS[0m in 0.80s]
[0m17:04:11.056614 [debug] [Thread-3 (]: Finished running node test.apc.not_null_mart_cost_anomalies_Z_SCORE.06611d6904
[0m17:04:11.058152 [debug] [Thread-3 (]: Began running node test.apc.assert_budget_reconciles
[0m17:04:11.059433 [info ] [Thread-3 (]: 96 of 135 START test assert_budget_reconciles .................................. [RUN]
[0m17:04:11.060274 [debug] [Thread-3 (]: Re-using an available connection from the pool (formerly test.apc.not_null_mart_cost_anomalies_Z_SCORE.06611d6904, now test.apc.assert_budget_reconciles)
[0m17:04:11.060928 [debug] [Thread-3 (]: Began compiling node test.apc.assert_budget_reconciles
[0m17:04:11.070621 [debug] [Thread-3 (]: Writing injected SQL for node "test.apc.assert_budget_reconciles"
[0m17:04:11.071520 [debug] [Thread-3 (]: Began executing node test.apc.assert_budget_reconciles
[0m17:04:11.078987 [debug] [Thread-3 (]: Writing runtime sql for node "test.apc.assert_budget_reconciles"
[0m17:04:11.080834 [debug] [Thread-3 (]: Using snowflake connection "test.apc.assert_budget_reconciles"
[0m17:04:11.081538 [debug] [Thread-3 (]: On test.apc.assert_budget_reconciles: /* {"app": "dbt", "dbt_version": "1.9.4", "profile_name": "default", "target_name": "dev", "node_id": "test.apc.assert_budget_reconciles"} */
select
      count(*) as failures,
      count(*) != 0 as should_warn,
      count(*) != 0 as should_error
    from (
      -- Singular test: the derived budget (prior-year actual, from raw) must match the
-- curated SAP_BDC.COST_BUDGET table within FX round-trip tolerance (±0.05).

with derived as (
    select material_number, plant_code, fiscal_year, period, budget_cost
    from APC_DEPLOY_DB.DBT_ANALYTICS.mart_cost_budget
),

src as (
    select trim(MATNR) as material_number, trim(BWKEY) as plant_code,
           GJAHR as fiscal_year, POPER as period, BUDGET_COST as budget_cost
    from APC_DEPLOY_DB.SAP_BDC.COST_BUDGET
)

select d.material_number, d.plant_code, d.fiscal_year, d.period,
       d.budget_cost as derived_budget, s.budget_cost as source_budget
from derived d
join src s
  on s.material_number = d.material_number
 and s.plant_code      = d.plant_code
 and s.fiscal_year     = d.fiscal_year
 and s.period          = d.period
where abs(d.budget_cost - s.budget_cost) > 0.05
      
    ) dbt_internal_test
[0m17:04:11.082183 [debug] [Thread-3 (]: Opening a new connection, currently in state init
[0m17:04:11.411425 [debug] [Thread-4 (]: SQL status: SUCCESS 1 in 0.820 seconds
[0m17:04:11.414298 [info ] [Thread-4 (]: 94 of 135 PASS not_null_int_bom_costed_root_material ........................... [[32mPASS[0m in 0.85s]
[0m17:04:11.415219 [debug] [Thread-4 (]: Finished running node test.apc.not_null_int_bom_costed_root_material.e6bd0b0e49
[0m17:04:11.416302 [debug] [Thread-4 (]: Began running node test.apc.not_null_mart_cost_budget_budget_cost.0343542b64
[0m17:04:11.417073 [info ] [Thread-4 (]: 97 of 135 START test not_null_mart_cost_budget_budget_cost ..................... [RUN]
[0m17:04:11.417867 [debug] [Thread-4 (]: Re-using an available connection from the pool (formerly test.apc.not_null_int_bom_costed_root_material.e6bd0b0e49, now test.apc.not_null_mart_cost_budget_budget_cost.0343542b64)
[0m17:04:11.418567 [debug] [Thread-4 (]: Began compiling node test.apc.not_null_mart_cost_budget_budget_cost.0343542b64
[0m17:04:11.428216 [debug] [Thread-4 (]: Writing injected SQL for node "test.apc.not_null_mart_cost_budget_budget_cost.0343542b64"
[0m17:04:11.429110 [debug] [Thread-4 (]: Began executing node test.apc.not_null_mart_cost_budget_budget_cost.0343542b64
[0m17:04:11.438066 [debug] [Thread-4 (]: Writing runtime sql for node "test.apc.not_null_mart_cost_budget_budget_cost.0343542b64"
[0m17:04:11.439261 [debug] [Thread-4 (]: Using snowflake connection "test.apc.not_null_mart_cost_budget_budget_cost.0343542b64"
[0m17:04:11.439888 [debug] [Thread-4 (]: On test.apc.not_null_mart_cost_budget_budget_cost.0343542b64: /* {"app": "dbt", "dbt_version": "1.9.4", "profile_name": "default", "target_name": "dev", "node_id": "test.apc.not_null_mart_cost_budget_budget_cost.0343542b64"} */
select
      count(*) as failures,
      count(*) != 0 as should_warn,
      count(*) != 0 as should_error
    from (
      
    
    



select budget_cost
from APC_DEPLOY_DB.DBT_ANALYTICS.mart_cost_budget
where budget_cost is null



      
    ) dbt_internal_test
[0m17:04:11.440469 [debug] [Thread-4 (]: Opening a new connection, currently in state init
[0m17:04:11.845861 [debug] [Thread-2 (]: SQL status: SUCCESS 1 in 0.813 seconds
[0m17:04:11.848782 [info ] [Thread-2 (]: 95 of 135 PASS not_null_int_bom_costed_total_component_cost_usd ................ [[32mPASS[0m in 0.84s]
[0m17:04:11.849713 [debug] [Thread-2 (]: Finished running node test.apc.not_null_int_bom_costed_total_component_cost_usd.914ec51ffd
[0m17:04:11.851057 [debug] [Thread-2 (]: Began running node model.apc.mart_bom_cost_buildup
[0m17:04:11.851863 [info ] [Thread-2 (]: 98 of 135 START sql dynamic_table model DBT_ANALYTICS.mart_bom_cost_buildup .... [RUN]
[0m17:04:11.852610 [debug] [Thread-2 (]: Re-using an available connection from the pool (formerly test.apc.not_null_int_bom_costed_total_component_cost_usd.914ec51ffd, now model.apc.mart_bom_cost_buildup)
[0m17:04:11.853227 [debug] [Thread-2 (]: Began compiling node model.apc.mart_bom_cost_buildup
[0m17:04:11.862286 [debug] [Thread-2 (]: Writing injected SQL for node "model.apc.mart_bom_cost_buildup"
[0m17:04:11.863230 [debug] [Thread-2 (]: Began executing node model.apc.mart_bom_cost_buildup
[0m17:04:11.872538 [debug] [Thread-2 (]: Applying CREATE to: APC_DEPLOY_DB.DBT_ANALYTICS.mart_bom_cost_buildup
[0m17:04:11.873767 [debug] [Thread-2 (]: Writing runtime sql for node "model.apc.mart_bom_cost_buildup"
[0m17:04:11.876833 [debug] [Thread-2 (]: Using snowflake connection "model.apc.mart_bom_cost_buildup"
[0m17:04:11.877671 [debug] [Thread-2 (]: On model.apc.mart_bom_cost_buildup: /* {"app": "dbt", "dbt_version": "1.9.4", "profile_name": "default", "target_name": "dev", "node_id": "model.apc.mart_bom_cost_buildup"} */
create dynamic table APC_DEPLOY_DB.DBT_ANALYTICS.mart_bom_cost_buildup
        target_lag = '1 hour'
        warehouse = APC_DEPLOY_WH
        refresh_mode = AUTO

        initialize = ON_CREATE

        as (
            -- Mart: full costed BOM roll-up per finished product — material + conversion + overhead by level.
-- Co-authored with CoCo

with costed as (
    select * from APC_DEPLOY_DB.DBT_ANALYTICS.int_bom_costed
),

-- Roll up to root material level
product_rollup as (
    select
        root_material,
        plant_code,
        sum(case when cost_type = 'material' then total_component_cost_usd else 0 end)   as total_material_cost_usd,
        sum(case when cost_type = 'conversion' then total_component_cost_usd else 0 end) as total_conversion_cost_usd,
        sum(total_component_cost_usd)                                                     as bom_total_cost_usd,
        max(bom_level)                                                                    as max_bom_depth,
        count(distinct component_material)                                                as component_count
    from costed
    group by root_material, plant_code
),

-- Add material master attributes
enriched as (
    select
        pr.root_material     as material_number,
        mm.material_description,
        pr.plant_code,
        pl.plant_name,
        pr.total_material_cost_usd,
        pr.total_conversion_cost_usd,
        pr.bom_total_cost_usd,
        -- Overhead estimate: 15% of conversion (typical pharma)
        round(pr.total_conversion_cost_usd * 0.15, 2)  as estimated_overhead_usd,
        pr.bom_total_cost_usd
            + round(pr.total_conversion_cost_usd * 0.15, 2) as fully_loaded_cost_usd,
        pr.max_bom_depth,
        pr.component_count,
        round(100.0 * pr.total_material_cost_usd
              / nullif(pr.bom_total_cost_usd, 0), 1)    as material_pct,
        round(100.0 * pr.total_conversion_cost_usd
              / nullif(pr.bom_total_cost_usd, 0), 1)    as conversion_pct
    from product_rollup pr
    left join APC_DEPLOY_DB.DBT_ANALYTICS.stg_material_master mm
        on pr.root_material = mm.material_number
    left join APC_DEPLOY_DB.DBT_ANALYTICS.stg_plant pl
        on pr.plant_code = pl.plant_code
)

select * from enriched
        )
[0m17:04:11.878434 [debug] [Thread-2 (]: Opening a new connection, currently in state init
[0m17:04:12.258476 [debug] [Thread-4 (]: SQL status: SUCCESS 1 in 0.818 seconds
[0m17:04:12.261222 [info ] [Thread-4 (]: 97 of 135 PASS not_null_mart_cost_budget_budget_cost ........................... [[32mPASS[0m in 0.84s]
[0m17:04:12.262140 [debug] [Thread-4 (]: Finished running node test.apc.not_null_mart_cost_budget_budget_cost.0343542b64
[0m17:04:12.382393 [debug] [Thread-3 (]: SQL status: SUCCESS 1 in 1.300 seconds
[0m17:04:12.385152 [info ] [Thread-3 (]: 96 of 135 PASS assert_budget_reconciles ........................................ [[32mPASS[0m in 1.32s]
[0m17:04:12.386073 [debug] [Thread-3 (]: Finished running node test.apc.assert_budget_reconciles
[0m17:04:13.676891 [debug] [Thread-5 (]: SQL status: SUCCESS 1 in 6.571 seconds
[0m17:04:13.680154 [info ] [Thread-5 (]: 89 of 135 OK created sql dynamic_table model DBT_ANALYTICS.mart_product_cost ... [[32mSUCCESS 1[0m in 6.60s]
[0m17:04:13.681050 [debug] [Thread-5 (]: Finished running node model.apc.mart_product_cost
[0m17:04:13.682480 [debug] [Thread-4 (]: Began running node test.apc.accepted_values_mart_product_cost_variance_flag__HIGH__MEDIUM__LOW.0535cdbec7
[0m17:04:13.683155 [debug] [Thread-3 (]: Began running node test.apc.assert_product_cost_reconciles
[0m17:04:13.683817 [debug] [Thread-5 (]: Began running node test.apc.not_null_mart_product_cost_actual_cost_per_unit.4266a8e5a0
[0m17:04:13.684451 [info ] [Thread-4 (]: 99 of 135 START test accepted_values_mart_product_cost_variance_flag__HIGH__MEDIUM__LOW  [RUN]
[0m17:04:13.685148 [info ] [Thread-3 (]: 100 of 135 START test assert_product_cost_reconciles ........................... [RUN]
[0m17:04:13.685868 [info ] [Thread-5 (]: 101 of 135 START test not_null_mart_product_cost_actual_cost_per_unit .......... [RUN]
[0m17:04:13.686675 [debug] [Thread-4 (]: Re-using an available connection from the pool (formerly test.apc.not_null_mart_cost_budget_budget_cost.0343542b64, now test.apc.accepted_values_mart_product_cost_variance_flag__HIGH__MEDIUM__LOW.0535cdbec7)
[0m17:04:13.687331 [debug] [Thread-3 (]: Re-using an available connection from the pool (formerly test.apc.assert_budget_reconciles, now test.apc.assert_product_cost_reconciles)
[0m17:04:13.687974 [debug] [Thread-5 (]: Re-using an available connection from the pool (formerly model.apc.mart_product_cost, now test.apc.not_null_mart_product_cost_actual_cost_per_unit.4266a8e5a0)
[0m17:04:13.688646 [debug] [Thread-4 (]: Began compiling node test.apc.accepted_values_mart_product_cost_variance_flag__HIGH__MEDIUM__LOW.0535cdbec7
[0m17:04:13.689239 [debug] [Thread-3 (]: Began compiling node test.apc.assert_product_cost_reconciles
[0m17:04:13.689840 [debug] [Thread-5 (]: Began compiling node test.apc.not_null_mart_product_cost_actual_cost_per_unit.4266a8e5a0
[0m17:04:13.701666 [debug] [Thread-4 (]: Writing injected SQL for node "test.apc.accepted_values_mart_product_cost_variance_flag__HIGH__MEDIUM__LOW.0535cdbec7"
[0m17:04:13.711216 [debug] [Thread-3 (]: Writing injected SQL for node "test.apc.assert_product_cost_reconciles"
[0m17:04:13.720187 [debug] [Thread-5 (]: Writing injected SQL for node "test.apc.not_null_mart_product_cost_actual_cost_per_unit.4266a8e5a0"
[0m17:04:13.721306 [debug] [Thread-4 (]: Began executing node test.apc.accepted_values_mart_product_cost_variance_flag__HIGH__MEDIUM__LOW.0535cdbec7
[0m17:04:13.722243 [debug] [Thread-3 (]: Began executing node test.apc.assert_product_cost_reconciles
[0m17:04:13.731158 [debug] [Thread-4 (]: Writing runtime sql for node "test.apc.accepted_values_mart_product_cost_variance_flag__HIGH__MEDIUM__LOW.0535cdbec7"
[0m17:04:13.731842 [debug] [Thread-5 (]: Began executing node test.apc.not_null_mart_product_cost_actual_cost_per_unit.4266a8e5a0
[0m17:04:13.739569 [debug] [Thread-3 (]: Writing runtime sql for node "test.apc.assert_product_cost_reconciles"
[0m17:04:13.748495 [debug] [Thread-5 (]: Writing runtime sql for node "test.apc.not_null_mart_product_cost_actual_cost_per_unit.4266a8e5a0"
[0m17:04:13.749895 [debug] [Thread-4 (]: Using snowflake connection "test.apc.accepted_values_mart_product_cost_variance_flag__HIGH__MEDIUM__LOW.0535cdbec7"
[0m17:04:13.752542 [debug] [Thread-3 (]: Using snowflake connection "test.apc.assert_product_cost_reconciles"
[0m17:04:13.753453 [debug] [Thread-4 (]: On test.apc.accepted_values_mart_product_cost_variance_flag__HIGH__MEDIUM__LOW.0535cdbec7: /* {"app": "dbt", "dbt_version": "1.9.4", "profile_name": "default", "target_name": "dev", "node_id": "test.apc.accepted_values_mart_product_cost_variance_flag__HIGH__MEDIUM__LOW.0535cdbec7"} */
select
      count(*) as failures,
      count(*) != 0 as should_warn,
      count(*) != 0 as should_error
    from (
      
    
    

with all_values as (

    select
        variance_flag as value_field,
        count(*) as n_records

    from APC_DEPLOY_DB.DBT_ANALYTICS.mart_product_cost
    group by variance_flag

)

select *
from all_values
where value_field not in (
    'HIGH','MEDIUM','LOW'
)



      
    ) dbt_internal_test
[0m17:04:13.754681 [debug] [Thread-5 (]: Using snowflake connection "test.apc.not_null_mart_product_cost_actual_cost_per_unit.4266a8e5a0"
[0m17:04:13.755487 [debug] [Thread-3 (]: On test.apc.assert_product_cost_reconciles: /* {"app": "dbt", "dbt_version": "1.9.4", "profile_name": "default", "target_name": "dev", "node_id": "test.apc.assert_product_cost_reconciles"} */
select
      count(*) as failures,
      count(*) != 0 as should_warn,
      count(*) != 0 as should_error
    from (
      -- Singular test: the raw -> dbt pipeline must reproduce the curated costing truth.
-- Compares mart_product_cost (built from RAW SAP) to ANALYTICS.PRODUCT_COST_SUMMARY.
-- Returns rows ONLY on a mismatch beyond a small FX round-trip tolerance (±0.05).

with derived as (
    select material_number, plant_code, fiscal_year, period,
           actual_cost_per_unit, standard_cost_per_unit, budget_cost_per_unit
    from APC_DEPLOY_DB.DBT_ANALYTICS.mart_product_cost
),

curated as (
    select MATERIAL_NUMBER as material_number, PLANT_CODE as plant_code,
           FISCAL_YEAR as fiscal_year, PERIOD as period,
           ACTUAL_COST_PER_UNIT as actual_cost, STANDARD_COST_PER_UNIT as standard_cost,
           BUDGET_COST_PER_UNIT as budget_cost
    from APC_DEPLOY_DB.ANALYTICS.PRODUCT_COST_SUMMARY
)

select
    d.material_number, d.plant_code, d.fiscal_year, d.period,
    d.actual_cost_per_unit, c.actual_cost,
    d.standard_cost_per_unit, c.standard_cost,
    d.budget_cost_per_unit, c.budget_cost
from derived d
join curated c
  on c.material_number = d.material_number
 and c.plant_code      = d.plant_code
 and c.fiscal_year     = d.fiscal_year
 and c.period          = d.period
where abs(d.actual_cost_per_unit - c.actual_cost) > 0.05
   or abs(coalesce(d.standard_cost_per_unit, 0) - coalesce(c.standard_cost, 0)) > 0.05
   or abs(coalesce(d.budget_cost_per_unit, -999) - coalesce(c.budget_cost, -999)) > 0.05
      
    ) dbt_internal_test
[0m17:04:13.756242 [debug] [Thread-4 (]: Opening a new connection, currently in state init
[0m17:04:13.756977 [debug] [Thread-5 (]: On test.apc.not_null_mart_product_cost_actual_cost_per_unit.4266a8e5a0: /* {"app": "dbt", "dbt_version": "1.9.4", "profile_name": "default", "target_name": "dev", "node_id": "test.apc.not_null_mart_product_cost_actual_cost_per_unit.4266a8e5a0"} */
select
      count(*) as failures,
      count(*) != 0 as should_warn,
      count(*) != 0 as should_error
    from (
      
    
    



select actual_cost_per_unit
from APC_DEPLOY_DB.DBT_ANALYTICS.mart_product_cost
where actual_cost_per_unit is null



      
    ) dbt_internal_test
[0m17:04:13.757648 [debug] [Thread-3 (]: Opening a new connection, currently in state init
[0m17:04:13.758545 [debug] [Thread-5 (]: Opening a new connection, currently in state init
[0m17:04:15.201624 [debug] [Thread-4 (]: SQL status: SUCCESS 1 in 1.445 seconds
[0m17:04:15.202835 [debug] [Thread-5 (]: SQL status: SUCCESS 1 in 1.444 seconds
[0m17:04:15.205541 [info ] [Thread-4 (]: 99 of 135 PASS accepted_values_mart_product_cost_variance_flag__HIGH__MEDIUM__LOW  [[32mPASS[0m in 1.52s]
[0m17:04:15.208411 [info ] [Thread-5 (]: 101 of 135 PASS not_null_mart_product_cost_actual_cost_per_unit ................ [[32mPASS[0m in 1.52s]
[0m17:04:15.209377 [debug] [Thread-4 (]: Finished running node test.apc.accepted_values_mart_product_cost_variance_flag__HIGH__MEDIUM__LOW.0535cdbec7
[0m17:04:15.210216 [debug] [Thread-5 (]: Finished running node test.apc.not_null_mart_product_cost_actual_cost_per_unit.4266a8e5a0
[0m17:04:15.211321 [debug] [Thread-4 (]: Began running node test.apc.not_null_mart_product_cost_cost_variance_pct.8564ce539b
[0m17:04:15.212446 [debug] [Thread-5 (]: Began running node test.apc.not_null_mart_product_cost_material_number.09ad82bedf
[0m17:04:15.213256 [info ] [Thread-4 (]: 102 of 135 START test not_null_mart_product_cost_cost_variance_pct ............. [RUN]
[0m17:04:15.213993 [info ] [Thread-5 (]: 103 of 135 START test not_null_mart_product_cost_material_number ............... [RUN]
[0m17:04:15.214808 [debug] [Thread-4 (]: Re-using an available connection from the pool (formerly test.apc.accepted_values_mart_product_cost_variance_flag__HIGH__MEDIUM__LOW.0535cdbec7, now test.apc.not_null_mart_product_cost_cost_variance_pct.8564ce539b)
[0m17:04:15.215581 [debug] [Thread-5 (]: Re-using an available connection from the pool (formerly test.apc.not_null_mart_product_cost_actual_cost_per_unit.4266a8e5a0, now test.apc.not_null_mart_product_cost_material_number.09ad82bedf)
[0m17:04:15.216240 [debug] [Thread-4 (]: Began compiling node test.apc.not_null_mart_product_cost_cost_variance_pct.8564ce539b
[0m17:04:15.216910 [debug] [Thread-5 (]: Began compiling node test.apc.not_null_mart_product_cost_material_number.09ad82bedf
[0m17:04:15.226750 [debug] [Thread-4 (]: Writing injected SQL for node "test.apc.not_null_mart_product_cost_cost_variance_pct.8564ce539b"
[0m17:04:15.236127 [debug] [Thread-5 (]: Writing injected SQL for node "test.apc.not_null_mart_product_cost_material_number.09ad82bedf"
[0m17:04:15.237212 [debug] [Thread-4 (]: Began executing node test.apc.not_null_mart_product_cost_cost_variance_pct.8564ce539b
[0m17:04:15.243571 [debug] [Thread-5 (]: Began executing node test.apc.not_null_mart_product_cost_material_number.09ad82bedf
[0m17:04:15.246909 [debug] [Thread-4 (]: Writing runtime sql for node "test.apc.not_null_mart_product_cost_cost_variance_pct.8564ce539b"
[0m17:04:15.254543 [debug] [Thread-5 (]: Writing runtime sql for node "test.apc.not_null_mart_product_cost_material_number.09ad82bedf"
[0m17:04:15.256153 [debug] [Thread-4 (]: Using snowflake connection "test.apc.not_null_mart_product_cost_cost_variance_pct.8564ce539b"
[0m17:04:15.257243 [debug] [Thread-4 (]: On test.apc.not_null_mart_product_cost_cost_variance_pct.8564ce539b: /* {"app": "dbt", "dbt_version": "1.9.4", "profile_name": "default", "target_name": "dev", "node_id": "test.apc.not_null_mart_product_cost_cost_variance_pct.8564ce539b"} */
select
      count(*) as failures,
      count(*) != 0 as should_warn,
      count(*) != 0 as should_error
    from (
      
    
    



select cost_variance_pct
from APC_DEPLOY_DB.DBT_ANALYTICS.mart_product_cost
where cost_variance_pct is null



      
    ) dbt_internal_test
[0m17:04:15.258380 [debug] [Thread-5 (]: Using snowflake connection "test.apc.not_null_mart_product_cost_material_number.09ad82bedf"
[0m17:04:15.259047 [debug] [Thread-4 (]: Opening a new connection, currently in state init
[0m17:04:15.259742 [debug] [Thread-5 (]: On test.apc.not_null_mart_product_cost_material_number.09ad82bedf: /* {"app": "dbt", "dbt_version": "1.9.4", "profile_name": "default", "target_name": "dev", "node_id": "test.apc.not_null_mart_product_cost_material_number.09ad82bedf"} */
select
      count(*) as failures,
      count(*) != 0 as should_warn,
      count(*) != 0 as should_error
    from (
      
    
    



select material_number
from APC_DEPLOY_DB.DBT_ANALYTICS.mart_product_cost
where material_number is null



      
    ) dbt_internal_test
[0m17:04:15.260482 [debug] [Thread-5 (]: Opening a new connection, currently in state init
[0m17:04:16.490301 [debug] [Thread-3 (]: SQL status: SUCCESS 1 in 2.732 seconds
[0m17:04:16.493136 [error] [Thread-3 (]: 100 of 135 FAIL 540 assert_product_cost_reconciles ............................. [[31mFAIL 540[0m in 2.81s]
[0m17:04:16.494100 [debug] [Thread-3 (]: Finished running node test.apc.assert_product_cost_reconciles
[0m17:04:16.495272 [debug] [Thread-3 (]: Began running node test.apc.not_null_mart_product_cost_standard_cost_per_unit.96b812691c
[0m17:04:16.496026 [debug] [Thread-8 (]: Marking all children of 'test.apc.assert_product_cost_reconciles' to be skipped because of status 'fail'.  Reason: Got 540 results, configured to fail if != 0.
[0m17:04:16.496959 [info ] [Thread-3 (]: 104 of 135 START test not_null_mart_product_cost_standard_cost_per_unit ........ [RUN]
[0m17:04:16.498139 [debug] [Thread-3 (]: Re-using an available connection from the pool (formerly test.apc.assert_product_cost_reconciles, now test.apc.not_null_mart_product_cost_standard_cost_per_unit.96b812691c)
[0m17:04:16.499017 [debug] [Thread-3 (]: Began compiling node test.apc.not_null_mart_product_cost_standard_cost_per_unit.96b812691c
[0m17:04:16.509981 [debug] [Thread-3 (]: Writing injected SQL for node "test.apc.not_null_mart_product_cost_standard_cost_per_unit.96b812691c"
[0m17:04:16.510894 [debug] [Thread-3 (]: Began executing node test.apc.not_null_mart_product_cost_standard_cost_per_unit.96b812691c
[0m17:04:16.519226 [debug] [Thread-3 (]: Writing runtime sql for node "test.apc.not_null_mart_product_cost_standard_cost_per_unit.96b812691c"
[0m17:04:16.520581 [debug] [Thread-3 (]: Using snowflake connection "test.apc.not_null_mart_product_cost_standard_cost_per_unit.96b812691c"
[0m17:04:16.521239 [debug] [Thread-3 (]: On test.apc.not_null_mart_product_cost_standard_cost_per_unit.96b812691c: /* {"app": "dbt", "dbt_version": "1.9.4", "profile_name": "default", "target_name": "dev", "node_id": "test.apc.not_null_mart_product_cost_standard_cost_per_unit.96b812691c"} */
select
      count(*) as failures,
      count(*) != 0 as should_warn,
      count(*) != 0 as should_error
    from (
      
    
    



select standard_cost_per_unit
from APC_DEPLOY_DB.DBT_ANALYTICS.mart_product_cost
where standard_cost_per_unit is null



      
    ) dbt_internal_test
[0m17:04:16.521869 [debug] [Thread-3 (]: Opening a new connection, currently in state init
[0m17:04:16.571963 [debug] [Thread-5 (]: SQL status: SUCCESS 1 in 1.311 seconds
[0m17:04:16.574800 [info ] [Thread-5 (]: 103 of 135 PASS not_null_mart_product_cost_material_number ..................... [[32mPASS[0m in 1.36s]
[0m17:04:16.575714 [debug] [Thread-5 (]: Finished running node test.apc.not_null_mart_product_cost_material_number.09ad82bedf
[0m17:04:16.576830 [debug] [Thread-5 (]: Began running node test.apc.relationships_mart_product_cost_material_number__material_number__ref_stg_material_master_.94f44ada59
[0m17:04:16.577654 [info ] [Thread-5 (]: 105 of 135 START test relationships_mart_product_cost_material_number__material_number__ref_stg_material_master_  [RUN]
[0m17:04:16.578552 [debug] [Thread-5 (]: Re-using an available connection from the pool (formerly test.apc.not_null_mart_product_cost_material_number.09ad82bedf, now test.apc.relationships_mart_product_cost_material_number__material_number__ref_stg_material_master_.94f44ada59)
[0m17:04:16.579199 [debug] [Thread-5 (]: Began compiling node test.apc.relationships_mart_product_cost_material_number__material_number__ref_stg_material_master_.94f44ada59
[0m17:04:16.686372 [debug] [Thread-4 (]: SQL status: SUCCESS 1 in 1.427 seconds
[0m17:04:16.718045 [debug] [Thread-5 (]: Writing injected SQL for node "test.apc.relationships_mart_product_cost_material_number__material_number__ref_stg_material_master_.94f44ada59"
[0m17:04:16.720792 [info ] [Thread-4 (]: 102 of 135 PASS not_null_mart_product_cost_cost_variance_pct ................... [[32mPASS[0m in 1.51s]
[0m17:04:16.722589 [debug] [Thread-4 (]: Finished running node test.apc.not_null_mart_product_cost_cost_variance_pct.8564ce539b
[0m17:04:16.723368 [debug] [Thread-5 (]: Began executing node test.apc.relationships_mart_product_cost_material_number__material_number__ref_stg_material_master_.94f44ada59
[0m17:04:16.731643 [debug] [Thread-5 (]: Writing runtime sql for node "test.apc.relationships_mart_product_cost_material_number__material_number__ref_stg_material_master_.94f44ada59"
[0m17:04:16.733240 [debug] [Thread-5 (]: Using snowflake connection "test.apc.relationships_mart_product_cost_material_number__material_number__ref_stg_material_master_.94f44ada59"
[0m17:04:16.733961 [debug] [Thread-5 (]: On test.apc.relationships_mart_product_cost_material_number__material_number__ref_stg_material_master_.94f44ada59: /* {"app": "dbt", "dbt_version": "1.9.4", "profile_name": "default", "target_name": "dev", "node_id": "test.apc.relationships_mart_product_cost_material_number__material_number__ref_stg_material_master_.94f44ada59"} */
select
      count(*) as failures,
      count(*) != 0 as should_warn,
      count(*) != 0 as should_error
    from (
      
    
    

with child as (
    select material_number as from_field
    from APC_DEPLOY_DB.DBT_ANALYTICS.mart_product_cost
    where material_number is not null
),

parent as (
    select material_number as to_field
    from APC_DEPLOY_DB.DBT_ANALYTICS.stg_material_master
)

select
    from_field

from child
left join parent
    on child.from_field = parent.to_field

where parent.to_field is null



      
    ) dbt_internal_test
[0m17:04:16.734626 [debug] [Thread-5 (]: Opening a new connection, currently in state init
[0m17:04:17.836136 [debug] [Thread-3 (]: SQL status: SUCCESS 1 in 1.314 seconds
[0m17:04:17.838992 [info ] [Thread-3 (]: 104 of 135 PASS not_null_mart_product_cost_standard_cost_per_unit .............. [[32mPASS[0m in 1.34s]
[0m17:04:17.839879 [debug] [Thread-3 (]: Finished running node test.apc.not_null_mart_product_cost_standard_cost_per_unit.96b812691c
[0m17:04:17.972211 [debug] [Thread-5 (]: SQL status: SUCCESS 1 in 1.237 seconds
[0m17:04:17.974930 [info ] [Thread-5 (]: 105 of 135 PASS relationships_mart_product_cost_material_number__material_number__ref_stg_material_master_  [[32mPASS[0m in 1.40s]
[0m17:04:17.975830 [debug] [Thread-5 (]: Finished running node test.apc.relationships_mart_product_cost_material_number__material_number__ref_stg_material_master_.94f44ada59
[0m17:04:17.977336 [debug] [Thread-4 (]: Began running node model.apc.int_value_chain_allocation
[0m17:04:17.978084 [debug] [Thread-3 (]: Began running node model.apc.mart_cogm_evolution
[0m17:04:17.978768 [debug] [Thread-5 (]: Began running node model.apc.mart_product_cost_monthly
[0m17:04:17.979441 [info ] [Thread-4 (]: 106 of 135 SKIP relation DBT_ANALYTICS.int_value_chain_allocation .............. [[33mSKIP[0m]
[0m17:04:17.980188 [info ] [Thread-3 (]: 107 of 135 SKIP relation DBT_ANALYTICS.mart_cogm_evolution ..................... [[33mSKIP[0m]
[0m17:04:17.980907 [info ] [Thread-5 (]: 108 of 135 SKIP relation DBT_ANALYTICS.mart_product_cost_monthly ............... [[33mSKIP[0m]
[0m17:04:17.981705 [debug] [Thread-4 (]: Finished running node model.apc.int_value_chain_allocation
[0m17:04:17.982435 [debug] [Thread-3 (]: Finished running node model.apc.mart_cogm_evolution
[0m17:04:17.983127 [debug] [Thread-5 (]: Finished running node model.apc.mart_product_cost_monthly
[0m17:04:17.984167 [debug] [Thread-4 (]: Began running node model.apc.mart_product_profitability
[0m17:04:17.984736 [debug] [Thread-8 (]: Marking all children of 'model.apc.int_value_chain_allocation' to be skipped because of status 'skipped'. 
[0m17:04:17.985736 [debug] [Thread-3 (]: Began running node model.apc.mart_product_risk_scores
[0m17:04:17.986656 [debug] [Thread-5 (]: Began running node model.apc.mart_sales_forecast
[0m17:04:17.987302 [info ] [Thread-4 (]: 109 of 135 SKIP relation DBT_ANALYTICS.mart_product_profitability .............. [[33mSKIP[0m]
[0m17:04:17.988107 [debug] [Thread-8 (]: Marking all children of 'model.apc.mart_cogm_evolution' to be skipped because of status 'skipped'. 
[0m17:04:17.988934 [info ] [Thread-3 (]: 110 of 135 SKIP relation DBT_ANALYTICS.mart_product_risk_scores ................ [[33mSKIP[0m]
[0m17:04:17.989653 [info ] [Thread-5 (]: 111 of 135 SKIP relation DBT_ANALYTICS.mart_sales_forecast ..................... [[33mSKIP[0m]
[0m17:04:17.990345 [debug] [Thread-4 (]: Finished running node model.apc.mart_product_profitability
[0m17:04:17.991050 [debug] [Thread-8 (]: Marking all children of 'model.apc.mart_product_cost_monthly' to be skipped because of status 'skipped'. 
[0m17:04:17.991852 [debug] [Thread-3 (]: Finished running node model.apc.mart_product_risk_scores
[0m17:04:17.992509 [debug] [Thread-5 (]: Finished running node model.apc.mart_sales_forecast
[0m17:04:17.993488 [debug] [Thread-4 (]: Began running node model.apc.mart_variance_trend_with_forecast
[0m17:04:17.994219 [debug] [Thread-8 (]: Marking all children of 'model.apc.mart_product_profitability' to be skipped because of status 'skipped'. 
[0m17:04:17.995273 [debug] [Thread-3 (]: Began running node test.apc.not_null_int_value_chain_allocation_chain_step.bc11850ddd
[0m17:04:17.996191 [debug] [Thread-5 (]: Began running node test.apc.not_null_int_value_chain_allocation_material_number.802b47a039
[0m17:04:17.996877 [info ] [Thread-4 (]: 112 of 135 SKIP relation DBT_ANALYTICS.mart_variance_trend_with_forecast ....... [[33mSKIP[0m]
[0m17:04:17.997673 [debug] [Thread-8 (]: Marking all children of 'model.apc.mart_product_risk_scores' to be skipped because of status 'skipped'. 
[0m17:04:17.998606 [info ] [Thread-3 (]: 113 of 135 SKIP test not_null_int_value_chain_allocation_chain_step ............ [[33mSKIP[0m]
[0m17:04:17.999328 [info ] [Thread-5 (]: 114 of 135 SKIP test not_null_int_value_chain_allocation_material_number ....... [[33mSKIP[0m]
[0m17:04:18.000066 [debug] [Thread-4 (]: Finished running node model.apc.mart_variance_trend_with_forecast
[0m17:04:18.000781 [debug] [Thread-8 (]: Marking all children of 'model.apc.mart_sales_forecast' to be skipped because of status 'skipped'. 
[0m17:04:18.001623 [debug] [Thread-3 (]: Finished running node test.apc.not_null_int_value_chain_allocation_chain_step.bc11850ddd
[0m17:04:18.002318 [debug] [Thread-5 (]: Finished running node test.apc.not_null_int_value_chain_allocation_material_number.802b47a039
[0m17:04:18.003269 [debug] [Thread-4 (]: Began running node test.apc.accepted_values_mart_cogm_evolution_cost_trajectory__ESCALATING__IMPROVING__STABLE.2fed9d10a6
[0m17:04:18.003965 [debug] [Thread-8 (]: Marking all children of 'model.apc.mart_variance_trend_with_forecast' to be skipped because of status 'skipped'. 
[0m17:04:18.008359 [debug] [Thread-3 (]: Began running node test.apc.not_null_mart_cogm_evolution_material_number.d340352c8f
[0m17:04:18.009417 [debug] [Thread-5 (]: Began running node test.apc.not_null_mart_product_cost_monthly_avg_variance_pct.a80051a083
[0m17:04:18.010220 [info ] [Thread-4 (]: 115 of 135 SKIP test accepted_values_mart_cogm_evolution_cost_trajectory__ESCALATING__IMPROVING__STABLE  [[33mSKIP[0m]
[0m17:04:18.011017 [debug] [Thread-8 (]: Marking all children of 'test.apc.not_null_int_value_chain_allocation_chain_step.bc11850ddd' to be skipped because of status 'skipped'. 
[0m17:04:18.011907 [info ] [Thread-3 (]: 116 of 135 SKIP test not_null_mart_cogm_evolution_material_number .............. [[33mSKIP[0m]
[0m17:04:18.012660 [info ] [Thread-5 (]: 117 of 135 SKIP test not_null_mart_product_cost_monthly_avg_variance_pct ....... [[33mSKIP[0m]
[0m17:04:18.013389 [debug] [Thread-4 (]: Finished running node test.apc.accepted_values_mart_cogm_evolution_cost_trajectory__ESCALATING__IMPROVING__STABLE.2fed9d10a6
[0m17:04:18.014112 [debug] [Thread-8 (]: Marking all children of 'test.apc.not_null_int_value_chain_allocation_material_number.802b47a039' to be skipped because of status 'skipped'. 
[0m17:04:18.014767 [debug] [Thread-3 (]: Finished running node test.apc.not_null_mart_cogm_evolution_material_number.d340352c8f
[0m17:04:18.015433 [debug] [Thread-5 (]: Finished running node test.apc.not_null_mart_product_cost_monthly_avg_variance_pct.a80051a083
[0m17:04:18.016464 [debug] [Thread-4 (]: Began running node test.apc.not_null_mart_product_cost_monthly_material_number.e073106e05
[0m17:04:18.017189 [debug] [Thread-8 (]: Marking all children of 'test.apc.accepted_values_mart_cogm_evolution_cost_trajectory__ESCALATING__IMPROVING__STABLE.2fed9d10a6' to be skipped because of status 'skipped'. 
[0m17:04:18.018396 [debug] [Thread-3 (]: Began running node test.apc.not_null_mart_product_profitability_MATERIAL_NUMBER.5e713beffa
[0m17:04:18.019379 [debug] [Thread-5 (]: Began running node test.apc.not_null_mart_product_profitability_REVENUE.d405616edb
[0m17:04:18.020124 [info ] [Thread-4 (]: 118 of 135 SKIP test not_null_mart_product_cost_monthly_material_number ........ [[33mSKIP[0m]
[0m17:04:18.020862 [debug] [Thread-8 (]: Marking all children of 'test.apc.not_null_mart_cogm_evolution_material_number.d340352c8f' to be skipped because of status 'skipped'. 
[0m17:04:18.021572 [info ] [Thread-3 (]: 119 of 135 SKIP test not_null_mart_product_profitability_MATERIAL_NUMBER ....... [[33mSKIP[0m]
[0m17:04:18.022321 [info ] [Thread-5 (]: 120 of 135 SKIP test not_null_mart_product_profitability_REVENUE ............... [[33mSKIP[0m]
[0m17:04:18.023053 [debug] [Thread-4 (]: Finished running node test.apc.not_null_mart_product_cost_monthly_material_number.e073106e05
[0m17:04:18.023747 [debug] [Thread-8 (]: Marking all children of 'test.apc.not_null_mart_product_cost_monthly_avg_variance_pct.a80051a083' to be skipped because of status 'skipped'. 
[0m17:04:18.024441 [debug] [Thread-3 (]: Finished running node test.apc.not_null_mart_product_profitability_MATERIAL_NUMBER.5e713beffa
[0m17:04:18.025143 [debug] [Thread-5 (]: Finished running node test.apc.not_null_mart_product_profitability_REVENUE.d405616edb
[0m17:04:18.026168 [debug] [Thread-4 (]: Began running node test.apc.accepted_values_mart_product_risk_scores_RISK_LEVEL__HIGH__MEDIUM__LOW.45e743858b
[0m17:04:18.026854 [debug] [Thread-8 (]: Marking all children of 'test.apc.not_null_mart_product_cost_monthly_material_number.e073106e05' to be skipped because of status 'skipped'. 
[0m17:04:18.027781 [debug] [Thread-3 (]: Began running node test.apc.not_null_mart_product_risk_scores_MATERIAL_NUMBER.ec1b33c667
[0m17:04:18.028741 [debug] [Thread-5 (]: Began running node test.apc.unique_mart_product_risk_scores_MATERIAL_NUMBER.caa9cccea9
[0m17:04:18.029448 [info ] [Thread-4 (]: 121 of 135 SKIP test accepted_values_mart_product_risk_scores_RISK_LEVEL__HIGH__MEDIUM__LOW  [[33mSKIP[0m]
[0m17:04:18.030157 [debug] [Thread-8 (]: Marking all children of 'test.apc.not_null_mart_product_profitability_MATERIAL_NUMBER.5e713beffa' to be skipped because of status 'skipped'. 
[0m17:04:18.030835 [info ] [Thread-3 (]: 122 of 135 SKIP test not_null_mart_product_risk_scores_MATERIAL_NUMBER ......... [[33mSKIP[0m]
[0m17:04:18.031557 [info ] [Thread-5 (]: 123 of 135 SKIP test unique_mart_product_risk_scores_MATERIAL_NUMBER ........... [[33mSKIP[0m]
[0m17:04:18.032310 [debug] [Thread-4 (]: Finished running node test.apc.accepted_values_mart_product_risk_scores_RISK_LEVEL__HIGH__MEDIUM__LOW.45e743858b
[0m17:04:18.032969 [debug] [Thread-8 (]: Marking all children of 'test.apc.not_null_mart_product_profitability_REVENUE.d405616edb' to be skipped because of status 'skipped'. 
[0m17:04:18.033661 [debug] [Thread-3 (]: Finished running node test.apc.not_null_mart_product_risk_scores_MATERIAL_NUMBER.ec1b33c667
[0m17:04:18.034300 [debug] [Thread-5 (]: Finished running node test.apc.unique_mart_product_risk_scores_MATERIAL_NUMBER.caa9cccea9
[0m17:04:18.035256 [debug] [Thread-4 (]: Began running node test.apc.accepted_values_mart_sales_forecast_DATA_TYPE__actual__forecast.3887f1a860
[0m17:04:18.035936 [debug] [Thread-8 (]: Marking all children of 'test.apc.accepted_values_mart_product_risk_scores_RISK_LEVEL__HIGH__MEDIUM__LOW.45e743858b' to be skipped because of status 'skipped'. 
[0m17:04:18.036844 [debug] [Thread-3 (]: Began running node test.apc.not_null_mart_sales_forecast_MATERIAL_NUMBER.e8daaea235
[0m17:04:18.037745 [debug] [Thread-5 (]: Began running node test.apc.accepted_values_mart_variance_trend_with_forecast_DATA_TYPE__actual__forecast.42850f61e1
[0m17:04:18.038466 [info ] [Thread-4 (]: 124 of 135 SKIP test accepted_values_mart_sales_forecast_DATA_TYPE__actual__forecast  [[33mSKIP[0m]
[0m17:04:18.039164 [debug] [Thread-8 (]: Marking all children of 'test.apc.not_null_mart_product_risk_scores_MATERIAL_NUMBER.ec1b33c667' to be skipped because of status 'skipped'. 
[0m17:04:18.039837 [info ] [Thread-3 (]: 125 of 135 SKIP test not_null_mart_sales_forecast_MATERIAL_NUMBER .............. [[33mSKIP[0m]
[0m17:04:18.040537 [info ] [Thread-5 (]: 126 of 135 SKIP test accepted_values_mart_variance_trend_with_forecast_DATA_TYPE__actual__forecast  [[33mSKIP[0m]
[0m17:04:18.041254 [debug] [Thread-4 (]: Finished running node test.apc.accepted_values_mart_sales_forecast_DATA_TYPE__actual__forecast.3887f1a860
[0m17:04:18.041926 [debug] [Thread-8 (]: Marking all children of 'test.apc.unique_mart_product_risk_scores_MATERIAL_NUMBER.caa9cccea9' to be skipped because of status 'skipped'. 
[0m17:04:18.042572 [debug] [Thread-3 (]: Finished running node test.apc.not_null_mart_sales_forecast_MATERIAL_NUMBER.e8daaea235
[0m17:04:18.043271 [debug] [Thread-5 (]: Finished running node test.apc.accepted_values_mart_variance_trend_with_forecast_DATA_TYPE__actual__forecast.42850f61e1
[0m17:04:18.044216 [debug] [Thread-4 (]: Began running node model.apc.mart_value_chain_pnl
[0m17:04:18.044814 [debug] [Thread-8 (]: Marking all children of 'test.apc.accepted_values_mart_sales_forecast_DATA_TYPE__actual__forecast.3887f1a860' to be skipped because of status 'skipped'. 
[0m17:04:18.045996 [info ] [Thread-4 (]: 127 of 135 SKIP relation DBT_ANALYTICS.mart_value_chain_pnl .................... [[33mSKIP[0m]
[0m17:04:18.046680 [debug] [Thread-8 (]: Marking all children of 'test.apc.not_null_mart_sales_forecast_MATERIAL_NUMBER.e8daaea235' to be skipped because of status 'skipped'. 
[0m17:04:18.047296 [debug] [Thread-4 (]: Finished running node model.apc.mart_value_chain_pnl
[0m17:04:18.047889 [debug] [Thread-8 (]: Marking all children of 'test.apc.accepted_values_mart_variance_trend_with_forecast_DATA_TYPE__actual__forecast.42850f61e1' to be skipped because of status 'skipped'. 
[0m17:04:18.048866 [debug] [Thread-8 (]: Marking all children of 'model.apc.mart_value_chain_pnl' to be skipped because of status 'skipped'. 
[0m17:04:18.049753 [debug] [Thread-3 (]: Began running node test.apc.not_null_mart_value_chain_pnl_chain_step.3f4f5ec0a8
[0m17:04:18.050389 [debug] [Thread-5 (]: Began running node test.apc.not_null_mart_value_chain_pnl_material_number.523f09221b
[0m17:04:18.051028 [info ] [Thread-3 (]: 128 of 135 SKIP test not_null_mart_value_chain_pnl_chain_step .................. [[33mSKIP[0m]
[0m17:04:18.051678 [info ] [Thread-5 (]: 129 of 135 SKIP test not_null_mart_value_chain_pnl_material_number ............. [[33mSKIP[0m]
[0m17:04:18.052337 [debug] [Thread-3 (]: Finished running node test.apc.not_null_mart_value_chain_pnl_chain_step.3f4f5ec0a8
[0m17:04:18.052977 [debug] [Thread-5 (]: Finished running node test.apc.not_null_mart_value_chain_pnl_material_number.523f09221b
[0m17:04:18.053884 [debug] [Thread-8 (]: Marking all children of 'test.apc.not_null_mart_value_chain_pnl_chain_step.3f4f5ec0a8' to be skipped because of status 'skipped'. 
[0m17:04:18.054782 [debug] [Thread-8 (]: Marking all children of 'test.apc.not_null_mart_value_chain_pnl_material_number.523f09221b' to be skipped because of status 'skipped'. 
[0m17:04:19.446278 [debug] [Thread-2 (]: SQL status: SUCCESS 1 in 7.568 seconds
[0m17:04:19.449387 [info ] [Thread-2 (]: 98 of 135 OK created sql dynamic_table model DBT_ANALYTICS.mart_bom_cost_buildup  [[32mSUCCESS 1[0m in 7.60s]
[0m17:04:19.450279 [debug] [Thread-2 (]: Finished running node model.apc.mart_bom_cost_buildup
[0m17:04:19.451970 [debug] [Thread-4 (]: Began running node test.apc.not_null_mart_bom_cost_buildup_bom_total_cost_usd.0613810c83
[0m17:04:19.452728 [debug] [Thread-3 (]: Began running node test.apc.not_null_mart_bom_cost_buildup_material_number.7eb6ec81f6
[0m17:04:19.453552 [info ] [Thread-4 (]: 130 of 135 START test not_null_mart_bom_cost_buildup_bom_total_cost_usd ........ [RUN]
[0m17:04:19.454248 [info ] [Thread-3 (]: 131 of 135 START test not_null_mart_bom_cost_buildup_material_number ........... [RUN]
[0m17:04:19.455045 [debug] [Thread-4 (]: Re-using an available connection from the pool (formerly test.apc.not_null_mart_product_cost_cost_variance_pct.8564ce539b, now test.apc.not_null_mart_bom_cost_buildup_bom_total_cost_usd.0613810c83)
[0m17:04:19.455749 [debug] [Thread-3 (]: Re-using an available connection from the pool (formerly test.apc.not_null_mart_product_cost_standard_cost_per_unit.96b812691c, now test.apc.not_null_mart_bom_cost_buildup_material_number.7eb6ec81f6)
[0m17:04:19.456408 [debug] [Thread-4 (]: Began compiling node test.apc.not_null_mart_bom_cost_buildup_bom_total_cost_usd.0613810c83
[0m17:04:19.457052 [debug] [Thread-3 (]: Began compiling node test.apc.not_null_mart_bom_cost_buildup_material_number.7eb6ec81f6
[0m17:04:19.468477 [debug] [Thread-4 (]: Writing injected SQL for node "test.apc.not_null_mart_bom_cost_buildup_bom_total_cost_usd.0613810c83"
[0m17:04:19.477905 [debug] [Thread-3 (]: Writing injected SQL for node "test.apc.not_null_mart_bom_cost_buildup_material_number.7eb6ec81f6"
[0m17:04:19.479060 [debug] [Thread-4 (]: Began executing node test.apc.not_null_mart_bom_cost_buildup_bom_total_cost_usd.0613810c83
[0m17:04:19.482836 [debug] [Thread-3 (]: Began executing node test.apc.not_null_mart_bom_cost_buildup_material_number.7eb6ec81f6
[0m17:04:19.490814 [debug] [Thread-4 (]: Writing runtime sql for node "test.apc.not_null_mart_bom_cost_buildup_bom_total_cost_usd.0613810c83"
[0m17:04:19.499779 [debug] [Thread-3 (]: Writing runtime sql for node "test.apc.not_null_mart_bom_cost_buildup_material_number.7eb6ec81f6"
[0m17:04:19.501423 [debug] [Thread-4 (]: Using snowflake connection "test.apc.not_null_mart_bom_cost_buildup_bom_total_cost_usd.0613810c83"
[0m17:04:19.502310 [debug] [Thread-4 (]: On test.apc.not_null_mart_bom_cost_buildup_bom_total_cost_usd.0613810c83: /* {"app": "dbt", "dbt_version": "1.9.4", "profile_name": "default", "target_name": "dev", "node_id": "test.apc.not_null_mart_bom_cost_buildup_bom_total_cost_usd.0613810c83"} */
select
      count(*) as failures,
      count(*) != 0 as should_warn,
      count(*) != 0 as should_error
    from (
      
    
    



select bom_total_cost_usd
from APC_DEPLOY_DB.DBT_ANALYTICS.mart_bom_cost_buildup
where bom_total_cost_usd is null



      
    ) dbt_internal_test
[0m17:04:19.503372 [debug] [Thread-3 (]: Using snowflake connection "test.apc.not_null_mart_bom_cost_buildup_material_number.7eb6ec81f6"
[0m17:04:19.504039 [debug] [Thread-4 (]: Opening a new connection, currently in state init
[0m17:04:19.504747 [debug] [Thread-3 (]: On test.apc.not_null_mart_bom_cost_buildup_material_number.7eb6ec81f6: /* {"app": "dbt", "dbt_version": "1.9.4", "profile_name": "default", "target_name": "dev", "node_id": "test.apc.not_null_mart_bom_cost_buildup_material_number.7eb6ec81f6"} */
select
      count(*) as failures,
      count(*) != 0 as should_warn,
      count(*) != 0 as should_error
    from (
      
    
    



select material_number
from APC_DEPLOY_DB.DBT_ANALYTICS.mart_bom_cost_buildup
where material_number is null



      
    ) dbt_internal_test
[0m17:04:19.505610 [debug] [Thread-3 (]: Opening a new connection, currently in state init
[0m17:04:20.475041 [debug] [Thread-4 (]: SQL status: SUCCESS 1 in 0.971 seconds
[0m17:04:20.477876 [info ] [Thread-4 (]: 130 of 135 PASS not_null_mart_bom_cost_buildup_bom_total_cost_usd .............. [[32mPASS[0m in 1.02s]
[0m17:04:20.478862 [debug] [Thread-4 (]: Finished running node test.apc.not_null_mart_bom_cost_buildup_bom_total_cost_usd.0613810c83
[0m17:04:20.510387 [debug] [Thread-3 (]: SQL status: SUCCESS 1 in 1.005 seconds
[0m17:04:20.513205 [info ] [Thread-3 (]: 131 of 135 PASS not_null_mart_bom_cost_buildup_material_number ................. [[32mPASS[0m in 1.06s]
[0m17:04:20.514172 [debug] [Thread-3 (]: Finished running node test.apc.not_null_mart_bom_cost_buildup_material_number.7eb6ec81f6
[0m17:04:20.515680 [debug] [Thread-2 (]: Began running node model.apc.mart_fmc_vs_bom
[0m17:04:20.516681 [info ] [Thread-2 (]: 132 of 135 SKIP relation DBT_ANALYTICS.mart_fmc_vs_bom ......................... [[33mSKIP[0m]
[0m17:04:20.517451 [debug] [Thread-2 (]: Finished running node model.apc.mart_fmc_vs_bom
[0m17:04:20.518425 [debug] [Thread-8 (]: Marking all children of 'model.apc.mart_fmc_vs_bom' to be skipped because of status 'skipped'. 
[0m17:04:20.522854 [debug] [Thread-4 (]: Began running node test.apc.accepted_values_mart_fmc_vs_bom_reconciliation_status__RECONCILED__MEDIUM_VARIANCE__HIGH_VARIANCE__MISSING_BOM__MISSING_FMC.7237a168dc
[0m17:04:20.523777 [debug] [Thread-3 (]: Began running node test.apc.not_null_mart_fmc_vs_bom_material_number.5d0f2deda8
[0m17:04:20.524659 [debug] [Thread-5 (]: Began running node test.apc.reconcile_bom_vs_fmc
[0m17:04:20.525493 [info ] [Thread-4 (]: 133 of 135 SKIP test accepted_values_mart_fmc_vs_bom_reconciliation_status__RECONCILED__MEDIUM_VARIANCE__HIGH_VARIANCE__MISSING_BOM__MISSING_FMC  [[33mSKIP[0m]
[0m17:04:20.526317 [info ] [Thread-3 (]: 134 of 135 SKIP test not_null_mart_fmc_vs_bom_material_number .................. [[33mSKIP[0m]
[0m17:04:20.527083 [info ] [Thread-5 (]: 135 of 135 SKIP test reconcile_bom_vs_fmc ...................................... [[33mSKIP[0m]
[0m17:04:20.527860 [debug] [Thread-4 (]: Finished running node test.apc.accepted_values_mart_fmc_vs_bom_reconciliation_status__RECONCILED__MEDIUM_VARIANCE__HIGH_VARIANCE__MISSING_BOM__MISSING_FMC.7237a168dc
[0m17:04:20.528663 [debug] [Thread-3 (]: Finished running node test.apc.not_null_mart_fmc_vs_bom_material_number.5d0f2deda8
[0m17:04:20.529385 [debug] [Thread-5 (]: Finished running node test.apc.reconcile_bom_vs_fmc
[0m17:04:20.530433 [debug] [Thread-8 (]: Marking all children of 'test.apc.accepted_values_mart_fmc_vs_bom_reconciliation_status__RECONCILED__MEDIUM_VARIANCE__HIGH_VARIANCE__MISSING_BOM__MISSING_FMC.7237a168dc' to be skipped because of status 'skipped'. 
[0m17:04:20.531688 [debug] [Thread-8 (]: Marking all children of 'test.apc.not_null_mart_fmc_vs_bom_material_number.5d0f2deda8' to be skipped because of status 'skipped'. 
[0m17:04:20.532362 [debug] [Thread-8 (]: Marking all children of 'test.apc.reconcile_bom_vs_fmc' to be skipped because of status 'skipped'. 
[0m17:04:20.535903 [debug] [Dummy-1   ]: Connection 'master' was properly closed.
[0m17:04:20.536833 [debug] [Dummy-1   ]: Connection 'test.apc.not_null_mart_bom_cost_buildup_material_number.7eb6ec81f6' was properly closed.
[0m17:04:20.537419 [debug] [Dummy-1   ]: Connection 'model.apc.mart_bom_cost_buildup' was properly closed.
[0m17:04:20.537995 [debug] [Dummy-1   ]: Connection 'test.apc.not_null_mart_bom_cost_buildup_bom_total_cost_usd.0613810c83' was properly closed.
[0m17:04:20.538624 [debug] [Dummy-1   ]: Connection 'test.apc.relationships_mart_product_cost_material_number__material_number__ref_stg_material_master_.94f44ada59' was properly closed.
[0m17:04:20.539496 [info ] [Dummy-1   ]: 
[0m17:04:20.540083 [info ] [Dummy-1   ]: Finished running 40 dynamic table models, 6 seeds, 89 data tests in 0 hours 1 minutes and 11.07 seconds (71.07s).
[0m17:04:20.553030 [debug] [Dummy-1   ]: Command end result
[0m17:04:20.603973 [debug] [Dummy-1   ]: Wrote artifact WritableManifest to /tmp/dbt/target/manifest.json
[0m17:04:20.606500 [debug] [Dummy-1   ]: Wrote artifact SemanticManifest to /tmp/dbt/target/semantic_manifest.json
[0m17:04:20.618340 [debug] [Dummy-1   ]: Wrote artifact RunExecutionResult to /tmp/dbt/target/run_results.json
[0m17:04:20.619154 [info ] [Dummy-1   ]: 
[0m17:04:20.619884 [info ] [Dummy-1   ]: [31mCompleted with 4 errors, 0 partial successes, and 0 warnings:[0m
[0m17:04:20.620476 [info ] [Dummy-1   ]: 
[0m17:04:20.621119 [error] [Dummy-1   ]:   Database Error in test validate_bom_readiness (tests/validate_bom_readiness.sql)
  001003 (42000): SQL compilation error:
  syntax error line 160 at position 33 unexpected ';'.
  compiled code at /tmp/dbt/target/run/apc/tests/validate_bom_readiness.sql
[0m17:04:20.621674 [info ] [Dummy-1   ]: 
[0m17:04:20.622310 [error] [Dummy-1   ]: [31mFailure in test assert_rate_stability (tests/assert_rate_stability.sql)[0m
[0m17:04:20.622877 [error] [Dummy-1   ]:   Got 2 results, configured to fail if != 0
[0m17:04:20.623387 [info ] [Dummy-1   ]: 
[0m17:04:20.623972 [info ] [Dummy-1   ]:   compiled code at /tmp/dbt/target/compiled/apc/tests/assert_rate_stability.sql
[0m17:04:20.624493 [info ] [Dummy-1   ]: 
[0m17:04:20.625063 [error] [Dummy-1   ]: [31mFailure in test reconcile_apo_vs_billing (tests/reconcile_apo_vs_billing.sql)[0m
[0m17:04:20.625641 [error] [Dummy-1   ]:   Got 75 results, configured to fail if != 0
[0m17:04:20.626153 [info ] [Dummy-1   ]: 
[0m17:04:20.626701 [info ] [Dummy-1   ]:   compiled code at /tmp/dbt/target/compiled/apc/tests/reconcile_apo_vs_billing.sql
[0m17:04:20.627216 [info ] [Dummy-1   ]: 
[0m17:04:20.627791 [error] [Dummy-1   ]: [31mFailure in test assert_product_cost_reconciles (tests/assert_product_cost_reconciles.sql)[0m
[0m17:04:20.628446 [error] [Dummy-1   ]:   Got 540 results, configured to fail if != 0
[0m17:04:20.628999 [info ] [Dummy-1   ]: 
[0m17:04:20.629589 [info ] [Dummy-1   ]:   compiled code at /tmp/dbt/target/compiled/apc/tests/assert_product_cost_reconciles.sql
[0m17:04:20.630339 [info ] [Dummy-1   ]: 
[0m17:04:20.630960 [info ] [Dummy-1   ]: Done. PASS=97 WARN=0 ERROR=4 SKIP=34 TOTAL=135
[0m17:04:20.633187 [debug] [Dummy-1   ]: Resource report: {"command_name": "build", "command_success": false, "command_wall_clock_time": 72.20723, "process_in_blocks": "0", "process_kernel_time": 1.28, "process_mem_max_rss": "483212", "process_out_blocks": "0", "process_user_time": 10.53}
[0m17:04:20.633949 [debug] [Dummy-1   ]: Command `cli build` failed at 17:04:20.633580 after 72.21 seconds
[0m17:04:20.634618 [debug] [Dummy-1   ]: Flushing usage events


============================== 17:05:35.390562 | 92d20d88-53c9-4c2e-a44c-8dbc55d80984 ==============================
[0m17:05:35.390562 [info ] [Dummy-1   ]: Running with dbt=1.9.4
[0m17:05:35.391517 [debug] [Dummy-1   ]: running dbt with arguments {'printer_width': '80', 'indirect_selection': 'eager', 'write_json': 'True', 'log_cache_events': 'False', 'partial_parse': 'True', 'cache_selected_only': 'False', 'profiles_dir': '/tmp/dbt/', 'debug': 'False', 'version_check': 'True', 'log_path': '/tmp/dbt/logs', 'fail_fast': 'False', 'warn_error': 'None', 'use_colors': 'True', 'use_experimental_parser': 'False', 'empty': 'None', 'quiet': 'False', 'no_print': 'None', 'log_format': 'default', 'introspect': 'True', 'invocation_command': 'dbt ', 'warn_error_options': 'WarnErrorOptions(include=[], exclude=[])', 'target_path': '/tmp/dbt/target/', 'static_parser': 'True', 'send_anonymous_usage_stats': 'False'}
[0m17:05:35.671356 [info ] [Dummy-1   ]: Registered adapter: snowflake=1.9.2
[0m17:05:35.712950 [debug] [Dummy-1   ]: checksum: 53ed91fada2233efb98368d1716b44ab532c83a9c293cf1890b7905d5b45fb25, vars: {}, profile: , target: dev, version: 1.9.4
[0m17:05:36.047806 [debug] [Dummy-1   ]: Partial parsing enabled: 0 files deleted, 0 files added, 0 files changed.
[0m17:05:36.048603 [debug] [Dummy-1   ]: Partial parsing enabled, no changes found, skipping parsing
[0m17:05:36.261271 [debug] [Dummy-1   ]: Wrote artifact WritableManifest to /tmp/dbt/target/manifest.json
[0m17:05:36.263577 [debug] [Dummy-1   ]: Wrote artifact SemanticManifest to /tmp/dbt/target/semantic_manifest.json
[0m17:05:36.328690 [info ] [Dummy-1   ]: Found 40 models, 89 data tests, 6 seeds, 15 sources, 474 macros
[0m17:05:36.334841 [info ] [Dummy-1   ]: 
[0m17:05:36.335451 [info ] [Dummy-1   ]: Concurrency: 4 threads (target='dev')
[0m17:05:36.335992 [info ] [Dummy-1   ]: 
[0m17:05:36.336821 [debug] [Dummy-1   ]: Acquiring new snowflake connection 'master'
[0m17:05:36.345377 [debug] [ThreadPool]: Acquiring new snowflake connection 'list_APC_DEPLOY_DB_DBT_ANALYTICS_DBT_ANALYTICS'
[0m17:05:36.346680 [debug] [ThreadPool]: Acquiring new snowflake connection 'list_APC_DEPLOY_DB_DBT_ANALYTICS'
[0m17:05:36.444275 [debug] [ThreadPool]: Using snowflake connection "list_APC_DEPLOY_DB_DBT_ANALYTICS_DBT_ANALYTICS"
[0m17:05:36.445098 [debug] [ThreadPool]: Using snowflake connection "list_APC_DEPLOY_DB_DBT_ANALYTICS"
[0m17:05:36.445914 [debug] [ThreadPool]: On list_APC_DEPLOY_DB_DBT_ANALYTICS_DBT_ANALYTICS: /* {"app": "dbt", "dbt_version": "1.9.4", "profile_name": "default", "target_name": "dev", "connection_name": "list_APC_DEPLOY_DB_DBT_ANALYTICS_DBT_ANALYTICS"} */
alter session set quoted_identifiers_ignore_case = false;
[0m17:05:36.446547 [debug] [ThreadPool]: On list_APC_DEPLOY_DB_DBT_ANALYTICS: /* {"app": "dbt", "dbt_version": "1.9.4", "profile_name": "default", "target_name": "dev", "connection_name": "list_APC_DEPLOY_DB_DBT_ANALYTICS"} */
alter session set quoted_identifiers_ignore_case = false;
[0m17:05:36.447101 [debug] [ThreadPool]: Opening a new connection, currently in state init
[0m17:05:36.447662 [debug] [ThreadPool]: Opening a new connection, currently in state init
[0m17:05:37.545863 [debug] [ThreadPool]: SQL status: SUCCESS 1 in 1.098 seconds
[0m17:05:37.550654 [debug] [ThreadPool]: Using snowflake connection "list_APC_DEPLOY_DB_DBT_ANALYTICS"
[0m17:05:37.551810 [debug] [ThreadPool]: SQL status: SUCCESS 1 in 1.105 seconds
[0m17:05:37.552424 [debug] [ThreadPool]: On list_APC_DEPLOY_DB_DBT_ANALYTICS: /* {"app": "dbt", "dbt_version": "1.9.4", "profile_name": "default", "target_name": "dev", "connection_name": "list_APC_DEPLOY_DB_DBT_ANALYTICS"} */
show objects in APC_DEPLOY_DB.DBT_ANALYTICS
    limit 10000
    
;
[0m17:05:37.554464 [debug] [ThreadPool]: Using snowflake connection "list_APC_DEPLOY_DB_DBT_ANALYTICS_DBT_ANALYTICS"
[0m17:05:37.556113 [debug] [ThreadPool]: On list_APC_DEPLOY_DB_DBT_ANALYTICS_DBT_ANALYTICS: /* {"app": "dbt", "dbt_version": "1.9.4", "profile_name": "default", "target_name": "dev", "connection_name": "list_APC_DEPLOY_DB_DBT_ANALYTICS_DBT_ANALYTICS"} */
show objects in APC_DEPLOY_DB.DBT_ANALYTICS_DBT_ANALYTICS
    limit 10000
    
;
[0m17:05:37.731759 [debug] [ThreadPool]: SQL status: SUCCESS 6 in 0.175 seconds
[0m17:05:37.734241 [debug] [ThreadPool]: Using snowflake connection "list_APC_DEPLOY_DB_DBT_ANALYTICS_DBT_ANALYTICS"
[0m17:05:37.734840 [debug] [ThreadPool]: On list_APC_DEPLOY_DB_DBT_ANALYTICS_DBT_ANALYTICS: /* {"app": "dbt", "dbt_version": "1.9.4", "profile_name": "default", "target_name": "dev", "connection_name": "list_APC_DEPLOY_DB_DBT_ANALYTICS_DBT_ANALYTICS"} */
alter session unset quoted_identifiers_ignore_case;
[0m17:05:37.772576 [debug] [ThreadPool]: SQL status: SUCCESS 34 in 0.217 seconds
[0m17:05:37.775550 [debug] [ThreadPool]: Using snowflake connection "list_APC_DEPLOY_DB_DBT_ANALYTICS"
[0m17:05:37.776166 [debug] [ThreadPool]: On list_APC_DEPLOY_DB_DBT_ANALYTICS: /* {"app": "dbt", "dbt_version": "1.9.4", "profile_name": "default", "target_name": "dev", "connection_name": "list_APC_DEPLOY_DB_DBT_ANALYTICS"} */
alter session unset quoted_identifiers_ignore_case;
[0m17:05:37.906985 [debug] [ThreadPool]: SQL status: SUCCESS 1 in 0.171 seconds
[0m17:05:37.920205 [debug] [ThreadPool]: SQL status: SUCCESS 1 in 0.143 seconds
[0m17:05:37.944274 [debug] [Thread-2 (]: Began running node test.apc.assert_bom_completeness
[0m17:05:37.945034 [debug] [Thread-3 (]: Began running node test.apc.assert_rate_stability
[0m17:05:37.946776 [debug] [Thread-4 (]: Began running node test.apc.assert_value_chain_complete
[0m17:05:37.947610 [debug] [Thread-5 (]: Began running node test.apc.reconcile_apo_vs_billing
[0m17:05:37.948348 [info ] [Thread-2 (]: 1 of 5 START test assert_bom_completeness ...................................... [RUN]
[0m17:05:37.949093 [info ] [Thread-3 (]: 2 of 5 START test assert_rate_stability ........................................ [RUN]
[0m17:05:37.949809 [info ] [Thread-4 (]: 3 of 5 START test assert_value_chain_complete .................................. [RUN]
[0m17:05:37.950477 [info ] [Thread-5 (]: 4 of 5 START test reconcile_apo_vs_billing ..................................... [RUN]
[0m17:05:37.951282 [debug] [Thread-2 (]: Re-using an available connection from the pool (formerly list_APC_DEPLOY_DB_DBT_ANALYTICS_DBT_ANALYTICS, now test.apc.assert_bom_completeness)
[0m17:05:37.951975 [debug] [Thread-3 (]: Re-using an available connection from the pool (formerly list_APC_DEPLOY_DB_DBT_ANALYTICS, now test.apc.assert_rate_stability)
[0m17:05:37.952781 [debug] [Thread-4 (]: Acquiring new snowflake connection 'test.apc.assert_value_chain_complete'
[0m17:05:37.953522 [debug] [Thread-5 (]: Acquiring new snowflake connection 'test.apc.reconcile_apo_vs_billing'
[0m17:05:37.954155 [debug] [Thread-2 (]: Began compiling node test.apc.assert_bom_completeness
[0m17:05:37.954817 [debug] [Thread-3 (]: Began compiling node test.apc.assert_rate_stability
[0m17:05:37.955438 [debug] [Thread-4 (]: Began compiling node test.apc.assert_value_chain_complete
[0m17:05:37.956008 [debug] [Thread-5 (]: Began compiling node test.apc.reconcile_apo_vs_billing
[0m17:05:37.969086 [debug] [Thread-2 (]: Writing injected SQL for node "test.apc.assert_bom_completeness"
[0m17:05:37.977039 [debug] [Thread-3 (]: Writing injected SQL for node "test.apc.assert_rate_stability"
[0m17:05:37.986298 [debug] [Thread-4 (]: Writing injected SQL for node "test.apc.assert_value_chain_complete"
[0m17:05:37.994105 [debug] [Thread-5 (]: Writing injected SQL for node "test.apc.reconcile_apo_vs_billing"
[0m17:05:37.995214 [debug] [Thread-2 (]: Began executing node test.apc.assert_bom_completeness
[0m17:05:37.996177 [debug] [Thread-3 (]: Began executing node test.apc.assert_rate_stability
[0m17:05:38.000632 [debug] [Thread-4 (]: Began executing node test.apc.assert_value_chain_complete
[0m17:05:38.024092 [debug] [Thread-5 (]: Began executing node test.apc.reconcile_apo_vs_billing
[0m17:05:38.035642 [debug] [Thread-2 (]: Writing runtime sql for node "test.apc.assert_bom_completeness"
[0m17:05:38.038221 [debug] [Thread-3 (]: Writing runtime sql for node "test.apc.assert_rate_stability"
[0m17:05:38.046338 [debug] [Thread-4 (]: Writing runtime sql for node "test.apc.assert_value_chain_complete"
[0m17:05:38.122674 [debug] [Thread-5 (]: Writing runtime sql for node "test.apc.reconcile_apo_vs_billing"
[0m17:05:38.124552 [debug] [Thread-2 (]: Using snowflake connection "test.apc.assert_bom_completeness"
[0m17:05:38.126173 [debug] [Thread-3 (]: Using snowflake connection "test.apc.assert_rate_stability"
[0m17:05:38.127903 [debug] [Thread-4 (]: Using snowflake connection "test.apc.assert_value_chain_complete"
[0m17:05:38.128678 [debug] [Thread-2 (]: On test.apc.assert_bom_completeness: /* {"app": "dbt", "dbt_version": "1.9.4", "profile_name": "default", "target_name": "dev", "node_id": "test.apc.assert_bom_completeness"} */
select
      count(*) as failures,
      count(*) != 0 as should_warn,
      count(*) != 0 as should_error
    from (
      -- Test: every FERT (finished product) should have at least one BOM component.
-- Co-authored with CoCo

select
    mm.material_number,
    mm.material_description
from APC_DEPLOY_DB.DBT_ANALYTICS.stg_material_master mm
left join APC_DEPLOY_DB.DBT_ANALYTICS.int_bom_explosion bom
    on mm.material_number = bom.root_material
where mm.material_type_code = 'FERT'
  and bom.root_material is null
      
    ) dbt_internal_test
[0m17:05:38.129993 [debug] [Thread-5 (]: Using snowflake connection "test.apc.reconcile_apo_vs_billing"
[0m17:05:38.130692 [debug] [Thread-3 (]: On test.apc.assert_rate_stability: /* {"app": "dbt", "dbt_version": "1.9.4", "profile_name": "default", "target_name": "dev", "node_id": "test.apc.assert_rate_stability"} */
select
      count(*) as failures,
      count(*) != 0 as should_warn,
      count(*) != 0 as should_error
    from (
      -- Test: activity rates should not shift more than 15% year-over-year.
-- Co-authored with CoCo

select
    cost_centre,
    activity_type,
    plant_code,
    fiscal_year,
    current_rate,
    prior_rate,
    rate_change_pct,
    stability_status
from APC_DEPLOY_DB.DBT_ANALYTICS.int_activity_rate_validation
where stability_status = 'UNSTABLE'
      
    ) dbt_internal_test
[0m17:05:38.131446 [debug] [Thread-4 (]: On test.apc.assert_value_chain_complete: /* {"app": "dbt", "dbt_version": "1.9.4", "profile_name": "default", "target_name": "dev", "node_id": "test.apc.assert_value_chain_complete"} */
select
      count(*) as failures,
      count(*) != 0 as should_warn,
      count(*) != 0 as should_error
    from (
      -- Test: every product with a value chain should have no missing steps (gaps in chain_step sequence).
-- Co-authored with CoCo

with chain_products as (
    select
        material_number,
        min(chain_step) as min_step,
        max(chain_step) as max_step,
        count(distinct chain_step) as actual_steps
    from APC_DEPLOY_DB.DBT_ANALYTICS.stg_value_chain
    group by material_number
)
select
    material_number,
    min_step,
    max_step,
    actual_steps,
    (max_step - min_step + 1) as expected_steps
from chain_products
where actual_steps < (max_step - min_step + 1)
      
    ) dbt_internal_test
[0m17:05:38.132126 [debug] [Thread-2 (]: Opening a new connection, currently in state init
[0m17:05:38.132788 [debug] [Thread-5 (]: On test.apc.reconcile_apo_vs_billing: /* {"app": "dbt", "dbt_version": "1.9.4", "profile_name": "default", "target_name": "dev", "node_id": "test.apc.reconcile_apo_vs_billing"} */
select
      count(*) as failures,
      count(*) != 0 as should_warn,
      count(*) != 0 as should_error
    from (
      -- Test: APO planned volume should not deviate more than 20% from actual billing.
-- Co-authored with CoCo

select
    material_number,
    plant_code,
    fiscal_year,
    period,
    planned_production_qty,
    actual_billed_qty,
    plan_accuracy_pct,
    alignment_status
from APC_DEPLOY_DB.DBT_ANALYTICS.int_volume_reconciliation
where alignment_status = 'HIGH_DEVIATION'
      
    ) dbt_internal_test
[0m17:05:38.133400 [debug] [Thread-3 (]: Opening a new connection, currently in state init
[0m17:05:38.134059 [debug] [Thread-4 (]: Opening a new connection, currently in state init
[0m17:05:38.134829 [debug] [Thread-5 (]: Opening a new connection, currently in state init
[0m17:05:39.136111 [debug] [Thread-3 (]: SQL status: SUCCESS 1 in 1.002 seconds
[0m17:05:39.145787 [error] [Thread-3 (]: 2 of 5 FAIL 2 assert_rate_stability ............................................ [[31mFAIL 2[0m in 1.19s]
[0m17:05:39.146746 [debug] [Thread-3 (]: Finished running node test.apc.assert_rate_stability
[0m17:05:39.147849 [debug] [Thread-3 (]: Began running node test.apc.reconcile_bom_vs_fmc
[0m17:05:39.148751 [info ] [Thread-3 (]: 5 of 5 START test reconcile_bom_vs_fmc ......................................... [RUN]
[0m17:05:39.149524 [debug] [Thread-3 (]: Re-using an available connection from the pool (formerly test.apc.assert_rate_stability, now test.apc.reconcile_bom_vs_fmc)
[0m17:05:39.150270 [debug] [Thread-3 (]: Began compiling node test.apc.reconcile_bom_vs_fmc
[0m17:05:39.159806 [debug] [Thread-3 (]: Writing injected SQL for node "test.apc.reconcile_bom_vs_fmc"
[0m17:05:39.160641 [debug] [Thread-3 (]: Began executing node test.apc.reconcile_bom_vs_fmc
[0m17:05:39.168053 [debug] [Thread-3 (]: Writing runtime sql for node "test.apc.reconcile_bom_vs_fmc"
[0m17:05:39.169435 [debug] [Thread-3 (]: Using snowflake connection "test.apc.reconcile_bom_vs_fmc"
[0m17:05:39.170088 [debug] [Thread-3 (]: On test.apc.reconcile_bom_vs_fmc: /* {"app": "dbt", "dbt_version": "1.9.4", "profile_name": "default", "target_name": "dev", "node_id": "test.apc.reconcile_bom_vs_fmc"} */
select
      count(*) as failures,
      count(*) != 0 as should_warn,
      count(*) != 0 as should_error
    from (
      -- Test: BOM roll-up cost should be within 10% of FMC standard cost.
-- Co-authored with CoCo

select
    material_number,
    plant_code,
    fmc_standard_cost_usd,
    fully_loaded_cost_usd,
    cost_variance_pct,
    reconciliation_status
from APC_DEPLOY_DB.DBT_ANALYTICS.mart_fmc_vs_bom
where reconciliation_status = 'HIGH_VARIANCE'
  and fmc_standard_cost_usd > 0
  and fully_loaded_cost_usd > 0
      
    ) dbt_internal_test
[0m17:05:39.170662 [debug] [Thread-3 (]: Opening a new connection, currently in state init
[0m17:05:39.228755 [debug] [Thread-4 (]: SQL status: SUCCESS 1 in 1.095 seconds
[0m17:05:39.231696 [info ] [Thread-4 (]: 3 of 5 PASS assert_value_chain_complete ........................................ [[32mPASS[0m in 1.28s]
[0m17:05:39.233036 [debug] [Thread-5 (]: SQL status: SUCCESS 1 in 1.098 seconds
[0m17:05:39.234143 [debug] [Thread-4 (]: Finished running node test.apc.assert_value_chain_complete
[0m17:05:39.236861 [error] [Thread-5 (]: 4 of 5 FAIL 75 reconcile_apo_vs_billing ........................................ [[31mFAIL 75[0m in 1.28s]
[0m17:05:39.238424 [debug] [Thread-5 (]: Finished running node test.apc.reconcile_apo_vs_billing
[0m17:05:39.433823 [debug] [Thread-2 (]: SQL status: SUCCESS 1 in 1.302 seconds
[0m17:05:39.437081 [info ] [Thread-2 (]: 1 of 5 PASS assert_bom_completeness ............................................ [[32mPASS[0m in 1.49s]
[0m17:05:39.437978 [debug] [Thread-2 (]: Finished running node test.apc.assert_bom_completeness
[0m17:05:40.546505 [debug] [Thread-3 (]: Snowflake adapter: Snowflake query id: 01c51ec5-0209-736c-003b-400709f53eda
[0m17:05:40.547217 [debug] [Thread-3 (]: Snowflake adapter: Snowflake error: 002003 (42S02): SQL compilation error:
Object 'APC_DEPLOY_DB.DBT_ANALYTICS.MART_FMC_VS_BOM' does not exist or not authorized.
[0m17:05:40.551486 [debug] [Thread-3 (]: Database Error in test reconcile_bom_vs_fmc (tests/reconcile_bom_vs_fmc.sql)
  002003 (42S02): SQL compilation error:
  Object 'APC_DEPLOY_DB.DBT_ANALYTICS.MART_FMC_VS_BOM' does not exist or not authorized.
  compiled code at /tmp/dbt/target/run/apc/tests/reconcile_bom_vs_fmc.sql
[0m17:05:40.552345 [error] [Thread-3 (]: 5 of 5 ERROR reconcile_bom_vs_fmc .............................................. [[31mERROR[0m in 1.40s]
[0m17:05:40.556341 [debug] [Thread-3 (]: Finished running node test.apc.reconcile_bom_vs_fmc
[0m17:05:40.557675 [debug] [Thread-8 (]: Marking all children of 'test.apc.reconcile_bom_vs_fmc' to be skipped because of status 'error'.  Reason: Database Error in test reconcile_bom_vs_fmc (tests/reconcile_bom_vs_fmc.sql)
  002003 (42S02): SQL compilation error:
  Object 'APC_DEPLOY_DB.DBT_ANALYTICS.MART_FMC_VS_BOM' does not exist or not authorized.
  compiled code at /tmp/dbt/target/run/apc/tests/reconcile_bom_vs_fmc.sql.
[0m17:05:40.561870 [debug] [Dummy-1   ]: Connection 'master' was properly closed.
[0m17:05:40.562857 [debug] [Dummy-1   ]: Connection 'test.apc.assert_bom_completeness' was properly closed.
[0m17:05:40.563421 [debug] [Dummy-1   ]: Connection 'test.apc.reconcile_bom_vs_fmc' was properly closed.
[0m17:05:40.563976 [debug] [Dummy-1   ]: Connection 'test.apc.assert_value_chain_complete' was properly closed.
[0m17:05:40.564495 [debug] [Dummy-1   ]: Connection 'test.apc.reconcile_apo_vs_billing' was properly closed.
[0m17:05:40.565116 [info ] [Dummy-1   ]: 
[0m17:05:40.565791 [info ] [Dummy-1   ]: Finished running 5 data tests in 0 hours 0 minutes and 4.23 seconds (4.23s).
[0m17:05:40.567181 [debug] [Dummy-1   ]: Command end result
[0m17:05:40.616839 [debug] [Dummy-1   ]: Wrote artifact WritableManifest to /tmp/dbt/target/manifest.json
[0m17:05:40.619293 [debug] [Dummy-1   ]: Wrote artifact SemanticManifest to /tmp/dbt/target/semantic_manifest.json
[0m17:05:40.626511 [debug] [Dummy-1   ]: Wrote artifact RunExecutionResult to /tmp/dbt/target/run_results.json
[0m17:05:40.627114 [info ] [Dummy-1   ]: 
[0m17:05:40.627806 [info ] [Dummy-1   ]: [31mCompleted with 3 errors, 0 partial successes, and 0 warnings:[0m
[0m17:05:40.628450 [info ] [Dummy-1   ]: 
[0m17:05:40.629067 [error] [Dummy-1   ]: [31mFailure in test assert_rate_stability (tests/assert_rate_stability.sql)[0m
[0m17:05:40.629668 [error] [Dummy-1   ]:   Got 2 results, configured to fail if != 0
[0m17:05:40.630176 [info ] [Dummy-1   ]: 
[0m17:05:40.630726 [info ] [Dummy-1   ]:   compiled code at /tmp/dbt/target/compiled/apc/tests/assert_rate_stability.sql
[0m17:05:40.631223 [info ] [Dummy-1   ]: 
[0m17:05:40.631790 [error] [Dummy-1   ]: [31mFailure in test reconcile_apo_vs_billing (tests/reconcile_apo_vs_billing.sql)[0m
[0m17:05:40.632348 [error] [Dummy-1   ]:   Got 75 results, configured to fail if != 0
[0m17:05:40.632826 [info ] [Dummy-1   ]: 
[0m17:05:40.633357 [info ] [Dummy-1   ]:   compiled code at /tmp/dbt/target/compiled/apc/tests/reconcile_apo_vs_billing.sql
[0m17:05:40.633875 [info ] [Dummy-1   ]: 
[0m17:05:40.634432 [error] [Dummy-1   ]:   Database Error in test reconcile_bom_vs_fmc (tests/reconcile_bom_vs_fmc.sql)
  002003 (42S02): SQL compilation error:
  Object 'APC_DEPLOY_DB.DBT_ANALYTICS.MART_FMC_VS_BOM' does not exist or not authorized.
  compiled code at /tmp/dbt/target/run/apc/tests/reconcile_bom_vs_fmc.sql
[0m17:05:40.634938 [info ] [Dummy-1   ]: 
[0m17:05:40.635504 [info ] [Dummy-1   ]: Done. PASS=2 WARN=0 ERROR=3 SKIP=0 TOTAL=5
[0m17:05:40.637359 [debug] [Dummy-1   ]: Resource report: {"command_name": "test", "command_success": false, "command_wall_clock_time": 5.320963, "process_in_blocks": "0", "process_kernel_time": 0.84, "process_mem_max_rss": "456116", "process_out_blocks": "0", "process_user_time": 4.53}
[0m17:05:40.638163 [debug] [Dummy-1   ]: Command `cli test` failed at 17:05:40.637743 after 5.32 seconds
[0m17:05:40.638813 [debug] [Dummy-1   ]: Flushing usage events


============================== 17:06:17.758497 | 6232f848-7911-49b0-9fde-25cf412f0f7a ==============================
[0m17:06:17.758497 [info ] [Dummy-1   ]: Running with dbt=1.9.4
[0m17:06:17.759506 [debug] [Dummy-1   ]: running dbt with arguments {'printer_width': '80', 'indirect_selection': 'eager', 'log_cache_events': 'False', 'write_json': 'True', 'partial_parse': 'True', 'cache_selected_only': 'False', 'profiles_dir': '/tmp/dbt/', 'fail_fast': 'False', 'debug': 'False', 'log_path': '/tmp/dbt/logs', 'version_check': 'True', 'warn_error': 'None', 'use_colors': 'True', 'use_experimental_parser': 'False', 'empty': 'False', 'quiet': 'False', 'no_print': 'None', 'warn_error_options': 'WarnErrorOptions(include=[], exclude=[])', 'introspect': 'True', 'static_parser': 'True', 'invocation_command': 'dbt ', 'target_path': '/tmp/dbt/target/', 'log_format': 'default', 'send_anonymous_usage_stats': 'False'}
[0m17:06:18.042495 [info ] [Dummy-1   ]: Registered adapter: snowflake=1.9.2
[0m17:06:18.084697 [debug] [Dummy-1   ]: checksum: 53ed91fada2233efb98368d1716b44ab532c83a9c293cf1890b7905d5b45fb25, vars: {}, profile: , target: dev, version: 1.9.4
[0m17:06:18.415849 [debug] [Dummy-1   ]: Partial parsing enabled: 0 files deleted, 0 files added, 0 files changed.
[0m17:06:18.416533 [debug] [Dummy-1   ]: Partial parsing enabled, no changes found, skipping parsing
[0m17:06:18.628243 [debug] [Dummy-1   ]: Wrote artifact WritableManifest to /tmp/dbt/target/manifest.json
[0m17:06:18.630723 [debug] [Dummy-1   ]: Wrote artifact SemanticManifest to /tmp/dbt/target/semantic_manifest.json
[0m17:06:18.681536 [info ] [Dummy-1   ]: Found 40 models, 89 data tests, 6 seeds, 15 sources, 474 macros
[0m17:06:18.688593 [info ] [Dummy-1   ]: 
[0m17:06:18.689288 [info ] [Dummy-1   ]: Concurrency: 4 threads (target='dev')
[0m17:06:18.689912 [info ] [Dummy-1   ]: 
[0m17:06:18.690795 [debug] [Dummy-1   ]: Acquiring new snowflake connection 'master'
[0m17:06:18.696796 [debug] [ThreadPool]: Acquiring new snowflake connection 'list_APC_DEPLOY_DB'
[0m17:06:18.782373 [debug] [ThreadPool]: Using snowflake connection "list_APC_DEPLOY_DB"
[0m17:06:18.783035 [debug] [ThreadPool]: On list_APC_DEPLOY_DB: /* {"app": "dbt", "dbt_version": "1.9.4", "profile_name": "default", "target_name": "dev", "connection_name": "list_APC_DEPLOY_DB"} */
show terse schemas in database APC_DEPLOY_DB
    limit 10000
[0m17:06:18.783583 [debug] [ThreadPool]: Opening a new connection, currently in state init
[0m17:06:19.987963 [debug] [ThreadPool]: SQL status: SUCCESS 9 in 1.204 seconds
[0m17:06:19.994253 [debug] [ThreadPool]: Re-using an available connection from the pool (formerly list_APC_DEPLOY_DB, now list_APC_DEPLOY_DB_DBT_ANALYTICS_DBT_ANALYTICS)
[0m17:06:19.995487 [debug] [ThreadPool]: Acquiring new snowflake connection 'list_APC_DEPLOY_DB_DBT_ANALYTICS'
[0m17:06:20.012844 [debug] [ThreadPool]: Using snowflake connection "list_APC_DEPLOY_DB_DBT_ANALYTICS_DBT_ANALYTICS"
[0m17:06:20.020622 [debug] [ThreadPool]: Using snowflake connection "list_APC_DEPLOY_DB_DBT_ANALYTICS"
[0m17:06:20.021321 [debug] [ThreadPool]: On list_APC_DEPLOY_DB_DBT_ANALYTICS_DBT_ANALYTICS: /* {"app": "dbt", "dbt_version": "1.9.4", "profile_name": "default", "target_name": "dev", "connection_name": "list_APC_DEPLOY_DB_DBT_ANALYTICS_DBT_ANALYTICS"} */
alter session set quoted_identifiers_ignore_case = false;
[0m17:06:20.021960 [debug] [ThreadPool]: On list_APC_DEPLOY_DB_DBT_ANALYTICS: /* {"app": "dbt", "dbt_version": "1.9.4", "profile_name": "default", "target_name": "dev", "connection_name": "list_APC_DEPLOY_DB_DBT_ANALYTICS"} */
alter session set quoted_identifiers_ignore_case = false;
[0m17:06:20.022563 [debug] [ThreadPool]: Opening a new connection, currently in state init
[0m17:06:20.023176 [debug] [ThreadPool]: Opening a new connection, currently in state init
[0m17:06:20.908846 [debug] [ThreadPool]: SQL status: SUCCESS 1 in 0.885 seconds
[0m17:06:20.913667 [debug] [ThreadPool]: Using snowflake connection "list_APC_DEPLOY_DB_DBT_ANALYTICS"
[0m17:06:20.914323 [debug] [ThreadPool]: On list_APC_DEPLOY_DB_DBT_ANALYTICS: /* {"app": "dbt", "dbt_version": "1.9.4", "profile_name": "default", "target_name": "dev", "connection_name": "list_APC_DEPLOY_DB_DBT_ANALYTICS"} */
show objects in APC_DEPLOY_DB.DBT_ANALYTICS
    limit 10000
    
;
[0m17:06:20.958724 [debug] [ThreadPool]: SQL status: SUCCESS 1 in 0.936 seconds
[0m17:06:20.961297 [debug] [ThreadPool]: Using snowflake connection "list_APC_DEPLOY_DB_DBT_ANALYTICS_DBT_ANALYTICS"
[0m17:06:20.961981 [debug] [ThreadPool]: On list_APC_DEPLOY_DB_DBT_ANALYTICS_DBT_ANALYTICS: /* {"app": "dbt", "dbt_version": "1.9.4", "profile_name": "default", "target_name": "dev", "connection_name": "list_APC_DEPLOY_DB_DBT_ANALYTICS_DBT_ANALYTICS"} */
show objects in APC_DEPLOY_DB.DBT_ANALYTICS_DBT_ANALYTICS
    limit 10000
    
;
[0m17:06:21.120705 [debug] [ThreadPool]: SQL status: SUCCESS 6 in 0.158 seconds
[0m17:06:21.125665 [debug] [ThreadPool]: SQL status: SUCCESS 34 in 0.211 seconds
[0m17:06:21.128131 [debug] [ThreadPool]: Using snowflake connection "list_APC_DEPLOY_DB_DBT_ANALYTICS_DBT_ANALYTICS"
[0m17:06:21.131077 [debug] [ThreadPool]: Using snowflake connection "list_APC_DEPLOY_DB_DBT_ANALYTICS"
[0m17:06:21.131730 [debug] [ThreadPool]: On list_APC_DEPLOY_DB_DBT_ANALYTICS_DBT_ANALYTICS: /* {"app": "dbt", "dbt_version": "1.9.4", "profile_name": "default", "target_name": "dev", "connection_name": "list_APC_DEPLOY_DB_DBT_ANALYTICS_DBT_ANALYTICS"} */
alter session unset quoted_identifiers_ignore_case;
[0m17:06:21.132332 [debug] [ThreadPool]: On list_APC_DEPLOY_DB_DBT_ANALYTICS: /* {"app": "dbt", "dbt_version": "1.9.4", "profile_name": "default", "target_name": "dev", "connection_name": "list_APC_DEPLOY_DB_DBT_ANALYTICS"} */
alter session unset quoted_identifiers_ignore_case;
[0m17:06:21.260331 [debug] [ThreadPool]: SQL status: SUCCESS 1 in 0.126 seconds
[0m17:06:21.273785 [debug] [ThreadPool]: SQL status: SUCCESS 1 in 0.140 seconds
[0m17:06:21.288912 [debug] [Thread-2 (]: Began running node model.apc.int_value_chain_allocation
[0m17:06:21.289724 [debug] [Thread-3 (]: Began running node model.apc.mart_cogm_evolution
[0m17:06:21.290514 [debug] [Thread-4 (]: Began running node model.apc.mart_fmc_vs_bom
[0m17:06:21.291278 [debug] [Thread-5 (]: Began running node model.apc.mart_rate_stability
[0m17:06:21.292103 [info ] [Thread-2 (]: 1 of 6 START sql dynamic_table model DBT_ANALYTICS.int_value_chain_allocation .. [RUN]
[0m17:06:21.292939 [info ] [Thread-3 (]: 2 of 6 START sql dynamic_table model DBT_ANALYTICS.mart_cogm_evolution ......... [RUN]
[0m17:06:21.293777 [info ] [Thread-4 (]: 3 of 6 START sql dynamic_table model DBT_ANALYTICS.mart_fmc_vs_bom ............. [RUN]
[0m17:06:21.294575 [info ] [Thread-5 (]: 4 of 6 START sql dynamic_table model DBT_ANALYTICS.mart_rate_stability ......... [RUN]
[0m17:06:21.298830 [debug] [Thread-2 (]: Re-using an available connection from the pool (formerly list_APC_DEPLOY_DB_DBT_ANALYTICS_DBT_ANALYTICS, now model.apc.int_value_chain_allocation)
[0m17:06:21.299700 [debug] [Thread-3 (]: Re-using an available connection from the pool (formerly list_APC_DEPLOY_DB_DBT_ANALYTICS, now model.apc.mart_cogm_evolution)
[0m17:06:21.300517 [debug] [Thread-4 (]: Acquiring new snowflake connection 'model.apc.mart_fmc_vs_bom'
[0m17:06:21.301497 [debug] [Thread-5 (]: Acquiring new snowflake connection 'model.apc.mart_rate_stability'
[0m17:06:21.302177 [debug] [Thread-2 (]: Began compiling node model.apc.int_value_chain_allocation
[0m17:06:21.302798 [debug] [Thread-3 (]: Began compiling node model.apc.mart_cogm_evolution
[0m17:06:21.303390 [debug] [Thread-4 (]: Began compiling node model.apc.mart_fmc_vs_bom
[0m17:06:21.303990 [debug] [Thread-5 (]: Began compiling node model.apc.mart_rate_stability
[0m17:06:21.317161 [debug] [Thread-2 (]: Writing injected SQL for node "model.apc.int_value_chain_allocation"
[0m17:06:21.325880 [debug] [Thread-3 (]: Writing injected SQL for node "model.apc.mart_cogm_evolution"
[0m17:06:21.335919 [debug] [Thread-4 (]: Writing injected SQL for node "model.apc.mart_fmc_vs_bom"
[0m17:06:21.344310 [debug] [Thread-5 (]: Writing injected SQL for node "model.apc.mart_rate_stability"
[0m17:06:21.345565 [debug] [Thread-2 (]: Began executing node model.apc.int_value_chain_allocation
[0m17:06:21.346541 [debug] [Thread-3 (]: Began executing node model.apc.mart_cogm_evolution
[0m17:06:21.347519 [debug] [Thread-4 (]: Began executing node model.apc.mart_fmc_vs_bom
[0m17:06:21.353456 [debug] [Thread-5 (]: Began executing node model.apc.mart_rate_stability
[0m17:06:21.390363 [debug] [Thread-3 (]: Applying CREATE to: APC_DEPLOY_DB.DBT_ANALYTICS.mart_cogm_evolution
[0m17:06:21.392443 [debug] [Thread-2 (]: Applying CREATE to: APC_DEPLOY_DB.DBT_ANALYTICS.int_value_chain_allocation
[0m17:06:21.474812 [debug] [Thread-4 (]: Applying CREATE to: APC_DEPLOY_DB.DBT_ANALYTICS.mart_fmc_vs_bom
[0m17:06:21.483175 [debug] [Thread-5 (]: Applying CREATE to: APC_DEPLOY_DB.DBT_ANALYTICS.mart_rate_stability
[0m17:06:21.494659 [debug] [Thread-3 (]: Writing runtime sql for node "model.apc.mart_cogm_evolution"
[0m17:06:21.495949 [debug] [Thread-2 (]: Writing runtime sql for node "model.apc.int_value_chain_allocation"
[0m17:06:21.497325 [debug] [Thread-4 (]: Writing runtime sql for node "model.apc.mart_fmc_vs_bom"
[0m17:06:21.498655 [debug] [Thread-5 (]: Writing runtime sql for node "model.apc.mart_rate_stability"
[0m17:06:21.502054 [debug] [Thread-3 (]: Using snowflake connection "model.apc.mart_cogm_evolution"
[0m17:06:21.505330 [debug] [Thread-2 (]: Using snowflake connection "model.apc.int_value_chain_allocation"
[0m17:06:21.508931 [debug] [Thread-4 (]: Using snowflake connection "model.apc.mart_fmc_vs_bom"
[0m17:06:21.509879 [debug] [Thread-3 (]: On model.apc.mart_cogm_evolution: /* {"app": "dbt", "dbt_version": "1.9.4", "profile_name": "default", "target_name": "dev", "node_id": "model.apc.mart_cogm_evolution"} */
create dynamic table APC_DEPLOY_DB.DBT_ANALYTICS.mart_cogm_evolution
        target_lag = '1 hour'
        warehouse = APC_DEPLOY_WH
        refresh_mode = AUTO

        initialize = ON_CREATE

        as (
            -- Mart: COGM evolution tracked by site/brand/country/TA over time.
-- Co-authored with CoCo

with costs as (
    select
        pc.material_number,
        pc.material_description,
        pc.plant_code,
        pc.fiscal_year,
        pc.period,
        pc.actual_cost_per_unit,
        pc.standard_cost_per_unit,
        pc.cost_variance_pct,
        pc.variance_flag
    from APC_DEPLOY_DB.DBT_ANALYTICS.mart_product_cost pc
    where pc.material_type = 'FERT'
),

-- Enrich with brand/TA/country dimensions from seed
dimensioned as (
    select
        c.material_number,
        c.material_description,
        c.plant_code,
        pl.plant_name,
        pl.country_code,
        bt.brand,
        bt.therapeutic_area,
        bt.country as market_country,
        bt.legal_entity,
        c.fiscal_year,
        c.period,
        c.actual_cost_per_unit,
        c.standard_cost_per_unit,
        c.cost_variance_pct,
        c.variance_flag,
        -- Period-over-period cost change
        c.actual_cost_per_unit - lag(c.actual_cost_per_unit) over (
            partition by c.material_number, c.plant_code
            order by c.fiscal_year, c.period
        ) as cost_change_vs_prior,
        -- Rolling 3-period average
        avg(c.actual_cost_per_unit) over (
            partition by c.material_number, c.plant_code
            order by c.fiscal_year, c.period
            rows between 2 preceding and current row
        ) as rolling_3m_avg_cost
    from costs c
    left join APC_DEPLOY_DB.DBT_ANALYTICS.stg_plant pl
        on c.plant_code = pl.plant_code
    left join APC_DEPLOY_DB.DBT_ANALYTICS_DBT_ANALYTICS.brand_ta_mapping bt
        on c.material_number = bt.material_number
)

select
    *,
    -- YoY comparison flag
    case
        when cost_change_vs_prior > 0 and cost_variance_pct > 5 then 'ESCALATING'
        when cost_change_vs_prior < 0 then 'IMPROVING'
        else 'STABLE'
    end as cost_trajectory
from dimensioned
        )
[0m17:06:21.511787 [debug] [Thread-5 (]: Using snowflake connection "model.apc.mart_rate_stability"
[0m17:06:21.512698 [debug] [Thread-2 (]: On model.apc.int_value_chain_allocation: /* {"app": "dbt", "dbt_version": "1.9.4", "profile_name": "default", "target_name": "dev", "node_id": "model.apc.int_value_chain_allocation"} */
create dynamic table APC_DEPLOY_DB.DBT_ANALYTICS.int_value_chain_allocation
        target_lag = 'downstream'
        warehouse = APC_DEPLOY_WH
        refresh_mode = AUTO

        initialize = ON_CREATE

        as (
            -- Intermediate: value chain allocation — intercompany transfer pricing + step-by-step cost build.
-- Co-authored with CoCo

with chain_config as (
    select * from APC_DEPLOY_DB.DBT_ANALYTICS.stg_value_chain
),

-- Get base manufacturing cost (from the first step in the chain)
base_cost as (
    select
        material_number,
        plant_code,
        fiscal_year,
        period,
        actual_cost_per_unit  as mfg_cost_usd
    from APC_DEPLOY_DB.DBT_ANALYTICS.mart_product_cost
    where material_type = 'FERT'
),

-- Build cumulative cost along value chain steps
chain_steps as (
    select
        vc.material_number,
        vc.source_plant,
        vc.destination_plant,
        vc.chain_step,
        vc.step_type,
        vc.step_description,
        vc.interco_markup_pct,
        vc.transport_cost_per_unit,
        bc.fiscal_year,
        bc.period,
        bc.mfg_cost_usd,
        -- Transfer price = mfg cost × (1 + markup%)
        round(bc.mfg_cost_usd * (1 + vc.interco_markup_pct / 100.0), 2) as transfer_price_usd,
        -- Step cost = transfer price + transport
        round(bc.mfg_cost_usd * (1 + vc.interco_markup_pct / 100.0)
              + vc.transport_cost_per_unit, 2)  as step_landed_cost_usd,
        -- Interco profit
        round(bc.mfg_cost_usd * vc.interco_markup_pct / 100.0, 2) as interco_profit_usd
    from chain_config vc
    join base_cost bc
        on vc.material_number = bc.material_number
        and vc.source_plant = bc.plant_code
),

-- Add SCC adjustments per step
with_adjustments as (
    select
        cs.*,
        coalesce(adj.total_adjustment_usd, 0) as scc_adjustment_usd,
        cs.step_landed_cost_usd + coalesce(adj.total_adjustment_usd, 0) as adjusted_cost_usd
    from chain_steps cs
    left join (
        select
            material_number,
            plant_code,
            fiscal_year,
            period,
            sum(adjustment_amount) as total_adjustment_usd
        from APC_DEPLOY_DB.DBT_ANALYTICS.stg_scc_adjustments
        group by 1, 2, 3, 4
    ) adj
        on cs.material_number = adj.material_number
        and cs.destination_plant = adj.plant_code
        and cs.fiscal_year = adj.fiscal_year
        and cs.period = adj.period
)

select * from with_adjustments
        )
[0m17:06:21.513707 [debug] [Thread-4 (]: On model.apc.mart_fmc_vs_bom: /* {"app": "dbt", "dbt_version": "1.9.4", "profile_name": "default", "target_name": "dev", "node_id": "model.apc.mart_fmc_vs_bom"} */
create dynamic table APC_DEPLOY_DB.DBT_ANALYTICS.mart_fmc_vs_bom
        target_lag = '1 hour'
        warehouse = APC_DEPLOY_WH
        refresh_mode = AUTO

        initialize = ON_CREATE

        as (
            -- Mart: FMC reported cost vs BOM-exploded cost — variance highlights data quality gaps.
-- Co-authored with CoCo

with bom_cost as (
    select
        material_number,
        plant_code,
        bom_total_cost_usd,
        fully_loaded_cost_usd,
        component_count,
        max_bom_depth
    from APC_DEPLOY_DB.DBT_ANALYTICS.mart_bom_cost_buildup
),

-- Latest FMC cost (from the standard price in the existing pipeline)
fmc_cost as (
    select
        material_number,
        plant_code,
        standard_cost_per_unit  as fmc_standard_cost_usd
    from APC_DEPLOY_DB.DBT_ANALYTICS.mart_product_cost
    where fiscal_year = (select max(fiscal_year) from APC_DEPLOY_DB.DBT_ANALYTICS.mart_product_cost)
    qualify row_number() over (
        partition by material_number, plant_code
        order by period desc
    ) = 1
),

comparison as (
    select
        coalesce(b.material_number, f.material_number) as material_number,
        coalesce(b.plant_code, f.plant_code)           as plant_code,
        f.fmc_standard_cost_usd,
        b.bom_total_cost_usd,
        b.fully_loaded_cost_usd,
        b.component_count,
        b.max_bom_depth,
        -- Variance: BOM build-up vs FMC reported
        round(coalesce(b.fully_loaded_cost_usd, 0)
              - coalesce(f.fmc_standard_cost_usd, 0), 2) as cost_variance_usd,
        round(100.0 * (coalesce(b.fully_loaded_cost_usd, 0)
                       - coalesce(f.fmc_standard_cost_usd, 0))
              / nullif(f.fmc_standard_cost_usd, 0), 1)   as cost_variance_pct,
        -- Gap classification
        case
            when b.bom_total_cost_usd is null then 'MISSING_BOM'
            when f.fmc_standard_cost_usd is null then 'MISSING_FMC'
            when abs(coalesce(b.fully_loaded_cost_usd, 0)
                     - coalesce(f.fmc_standard_cost_usd, 0))
                 / nullif(f.fmc_standard_cost_usd, 0) > 0.10 then 'HIGH_VARIANCE'
            when abs(coalesce(b.fully_loaded_cost_usd, 0)
                     - coalesce(f.fmc_standard_cost_usd, 0))
                 / nullif(f.fmc_standard_cost_usd, 0) > 0.05 then 'MEDIUM_VARIANCE'
            else 'RECONCILED'
        end as reconciliation_status
    from bom_cost b
    full outer join fmc_cost f
        on b.material_number = f.material_number
        and b.plant_code = f.plant_code
)

select * from comparison
        )
[0m17:06:21.514514 [debug] [Thread-3 (]: Opening a new connection, currently in state init
[0m17:06:21.515304 [debug] [Thread-5 (]: On model.apc.mart_rate_stability: /* {"app": "dbt", "dbt_version": "1.9.4", "profile_name": "default", "target_name": "dev", "node_id": "model.apc.mart_rate_stability"} */
create dynamic table APC_DEPLOY_DB.DBT_ANALYTICS.mart_rate_stability
        target_lag = '1 hour'
        warehouse = APC_DEPLOY_WH
        refresh_mode = AUTO

        initialize = ON_CREATE

        as (
            -- Mart: activity rate movement tracking + alerts — flags unstable rates by cost centre.
-- Co-authored with CoCo

with validated as (
    select * from APC_DEPLOY_DB.DBT_ANALYTICS.int_activity_rate_validation
),

enriched as (
    select
        v.cost_centre,
        v.activity_type,
        v.plant_code,
        pl.plant_name,
        v.fiscal_year,
        v.current_rate,
        v.prior_rate,
        v.rate_change,
        v.rate_change_pct,
        v.stability_status,
        -- Impact estimate: rate change × typical volume (approx)
        case
            when v.stability_status = 'UNSTABLE' then 'ACTION_REQUIRED'
            when v.stability_status = 'WATCH' then 'MONITOR'
            else 'OK'
        end as recommended_action,
        -- Cost impact direction
        case
            when v.rate_change > 0 then 'COST_INCREASE'
            when v.rate_change < 0 then 'COST_DECREASE'
            else 'NO_CHANGE'
        end as impact_direction
    from validated v
    left join APC_DEPLOY_DB.DBT_ANALYTICS.stg_plant pl
        on v.plant_code = pl.plant_code
)

select * from enriched
        )
[0m17:06:21.515972 [debug] [Thread-2 (]: Opening a new connection, currently in state init
[0m17:06:21.516629 [debug] [Thread-4 (]: Opening a new connection, currently in state init
[0m17:06:21.517403 [debug] [Thread-5 (]: Opening a new connection, currently in state init
[0m17:06:22.272721 [debug] [Thread-3 (]: Snowflake adapter: Snowflake query id: 01c51ec6-0209-76e4-003b-400709f66416
[0m17:06:22.273508 [debug] [Thread-3 (]: Snowflake adapter: Snowflake error: 000904 (42000): SQL compilation error: error line 34 at position 8
invalid identifier 'PL.COUNTRY_CODE'
[0m17:06:22.277626 [debug] [Thread-3 (]: Database Error in model mart_cogm_evolution (models/marts/mart_cogm_evolution.sql)
  000904 (42000): SQL compilation error: error line 34 at position 8
  invalid identifier 'PL.COUNTRY_CODE'
  compiled code at /tmp/dbt/target/run/apc/models/marts/mart_cogm_evolution.sql
[0m17:06:22.280450 [error] [Thread-3 (]: 2 of 6 ERROR creating sql dynamic_table model DBT_ANALYTICS.mart_cogm_evolution  [[31mERROR[0m in 0.98s]
[0m17:06:22.281412 [debug] [Thread-3 (]: Finished running node model.apc.mart_cogm_evolution
[0m17:06:22.282581 [debug] [Thread-3 (]: Began running node model.apc.mart_volume_alignment
[0m17:06:22.283409 [debug] [Thread-8 (]: Marking all children of 'model.apc.mart_cogm_evolution' to be skipped because of status 'error'.  Reason: Database Error in model mart_cogm_evolution (models/marts/mart_cogm_evolution.sql)
  000904 (42000): SQL compilation error: error line 34 at position 8
  invalid identifier 'PL.COUNTRY_CODE'
  compiled code at /tmp/dbt/target/run/apc/models/marts/mart_cogm_evolution.sql.
[0m17:06:22.284254 [info ] [Thread-3 (]: 5 of 6 START sql dynamic_table model DBT_ANALYTICS.mart_volume_alignment ....... [RUN]
[0m17:06:22.285862 [debug] [Thread-3 (]: Re-using an available connection from the pool (formerly model.apc.mart_cogm_evolution, now model.apc.mart_volume_alignment)
[0m17:06:22.286502 [debug] [Thread-3 (]: Began compiling node model.apc.mart_volume_alignment
[0m17:06:22.297006 [debug] [Thread-3 (]: Writing injected SQL for node "model.apc.mart_volume_alignment"
[0m17:06:22.297914 [debug] [Thread-3 (]: Began executing node model.apc.mart_volume_alignment
[0m17:06:22.305898 [debug] [Thread-3 (]: Applying CREATE to: APC_DEPLOY_DB.DBT_ANALYTICS.mart_volume_alignment
[0m17:06:22.307108 [debug] [Thread-3 (]: Writing runtime sql for node "model.apc.mart_volume_alignment"
[0m17:06:22.309599 [debug] [Thread-3 (]: Using snowflake connection "model.apc.mart_volume_alignment"
[0m17:06:22.310390 [debug] [Thread-3 (]: On model.apc.mart_volume_alignment: /* {"app": "dbt", "dbt_version": "1.9.4", "profile_name": "default", "target_name": "dev", "node_id": "model.apc.mart_volume_alignment"} */
create dynamic table APC_DEPLOY_DB.DBT_ANALYTICS.mart_volume_alignment
        target_lag = '1 hour'
        warehouse = APC_DEPLOY_WH
        refresh_mode = AUTO

        initialize = ON_CREATE

        as (
            -- Mart: volume alignment dashboard — APO / commercial / billing reconciliation by product × period.
-- Co-authored with CoCo

with recon as (
    select * from APC_DEPLOY_DB.DBT_ANALYTICS.int_volume_reconciliation
),

summary as (
    select
        r.material_number,
        mm.material_description,
        r.plant_code,
        r.fiscal_year,
        r.period,
        r.planned_production_qty,
        r.commercial_forecast_qty,
        r.actual_billed_qty,
        r.apo_vs_commercial_gap,
        r.plan_vs_actual_gap,
        r.plan_accuracy_pct,
        r.alignment_status,
        -- Revenue impact of volume gap (avg price × gap qty)
        round(r.plan_vs_actual_gap * coalesce(
            a.actual_revenue / nullif(a.actual_billed_qty, 0), 0
        ), 0) as revenue_gap_estimate
    from recon r
    left join APC_DEPLOY_DB.DBT_ANALYTICS.stg_material_master mm
        on r.material_number = mm.material_number
    left join (
        select
            material_number,
            fiscal_year,
            cast(period as int) as period,
            sum(net_revenue)    as actual_revenue,
            sum(billed_qty)     as actual_billed_qty
        from APC_DEPLOY_DB.DBT_ANALYTICS.stg_sd_billing
        group by 1, 2, 3
    ) a
        on r.material_number = a.material_number
        and r.fiscal_year = a.fiscal_year
        and r.period = a.period
)

select * from summary
        )
[0m17:06:22.311090 [debug] [Thread-3 (]: Opening a new connection, currently in state init
[0m17:06:26.912208 [debug] [Thread-3 (]: SQL status: SUCCESS 1 in 4.601 seconds
[0m17:06:26.934738 [info ] [Thread-3 (]: 5 of 6 OK created sql dynamic_table model DBT_ANALYTICS.mart_volume_alignment .. [[32mSUCCESS 1[0m in 4.65s]
[0m17:06:26.935692 [debug] [Thread-3 (]: Finished running node model.apc.mart_volume_alignment
[0m17:06:27.418348 [debug] [Thread-5 (]: SQL status: SUCCESS 1 in 5.901 seconds
[0m17:06:27.421350 [info ] [Thread-5 (]: 4 of 6 OK created sql dynamic_table model DBT_ANALYTICS.mart_rate_stability .... [[32mSUCCESS 1[0m in 6.12s]
[0m17:06:27.422215 [debug] [Thread-5 (]: Finished running node model.apc.mart_rate_stability
[0m17:06:27.927428 [debug] [Thread-4 (]: SQL status: SUCCESS 1 in 6.411 seconds
[0m17:06:27.930542 [info ] [Thread-4 (]: 3 of 6 OK created sql dynamic_table model DBT_ANALYTICS.mart_fmc_vs_bom ........ [[32mSUCCESS 1[0m in 6.63s]
[0m17:06:27.931419 [debug] [Thread-4 (]: Finished running node model.apc.mart_fmc_vs_bom
[0m17:06:29.760846 [debug] [Thread-2 (]: SQL status: SUCCESS 1 in 8.245 seconds
[0m17:06:29.763953 [info ] [Thread-2 (]: 1 of 6 OK created sql dynamic_table model DBT_ANALYTICS.int_value_chain_allocation  [[32mSUCCESS 1[0m in 8.47s]
[0m17:06:29.764863 [debug] [Thread-2 (]: Finished running node model.apc.int_value_chain_allocation
[0m17:06:29.766601 [debug] [Thread-3 (]: Began running node model.apc.mart_value_chain_pnl
[0m17:06:29.767626 [info ] [Thread-3 (]: 6 of 6 START sql dynamic_table model DBT_ANALYTICS.mart_value_chain_pnl ........ [RUN]
[0m17:06:29.768458 [debug] [Thread-3 (]: Re-using an available connection from the pool (formerly model.apc.mart_volume_alignment, now model.apc.mart_value_chain_pnl)
[0m17:06:29.769082 [debug] [Thread-3 (]: Began compiling node model.apc.mart_value_chain_pnl
[0m17:06:29.779536 [debug] [Thread-3 (]: Writing injected SQL for node "model.apc.mart_value_chain_pnl"
[0m17:06:29.780403 [debug] [Thread-3 (]: Began executing node model.apc.mart_value_chain_pnl
[0m17:06:29.788284 [debug] [Thread-3 (]: Applying CREATE to: APC_DEPLOY_DB.DBT_ANALYTICS.mart_value_chain_pnl
[0m17:06:29.789574 [debug] [Thread-3 (]: Writing runtime sql for node "model.apc.mart_value_chain_pnl"
[0m17:06:29.793020 [debug] [Thread-3 (]: Using snowflake connection "model.apc.mart_value_chain_pnl"
[0m17:06:29.793927 [debug] [Thread-3 (]: On model.apc.mart_value_chain_pnl: /* {"app": "dbt", "dbt_version": "1.9.4", "profile_name": "default", "target_name": "dev", "node_id": "model.apc.mart_value_chain_pnl"} */
create dynamic table APC_DEPLOY_DB.DBT_ANALYTICS.mart_value_chain_pnl
        target_lag = '1 hour'
        warehouse = APC_DEPLOY_WH
        refresh_mode = AUTO

        initialize = ON_CREATE

        as (
            -- Mart: value chain P&L — CO-PA by value chain step (manufacturing → packaging → distribution).
-- Co-authored with CoCo

with chain as (
    select * from APC_DEPLOY_DB.DBT_ANALYTICS.int_value_chain_allocation
),

-- Revenue from billing at the final destination (market-facing) plant
revenue as (
    select
        material_number,
        fiscal_year,
        cast(period as int) as period,
        sum(net_revenue)    as total_revenue,
        sum(billed_qty)     as total_volume
    from APC_DEPLOY_DB.DBT_ANALYTICS.stg_sd_billing
    group by 1, 2, 3
),

-- Aggregate by material × period × chain step
step_pnl as (
    select
        c.material_number,
        mm.material_description,
        c.fiscal_year,
        c.period,
        c.chain_step,
        c.step_type,
        c.step_description,
        c.source_plant,
        c.destination_plant,
        c.mfg_cost_usd,
        c.transfer_price_usd,
        c.interco_profit_usd,
        c.transport_cost_per_unit,
        c.scc_adjustment_usd,
        c.adjusted_cost_usd,
        -- Only the final step gets revenue attribution
        case
            when c.chain_step = (
                select max(chain_step)
                from APC_DEPLOY_DB.DBT_ANALYTICS.stg_value_chain vc2
                where vc2.material_number = c.material_number
            ) then r.total_revenue
            else null
        end as attributed_revenue,
        -- Margin at each step
        c.interco_profit_usd as step_margin_usd,
        round(100.0 * c.interco_profit_usd
              / nullif(c.transfer_price_usd, 0), 1) as step_margin_pct,
        -- Cumulative cost transparency
        c.adjusted_cost_usd as cumulative_cost_to_step
    from chain c
    left join APC_DEPLOY_DB.DBT_ANALYTICS.stg_material_master mm
        on c.material_number = mm.material_number
    left join revenue r
        on c.material_number = r.material_number
        and c.fiscal_year = r.fiscal_year
        and c.period = r.period
)

select
    material_number,
    material_description,
    fiscal_year,
    period,
    chain_step,
    step_type,
    step_description,
    source_plant,
    destination_plant,
    mfg_cost_usd,
    transfer_price_usd,
    interco_profit_usd,
    transport_cost_per_unit,
    scc_adjustment_usd,
    adjusted_cost_usd,
    attributed_revenue,
    step_margin_usd,
    step_margin_pct,
    cumulative_cost_to_step,
    -- End-to-end margin (only meaningful on final step)
    case
        when attributed_revenue is not null
        then round(100.0 * (attributed_revenue - cumulative_cost_to_step)
                   / nullif(attributed_revenue, 0), 1)
        else null
    end as end_to_end_margin_pct
from step_pnl
        )
[0m17:06:29.794665 [debug] [Thread-3 (]: Opening a new connection, currently in state init
[0m17:06:47.994219 [debug] [Thread-3 (]: SQL status: SUCCESS 1 in 18.199 seconds
[0m17:06:47.997386 [info ] [Thread-3 (]: 6 of 6 OK created sql dynamic_table model DBT_ANALYTICS.mart_value_chain_pnl ... [[32mSUCCESS 1[0m in 18.23s]
[0m17:06:47.998409 [debug] [Thread-3 (]: Finished running node model.apc.mart_value_chain_pnl
[0m17:06:48.002057 [debug] [Dummy-1   ]: Connection 'master' was properly closed.
[0m17:06:48.002848 [debug] [Dummy-1   ]: Connection 'model.apc.int_value_chain_allocation' was properly closed.
[0m17:06:48.003411 [debug] [Dummy-1   ]: Connection 'model.apc.mart_value_chain_pnl' was properly closed.
[0m17:06:48.003941 [debug] [Dummy-1   ]: Connection 'model.apc.mart_fmc_vs_bom' was properly closed.
[0m17:06:48.004441 [debug] [Dummy-1   ]: Connection 'model.apc.mart_rate_stability' was properly closed.
[0m17:06:48.005095 [info ] [Dummy-1   ]: 
[0m17:06:48.005671 [info ] [Dummy-1   ]: Finished running 6 dynamic table models in 0 hours 0 minutes and 29.31 seconds (29.31s).
[0m17:06:48.007153 [debug] [Dummy-1   ]: Command end result
[0m17:06:48.057244 [debug] [Dummy-1   ]: Wrote artifact WritableManifest to /tmp/dbt/target/manifest.json
[0m17:06:48.059707 [debug] [Dummy-1   ]: Wrote artifact SemanticManifest to /tmp/dbt/target/semantic_manifest.json
[0m17:06:48.066353 [debug] [Dummy-1   ]: Wrote artifact RunExecutionResult to /tmp/dbt/target/run_results.json
[0m17:06:48.066979 [info ] [Dummy-1   ]: 
[0m17:06:48.067649 [info ] [Dummy-1   ]: [31mCompleted with 1 error, 0 partial successes, and 0 warnings:[0m
[0m17:06:48.068280 [info ] [Dummy-1   ]: 
[0m17:06:48.068938 [error] [Dummy-1   ]:   Database Error in model mart_cogm_evolution (models/marts/mart_cogm_evolution.sql)
  000904 (42000): SQL compilation error: error line 34 at position 8
  invalid identifier 'PL.COUNTRY_CODE'
  compiled code at /tmp/dbt/target/run/apc/models/marts/mart_cogm_evolution.sql
[0m17:06:48.069510 [info ] [Dummy-1   ]: 
[0m17:06:48.070106 [info ] [Dummy-1   ]: Done. PASS=5 WARN=0 ERROR=1 SKIP=0 TOTAL=6
[0m17:06:48.071891 [debug] [Dummy-1   ]: Resource report: {"command_name": "run", "command_success": false, "command_wall_clock_time": 30.387276, "process_in_blocks": "0", "process_kernel_time": 1.07, "process_mem_max_rss": "458700", "process_out_blocks": "0", "process_user_time": 4.59}
[0m17:06:48.072607 [debug] [Dummy-1   ]: Command `cli run` failed at 17:06:48.072268 after 30.39 seconds
[0m17:06:48.073219 [debug] [Dummy-1   ]: Flushing usage events


============================== 17:07:38.385986 | fe435901-b949-40c1-ae1d-0703e5456f10 ==============================
[0m17:07:38.385986 [info ] [Dummy-1   ]: Running with dbt=1.9.4
[0m17:07:38.386944 [debug] [Dummy-1   ]: running dbt with arguments {'printer_width': '80', 'indirect_selection': 'eager', 'log_cache_events': 'False', 'write_json': 'True', 'partial_parse': 'True', 'cache_selected_only': 'False', 'warn_error': 'None', 'fail_fast': 'False', 'debug': 'False', 'log_path': '/tmp/dbt/logs', 'version_check': 'True', 'profiles_dir': '/tmp/dbt/', 'use_colors': 'True', 'use_experimental_parser': 'False', 'empty': 'False', 'quiet': 'False', 'no_print': 'None', 'log_format': 'default', 'introspect': 'True', 'warn_error_options': 'WarnErrorOptions(include=[], exclude=[])', 'invocation_command': 'dbt ', 'target_path': '/tmp/dbt/target/', 'static_parser': 'True', 'send_anonymous_usage_stats': 'False'}
[0m17:07:38.667216 [info ] [Dummy-1   ]: Registered adapter: snowflake=1.9.2
[0m17:07:38.707463 [debug] [Dummy-1   ]: checksum: 53ed91fada2233efb98368d1716b44ab532c83a9c293cf1890b7905d5b45fb25, vars: {}, profile: , target: dev, version: 1.9.4
[0m17:07:39.036098 [debug] [Dummy-1   ]: Partial parsing enabled: 0 files deleted, 0 files added, 1 files changed.
[0m17:07:39.037524 [debug] [Dummy-1   ]: Partial parsing: updated file: apc://models/marts/mart_cogm_evolution.sql
[0m17:07:39.913228 [debug] [Dummy-1   ]: Wrote artifact WritableManifest to /tmp/dbt/target/manifest.json
[0m17:07:39.915594 [debug] [Dummy-1   ]: Wrote artifact SemanticManifest to /tmp/dbt/target/semantic_manifest.json
[0m17:07:39.965673 [info ] [Dummy-1   ]: Found 40 models, 89 data tests, 6 seeds, 15 sources, 474 macros
[0m17:07:39.969227 [info ] [Dummy-1   ]: 
[0m17:07:39.969862 [info ] [Dummy-1   ]: Concurrency: 4 threads (target='dev')
[0m17:07:39.970412 [info ] [Dummy-1   ]: 
[0m17:07:39.971231 [debug] [Dummy-1   ]: Acquiring new snowflake connection 'master'
[0m17:07:39.973016 [debug] [ThreadPool]: Acquiring new snowflake connection 'list_APC_DEPLOY_DB'
[0m17:07:40.056580 [debug] [ThreadPool]: Using snowflake connection "list_APC_DEPLOY_DB"
[0m17:07:40.057293 [debug] [ThreadPool]: On list_APC_DEPLOY_DB: /* {"app": "dbt", "dbt_version": "1.9.4", "profile_name": "default", "target_name": "dev", "connection_name": "list_APC_DEPLOY_DB"} */
show terse schemas in database APC_DEPLOY_DB
    limit 10000
[0m17:07:40.057896 [debug] [ThreadPool]: Opening a new connection, currently in state init
[0m17:07:41.339641 [debug] [ThreadPool]: SQL status: SUCCESS 9 in 1.282 seconds
[0m17:07:41.349958 [debug] [ThreadPool]: Re-using an available connection from the pool (formerly list_APC_DEPLOY_DB, now list_APC_DEPLOY_DB_DBT_ANALYTICS)
[0m17:07:41.351249 [debug] [ThreadPool]: Acquiring new snowflake connection 'list_APC_DEPLOY_DB_DBT_ANALYTICS_DBT_ANALYTICS'
[0m17:07:41.367947 [debug] [ThreadPool]: Using snowflake connection "list_APC_DEPLOY_DB_DBT_ANALYTICS"
[0m17:07:41.376662 [debug] [ThreadPool]: Using snowflake connection "list_APC_DEPLOY_DB_DBT_ANALYTICS_DBT_ANALYTICS"
[0m17:07:41.377501 [debug] [ThreadPool]: On list_APC_DEPLOY_DB_DBT_ANALYTICS: /* {"app": "dbt", "dbt_version": "1.9.4", "profile_name": "default", "target_name": "dev", "connection_name": "list_APC_DEPLOY_DB_DBT_ANALYTICS"} */
alter session set quoted_identifiers_ignore_case = false;
[0m17:07:41.378302 [debug] [ThreadPool]: On list_APC_DEPLOY_DB_DBT_ANALYTICS_DBT_ANALYTICS: /* {"app": "dbt", "dbt_version": "1.9.4", "profile_name": "default", "target_name": "dev", "connection_name": "list_APC_DEPLOY_DB_DBT_ANALYTICS_DBT_ANALYTICS"} */
alter session set quoted_identifiers_ignore_case = false;
[0m17:07:41.378965 [debug] [ThreadPool]: Opening a new connection, currently in state init
[0m17:07:41.379575 [debug] [ThreadPool]: Opening a new connection, currently in state init
[0m17:07:42.238582 [debug] [ThreadPool]: SQL status: SUCCESS 1 in 0.859 seconds
[0m17:07:42.239805 [debug] [ThreadPool]: SQL status: SUCCESS 1 in 0.860 seconds
[0m17:07:42.244889 [debug] [ThreadPool]: Using snowflake connection "list_APC_DEPLOY_DB_DBT_ANALYTICS"
[0m17:07:42.247034 [debug] [ThreadPool]: Using snowflake connection "list_APC_DEPLOY_DB_DBT_ANALYTICS_DBT_ANALYTICS"
[0m17:07:42.247702 [debug] [ThreadPool]: On list_APC_DEPLOY_DB_DBT_ANALYTICS: /* {"app": "dbt", "dbt_version": "1.9.4", "profile_name": "default", "target_name": "dev", "connection_name": "list_APC_DEPLOY_DB_DBT_ANALYTICS"} */
show objects in APC_DEPLOY_DB.DBT_ANALYTICS
    limit 10000
    
;
[0m17:07:42.248407 [debug] [ThreadPool]: On list_APC_DEPLOY_DB_DBT_ANALYTICS_DBT_ANALYTICS: /* {"app": "dbt", "dbt_version": "1.9.4", "profile_name": "default", "target_name": "dev", "connection_name": "list_APC_DEPLOY_DB_DBT_ANALYTICS_DBT_ANALYTICS"} */
show objects in APC_DEPLOY_DB.DBT_ANALYTICS_DBT_ANALYTICS
    limit 10000
    
;
[0m17:07:42.387172 [debug] [ThreadPool]: SQL status: SUCCESS 6 in 0.134 seconds
[0m17:07:42.389749 [debug] [ThreadPool]: Using snowflake connection "list_APC_DEPLOY_DB_DBT_ANALYTICS_DBT_ANALYTICS"
[0m17:07:42.390400 [debug] [ThreadPool]: On list_APC_DEPLOY_DB_DBT_ANALYTICS_DBT_ANALYTICS: /* {"app": "dbt", "dbt_version": "1.9.4", "profile_name": "default", "target_name": "dev", "connection_name": "list_APC_DEPLOY_DB_DBT_ANALYTICS_DBT_ANALYTICS"} */
alter session unset quoted_identifiers_ignore_case;
[0m17:07:42.400690 [debug] [ThreadPool]: SQL status: SUCCESS 39 in 0.152 seconds
[0m17:07:42.403834 [debug] [ThreadPool]: Using snowflake connection "list_APC_DEPLOY_DB_DBT_ANALYTICS"
[0m17:07:42.404499 [debug] [ThreadPool]: On list_APC_DEPLOY_DB_DBT_ANALYTICS: /* {"app": "dbt", "dbt_version": "1.9.4", "profile_name": "default", "target_name": "dev", "connection_name": "list_APC_DEPLOY_DB_DBT_ANALYTICS"} */
alter session unset quoted_identifiers_ignore_case;
[0m17:07:42.518123 [debug] [ThreadPool]: SQL status: SUCCESS 1 in 0.113 seconds
[0m17:07:42.540256 [debug] [ThreadPool]: SQL status: SUCCESS 1 in 0.149 seconds
[0m17:07:42.550408 [debug] [Thread-2 (]: Began running node model.apc.mart_cogm_evolution
[0m17:07:42.551371 [info ] [Thread-2 (]: 1 of 1 START sql dynamic_table model DBT_ANALYTICS.mart_cogm_evolution ......... [RUN]
[0m17:07:42.552186 [debug] [Thread-2 (]: Re-using an available connection from the pool (formerly list_APC_DEPLOY_DB_DBT_ANALYTICS, now model.apc.mart_cogm_evolution)
[0m17:07:42.552811 [debug] [Thread-2 (]: Began compiling node model.apc.mart_cogm_evolution
[0m17:07:42.565835 [debug] [Thread-2 (]: Writing injected SQL for node "model.apc.mart_cogm_evolution"
[0m17:07:42.566786 [debug] [Thread-2 (]: Began executing node model.apc.mart_cogm_evolution
[0m17:07:42.600210 [debug] [Thread-2 (]: Applying CREATE to: APC_DEPLOY_DB.DBT_ANALYTICS.mart_cogm_evolution
[0m17:07:42.610871 [debug] [Thread-2 (]: Writing runtime sql for node "model.apc.mart_cogm_evolution"
[0m17:07:42.613869 [debug] [Thread-2 (]: Using snowflake connection "model.apc.mart_cogm_evolution"
[0m17:07:42.614720 [debug] [Thread-2 (]: On model.apc.mart_cogm_evolution: /* {"app": "dbt", "dbt_version": "1.9.4", "profile_name": "default", "target_name": "dev", "node_id": "model.apc.mart_cogm_evolution"} */
create dynamic table APC_DEPLOY_DB.DBT_ANALYTICS.mart_cogm_evolution
        target_lag = '1 hour'
        warehouse = APC_DEPLOY_WH
        refresh_mode = AUTO

        initialize = ON_CREATE

        as (
            -- Mart: COGM evolution tracked by site/brand/country/TA over time.
-- Co-authored with CoCo

with costs as (
    select
        pc.material_number,
        pc.material_description,
        pc.plant_code,
        pc.fiscal_year,
        pc.period,
        pc.actual_cost_per_unit,
        pc.standard_cost_per_unit,
        pc.cost_variance_pct,
        pc.variance_flag
    from APC_DEPLOY_DB.DBT_ANALYTICS.mart_product_cost pc
    where pc.material_type = 'FERT'
),

-- Enrich with brand/TA/country dimensions from seed
dimensioned as (
    select
        c.material_number,
        c.material_description,
        c.plant_code,
        pl.plant_name,
        pl.country as country_code,
        bt.brand,
        bt.therapeutic_area,
        bt.country as market_country,
        bt.legal_entity,
        c.fiscal_year,
        c.period,
        c.actual_cost_per_unit,
        c.standard_cost_per_unit,
        c.cost_variance_pct,
        c.variance_flag,
        -- Period-over-period cost change
        c.actual_cost_per_unit - lag(c.actual_cost_per_unit) over (
            partition by c.material_number, c.plant_code
            order by c.fiscal_year, c.period
        ) as cost_change_vs_prior,
        -- Rolling 3-period average
        avg(c.actual_cost_per_unit) over (
            partition by c.material_number, c.plant_code
            order by c.fiscal_year, c.period
            rows between 2 preceding and current row
        ) as rolling_3m_avg_cost
    from costs c
    left join APC_DEPLOY_DB.DBT_ANALYTICS.stg_plant pl
        on c.plant_code = pl.plant_code
    left join APC_DEPLOY_DB.DBT_ANALYTICS_DBT_ANALYTICS.brand_ta_mapping bt
        on c.material_number = bt.material_number
)

select
    *,
    -- YoY comparison flag
    case
        when cost_change_vs_prior > 0 and cost_variance_pct > 5 then 'ESCALATING'
        when cost_change_vs_prior < 0 then 'IMPROVING'
        else 'STABLE'
    end as cost_trajectory
from dimensioned
        )
[0m17:07:42.615452 [debug] [Thread-2 (]: Opening a new connection, currently in state init
[0m17:07:48.714649 [debug] [Thread-2 (]: SQL status: SUCCESS 1 in 6.099 seconds
[0m17:07:48.738157 [info ] [Thread-2 (]: 1 of 1 OK created sql dynamic_table model DBT_ANALYTICS.mart_cogm_evolution .... [[32mSUCCESS 1[0m in 6.18s]
[0m17:07:48.739105 [debug] [Thread-2 (]: Finished running node model.apc.mart_cogm_evolution
[0m17:07:48.742282 [debug] [Dummy-1   ]: Connection 'master' was properly closed.
[0m17:07:48.742949 [debug] [Dummy-1   ]: Connection 'model.apc.mart_cogm_evolution' was properly closed.
[0m17:07:48.743520 [debug] [Dummy-1   ]: Connection 'list_APC_DEPLOY_DB_DBT_ANALYTICS_DBT_ANALYTICS' was properly closed.
[0m17:07:48.744123 [info ] [Dummy-1   ]: 
[0m17:07:48.744734 [info ] [Dummy-1   ]: Finished running 1 dynamic table model in 0 hours 0 minutes and 8.77 seconds (8.77s).
[0m17:07:48.745653 [debug] [Dummy-1   ]: Command end result
[0m17:07:48.794043 [debug] [Dummy-1   ]: Wrote artifact WritableManifest to /tmp/dbt/target/manifest.json
[0m17:07:48.796373 [debug] [Dummy-1   ]: Wrote artifact SemanticManifest to /tmp/dbt/target/semantic_manifest.json
[0m17:07:48.802372 [debug] [Dummy-1   ]: Wrote artifact RunExecutionResult to /tmp/dbt/target/run_results.json
[0m17:07:48.802963 [info ] [Dummy-1   ]: 
[0m17:07:48.803729 [info ] [Dummy-1   ]: [32mCompleted successfully[0m
[0m17:07:48.804331 [info ] [Dummy-1   ]: 
[0m17:07:48.804977 [info ] [Dummy-1   ]: Done. PASS=1 WARN=0 ERROR=0 SKIP=0 TOTAL=1
[0m17:07:48.806790 [debug] [Dummy-1   ]: Resource report: {"command_name": "run", "command_success": true, "command_wall_clock_time": 10.494062, "process_in_blocks": "0", "process_kernel_time": 0.8, "process_mem_max_rss": "511624", "process_out_blocks": "0", "process_user_time": 5.02}
[0m17:07:48.807536 [debug] [Dummy-1   ]: Command `cli run` succeeded at 17:07:48.807174 after 10.50 seconds
[0m17:07:48.808269 [debug] [Dummy-1   ]: Flushing usage events


============================== 17:10:32.281300 | e0f842a9-85a1-434b-9c3f-dca22d85890a ==============================
[0m17:10:32.281300 [info ] [Dummy-1   ]: Running with dbt=1.9.4
[0m17:10:32.282351 [debug] [Dummy-1   ]: running dbt with arguments {'printer_width': '80', 'indirect_selection': 'eager', 'write_json': 'True', 'log_cache_events': 'False', 'partial_parse': 'True', 'cache_selected_only': 'False', 'warn_error': 'None', 'version_check': 'True', 'profiles_dir': '/tmp/dbt/', 'log_path': '/tmp/dbt/logs', 'fail_fast': 'False', 'debug': 'False', 'use_colors': 'True', 'use_experimental_parser': 'False', 'no_print': 'None', 'quiet': 'False', 'empty': 'False', 'warn_error_options': 'WarnErrorOptions(include=[], exclude=[])', 'invocation_command': 'dbt ', 'introspect': 'True', 'static_parser': 'True', 'target_path': '/tmp/dbt/target/', 'log_format': 'default', 'send_anonymous_usage_stats': 'False'}
[0m17:10:32.565834 [info ] [Dummy-1   ]: Registered adapter: snowflake=1.9.2
[0m17:10:32.610106 [debug] [Dummy-1   ]: checksum: 53ed91fada2233efb98368d1716b44ab532c83a9c293cf1890b7905d5b45fb25, vars: {}, profile: , target: dev, version: 1.9.4
[0m17:10:32.943527 [debug] [Dummy-1   ]: Partial parsing enabled: 0 files deleted, 0 files added, 1 files changed.
[0m17:10:32.945021 [debug] [Dummy-1   ]: Partial parsing: updated file: apc://models/intermediate/int_bom_costed.sql
[0m17:10:33.824032 [debug] [Dummy-1   ]: Wrote artifact WritableManifest to /tmp/dbt/target/manifest.json
[0m17:10:33.826576 [debug] [Dummy-1   ]: Wrote artifact SemanticManifest to /tmp/dbt/target/semantic_manifest.json
[0m17:10:33.877414 [info ] [Dummy-1   ]: Found 40 models, 89 data tests, 6 seeds, 15 sources, 474 macros
[0m17:10:33.884598 [info ] [Dummy-1   ]: 
[0m17:10:33.885471 [info ] [Dummy-1   ]: Concurrency: 4 threads (target='dev')
[0m17:10:33.886192 [info ] [Dummy-1   ]: 
[0m17:10:33.887060 [debug] [Dummy-1   ]: Acquiring new snowflake connection 'master'
[0m17:10:33.892955 [debug] [ThreadPool]: Acquiring new snowflake connection 'list_APC_DEPLOY_DB'
[0m17:10:33.976855 [debug] [ThreadPool]: Using snowflake connection "list_APC_DEPLOY_DB"
[0m17:10:33.977548 [debug] [ThreadPool]: On list_APC_DEPLOY_DB: /* {"app": "dbt", "dbt_version": "1.9.4", "profile_name": "default", "target_name": "dev", "connection_name": "list_APC_DEPLOY_DB"} */
show terse schemas in database APC_DEPLOY_DB
    limit 10000
[0m17:10:33.978239 [debug] [ThreadPool]: Opening a new connection, currently in state init
[0m17:10:34.916523 [debug] [ThreadPool]: SQL status: SUCCESS 9 in 0.938 seconds
[0m17:10:34.923189 [debug] [ThreadPool]: Re-using an available connection from the pool (formerly list_APC_DEPLOY_DB, now list_APC_DEPLOY_DB_DBT_ANALYTICS)
[0m17:10:34.924502 [debug] [ThreadPool]: Acquiring new snowflake connection 'list_APC_DEPLOY_DB_DBT_ANALYTICS_DBT_ANALYTICS'
[0m17:10:34.941260 [debug] [ThreadPool]: Using snowflake connection "list_APC_DEPLOY_DB_DBT_ANALYTICS"
[0m17:10:34.948659 [debug] [ThreadPool]: Using snowflake connection "list_APC_DEPLOY_DB_DBT_ANALYTICS_DBT_ANALYTICS"
[0m17:10:34.949385 [debug] [ThreadPool]: On list_APC_DEPLOY_DB_DBT_ANALYTICS: /* {"app": "dbt", "dbt_version": "1.9.4", "profile_name": "default", "target_name": "dev", "connection_name": "list_APC_DEPLOY_DB_DBT_ANALYTICS"} */
alter session set quoted_identifiers_ignore_case = false;
[0m17:10:34.950035 [debug] [ThreadPool]: On list_APC_DEPLOY_DB_DBT_ANALYTICS_DBT_ANALYTICS: /* {"app": "dbt", "dbt_version": "1.9.4", "profile_name": "default", "target_name": "dev", "connection_name": "list_APC_DEPLOY_DB_DBT_ANALYTICS_DBT_ANALYTICS"} */
alter session set quoted_identifiers_ignore_case = false;
[0m17:10:34.950601 [debug] [ThreadPool]: Opening a new connection, currently in state init
[0m17:10:34.951133 [debug] [ThreadPool]: Opening a new connection, currently in state init
[0m17:10:35.684587 [debug] [ThreadPool]: SQL status: SUCCESS 1 in 0.734 seconds
[0m17:10:35.689508 [debug] [ThreadPool]: Using snowflake connection "list_APC_DEPLOY_DB_DBT_ANALYTICS"
[0m17:10:35.690155 [debug] [ThreadPool]: On list_APC_DEPLOY_DB_DBT_ANALYTICS: /* {"app": "dbt", "dbt_version": "1.9.4", "profile_name": "default", "target_name": "dev", "connection_name": "list_APC_DEPLOY_DB_DBT_ANALYTICS"} */
show objects in APC_DEPLOY_DB.DBT_ANALYTICS
    limit 10000
    
;
[0m17:10:35.731278 [debug] [ThreadPool]: SQL status: SUCCESS 1 in 0.780 seconds
[0m17:10:35.733535 [debug] [ThreadPool]: Using snowflake connection "list_APC_DEPLOY_DB_DBT_ANALYTICS_DBT_ANALYTICS"
[0m17:10:35.734182 [debug] [ThreadPool]: On list_APC_DEPLOY_DB_DBT_ANALYTICS_DBT_ANALYTICS: /* {"app": "dbt", "dbt_version": "1.9.4", "profile_name": "default", "target_name": "dev", "connection_name": "list_APC_DEPLOY_DB_DBT_ANALYTICS_DBT_ANALYTICS"} */
show objects in APC_DEPLOY_DB.DBT_ANALYTICS_DBT_ANALYTICS
    limit 10000
    
;
[0m17:10:35.869106 [debug] [ThreadPool]: SQL status: SUCCESS 40 in 0.178 seconds
[0m17:10:35.870430 [debug] [ThreadPool]: SQL status: SUCCESS 6 in 0.136 seconds
[0m17:10:35.873749 [debug] [ThreadPool]: Using snowflake connection "list_APC_DEPLOY_DB_DBT_ANALYTICS"
[0m17:10:35.876009 [debug] [ThreadPool]: Using snowflake connection "list_APC_DEPLOY_DB_DBT_ANALYTICS_DBT_ANALYTICS"
[0m17:10:35.876682 [debug] [ThreadPool]: On list_APC_DEPLOY_DB_DBT_ANALYTICS: /* {"app": "dbt", "dbt_version": "1.9.4", "profile_name": "default", "target_name": "dev", "connection_name": "list_APC_DEPLOY_DB_DBT_ANALYTICS"} */
alter session unset quoted_identifiers_ignore_case;
[0m17:10:35.877316 [debug] [ThreadPool]: On list_APC_DEPLOY_DB_DBT_ANALYTICS_DBT_ANALYTICS: /* {"app": "dbt", "dbt_version": "1.9.4", "profile_name": "default", "target_name": "dev", "connection_name": "list_APC_DEPLOY_DB_DBT_ANALYTICS_DBT_ANALYTICS"} */
alter session unset quoted_identifiers_ignore_case;
[0m17:10:36.000516 [debug] [ThreadPool]: SQL status: SUCCESS 1 in 0.121 seconds
[0m17:10:36.001768 [debug] [ThreadPool]: SQL status: SUCCESS 1 in 0.124 seconds
[0m17:10:36.036124 [debug] [Thread-2 (]: Began running node model.apc.int_bom_costed
[0m17:10:36.037085 [info ] [Thread-2 (]: 1 of 3 START sql dynamic_table model DBT_ANALYTICS.int_bom_costed .............. [RUN]
[0m17:10:36.037912 [debug] [Thread-2 (]: Re-using an available connection from the pool (formerly list_APC_DEPLOY_DB_DBT_ANALYTICS, now model.apc.int_bom_costed)
[0m17:10:36.038625 [debug] [Thread-2 (]: Began compiling node model.apc.int_bom_costed
[0m17:10:36.052958 [debug] [Thread-2 (]: Writing injected SQL for node "model.apc.int_bom_costed"
[0m17:10:36.053970 [debug] [Thread-2 (]: Began executing node model.apc.int_bom_costed
[0m17:10:36.087780 [debug] [Thread-2 (]: Applying REPLACE to: "APC_DEPLOY_DB"."DBT_ANALYTICS"."INT_BOM_COSTED"
[0m17:10:36.098913 [debug] [Thread-2 (]: Writing runtime sql for node "model.apc.int_bom_costed"
[0m17:10:36.103215 [debug] [Thread-2 (]: Using snowflake connection "model.apc.int_bom_costed"
[0m17:10:36.104201 [debug] [Thread-2 (]: On model.apc.int_bom_costed: /* {"app": "dbt", "dbt_version": "1.9.4", "profile_name": "default", "target_name": "dev", "node_id": "model.apc.int_bom_costed"} */
create or replace dynamic table APC_DEPLOY_DB.DBT_ANALYTICS.int_bom_costed
        target_lag = 'downstream'
        warehouse = APC_DEPLOY_WH
        refresh_mode = AUTO

        initialize = ON_CREATE

        as (
            -- Intermediate: costed BOM — material cost + conversion cost per component at each level.
-- Co-authored with CoCo

with exploded as (
    select * from APC_DEPLOY_DB.DBT_ANALYTICS.int_bom_explosion
),

-- Material cost: standard price of each leaf component × effective qty
material_costs as (
    select
        e.root_material,
        e.plant_code,
        e.component_material,
        e.bom_level,
        e.effective_qty_per,
        sp.standard_price_local,
        fx.usd_per_unit,
        e.effective_qty_per * sp.standard_price_local * coalesce(fx.usd_per_unit, 1) as material_cost_usd
    from exploded e
    left join APC_DEPLOY_DB.DBT_ANALYTICS.stg_standard_price sp
        on e.component_material = sp.material_number
        and e.plant_code = sp.plant_code
    left join APC_DEPLOY_DB.DBT_ANALYTICS.stg_plant p
        on e.plant_code = p.plant_code
    left join APC_DEPLOY_DB.DBT_ANALYTICS.stg_fx_rates fx
        on p.local_currency = fx.from_currency
    where e.component_type in ('ROH', 'HALB')  -- raw + semi-finished
),

-- Conversion cost: sum ALL routing operations per material/plant into one total
-- (each product has multiple operations — Dispensing, Granulation, Forming, Packaging)
routing_op_costs as (
    select
        r.material_number,
        r.plant_code,
        sum(
            coalesce(r.activity_qty_1 / nullif(r.base_quantity, 0) * ar.total_rate, 0)
            + coalesce(r.activity_qty_2 / nullif(r.base_quantity, 0) * ar2.total_rate, 0)
        ) as total_conversion_cost_local
    from APC_DEPLOY_DB.DBT_ANALYTICS.stg_routings r
    left join APC_DEPLOY_DB.DBT_ANALYTICS.stg_activity_rates ar
        on r.cost_centre = ar.cost_centre
        and r.activity_type_1 = ar.activity_type
        and ar.rate_type = 1  -- plan rate
    left join APC_DEPLOY_DB.DBT_ANALYTICS.stg_activity_rates ar2
        on r.cost_centre = ar2.cost_centre
        and r.activity_type_2 = ar2.activity_type
        and ar2.rate_type = 1
    group by r.material_number, r.plant_code
),

-- One conversion cost per root material × plant (FX-converted)
conversion_costs as (
    select distinct
        e.root_material,
        e.plant_code,
        rc.total_conversion_cost_local,
        rc.total_conversion_cost_local * coalesce(fx.usd_per_unit, 1) as conversion_cost_usd
    from exploded e
    join routing_op_costs rc
        on e.root_material = rc.material_number
        and e.plant_code = rc.plant_code
    left join APC_DEPLOY_DB.DBT_ANALYTICS.stg_plant p
        on e.plant_code = p.plant_code
    left join APC_DEPLOY_DB.DBT_ANALYTICS.stg_fx_rates fx
        on p.local_currency = fx.from_currency
)

-- Material costs (one row per component)
select
    mc.root_material,
    mc.plant_code,
    mc.component_material,
    mc.bom_level,
    mc.effective_qty_per,
    mc.material_cost_usd,
    0 as conversion_cost_usd,
    mc.material_cost_usd as total_component_cost_usd,
    'material'  as cost_type
from material_costs mc

union all

-- Single conversion cost row per finished product (total of all routing operations)
select
    cc.root_material,
    cc.plant_code,
    cc.root_material as component_material,
    0 as bom_level,
    null as effective_qty_per,
    0 as material_cost_usd,
    cc.conversion_cost_usd,
    cc.conversion_cost_usd as total_component_cost_usd,
    'conversion' as cost_type
from conversion_costs cc
where cc.conversion_cost_usd > 0
        )
[0m17:10:36.104999 [debug] [Thread-2 (]: Opening a new connection, currently in state init
[0m17:10:42.669722 [debug] [Thread-2 (]: SQL status: SUCCESS 1 in 6.565 seconds
[0m17:10:42.695184 [info ] [Thread-2 (]: 1 of 3 OK created sql dynamic_table model DBT_ANALYTICS.int_bom_costed ......... [[32mSUCCESS 1[0m in 6.66s]
[0m17:10:42.696166 [debug] [Thread-2 (]: Finished running node model.apc.int_bom_costed
[0m17:10:42.698047 [debug] [Thread-4 (]: Began running node model.apc.mart_bom_cost_buildup
[0m17:10:42.699103 [info ] [Thread-4 (]: 2 of 3 START sql dynamic_table model DBT_ANALYTICS.mart_bom_cost_buildup ....... [RUN]
[0m17:10:42.699976 [debug] [Thread-4 (]: Acquiring new snowflake connection 'model.apc.mart_bom_cost_buildup'
[0m17:10:42.700619 [debug] [Thread-4 (]: Began compiling node model.apc.mart_bom_cost_buildup
[0m17:10:42.709615 [debug] [Thread-4 (]: Writing injected SQL for node "model.apc.mart_bom_cost_buildup"
[0m17:10:42.710535 [debug] [Thread-4 (]: Began executing node model.apc.mart_bom_cost_buildup
[0m17:10:42.719497 [debug] [Thread-4 (]: Applying REPLACE to: "APC_DEPLOY_DB"."DBT_ANALYTICS"."MART_BOM_COST_BUILDUP"
[0m17:10:42.720780 [debug] [Thread-4 (]: Writing runtime sql for node "model.apc.mart_bom_cost_buildup"
[0m17:10:42.723807 [debug] [Thread-4 (]: Using snowflake connection "model.apc.mart_bom_cost_buildup"
[0m17:10:42.724686 [debug] [Thread-4 (]: On model.apc.mart_bom_cost_buildup: /* {"app": "dbt", "dbt_version": "1.9.4", "profile_name": "default", "target_name": "dev", "node_id": "model.apc.mart_bom_cost_buildup"} */
create or replace dynamic table APC_DEPLOY_DB.DBT_ANALYTICS.mart_bom_cost_buildup
        target_lag = '1 hour'
        warehouse = APC_DEPLOY_WH
        refresh_mode = AUTO

        initialize = ON_CREATE

        as (
            -- Mart: full costed BOM roll-up per finished product — material + conversion + overhead by level.
-- Co-authored with CoCo

with costed as (
    select * from APC_DEPLOY_DB.DBT_ANALYTICS.int_bom_costed
),

-- Roll up to root material level
product_rollup as (
    select
        root_material,
        plant_code,
        sum(case when cost_type = 'material' then total_component_cost_usd else 0 end)   as total_material_cost_usd,
        sum(case when cost_type = 'conversion' then total_component_cost_usd else 0 end) as total_conversion_cost_usd,
        sum(total_component_cost_usd)                                                     as bom_total_cost_usd,
        max(bom_level)                                                                    as max_bom_depth,
        count(distinct component_material)                                                as component_count
    from costed
    group by root_material, plant_code
),

-- Add material master attributes
enriched as (
    select
        pr.root_material     as material_number,
        mm.material_description,
        pr.plant_code,
        pl.plant_name,
        pr.total_material_cost_usd,
        pr.total_conversion_cost_usd,
        pr.bom_total_cost_usd,
        -- Overhead estimate: 15% of conversion (typical pharma)
        round(pr.total_conversion_cost_usd * 0.15, 2)  as estimated_overhead_usd,
        pr.bom_total_cost_usd
            + round(pr.total_conversion_cost_usd * 0.15, 2) as fully_loaded_cost_usd,
        pr.max_bom_depth,
        pr.component_count,
        round(100.0 * pr.total_material_cost_usd
              / nullif(pr.bom_total_cost_usd, 0), 1)    as material_pct,
        round(100.0 * pr.total_conversion_cost_usd
              / nullif(pr.bom_total_cost_usd, 0), 1)    as conversion_pct
    from product_rollup pr
    left join APC_DEPLOY_DB.DBT_ANALYTICS.stg_material_master mm
        on pr.root_material = mm.material_number
    left join APC_DEPLOY_DB.DBT_ANALYTICS.stg_plant pl
        on pr.plant_code = pl.plant_code
)

select * from enriched
        )
[0m17:10:42.725414 [debug] [Thread-4 (]: Opening a new connection, currently in state init
[0m17:10:48.666338 [debug] [Thread-4 (]: SQL status: SUCCESS 1 in 5.941 seconds
[0m17:10:48.669718 [info ] [Thread-4 (]: 2 of 3 OK created sql dynamic_table model DBT_ANALYTICS.mart_bom_cost_buildup .. [[32mSUCCESS 1[0m in 5.97s]
[0m17:10:48.670657 [debug] [Thread-4 (]: Finished running node model.apc.mart_bom_cost_buildup
[0m17:10:48.672443 [debug] [Thread-3 (]: Began running node model.apc.mart_fmc_vs_bom
[0m17:10:48.673411 [info ] [Thread-3 (]: 3 of 3 START sql dynamic_table model DBT_ANALYTICS.mart_fmc_vs_bom ............. [RUN]
[0m17:10:48.674220 [debug] [Thread-3 (]: Re-using an available connection from the pool (formerly list_APC_DEPLOY_DB_DBT_ANALYTICS_DBT_ANALYTICS, now model.apc.mart_fmc_vs_bom)
[0m17:10:48.674835 [debug] [Thread-3 (]: Began compiling node model.apc.mart_fmc_vs_bom
[0m17:10:48.683820 [debug] [Thread-3 (]: Writing injected SQL for node "model.apc.mart_fmc_vs_bom"
[0m17:10:48.684732 [debug] [Thread-3 (]: Began executing node model.apc.mart_fmc_vs_bom
[0m17:10:48.693653 [debug] [Thread-3 (]: Applying REPLACE to: "APC_DEPLOY_DB"."DBT_ANALYTICS"."MART_FMC_VS_BOM"
[0m17:10:48.694894 [debug] [Thread-3 (]: Writing runtime sql for node "model.apc.mart_fmc_vs_bom"
[0m17:10:48.698184 [debug] [Thread-3 (]: Using snowflake connection "model.apc.mart_fmc_vs_bom"
[0m17:10:48.699058 [debug] [Thread-3 (]: On model.apc.mart_fmc_vs_bom: /* {"app": "dbt", "dbt_version": "1.9.4", "profile_name": "default", "target_name": "dev", "node_id": "model.apc.mart_fmc_vs_bom"} */
create or replace dynamic table APC_DEPLOY_DB.DBT_ANALYTICS.mart_fmc_vs_bom
        target_lag = '1 hour'
        warehouse = APC_DEPLOY_WH
        refresh_mode = AUTO

        initialize = ON_CREATE

        as (
            -- Mart: FMC reported cost vs BOM-exploded cost — variance highlights data quality gaps.
-- Co-authored with CoCo

with bom_cost as (
    select
        material_number,
        plant_code,
        bom_total_cost_usd,
        fully_loaded_cost_usd,
        component_count,
        max_bom_depth
    from APC_DEPLOY_DB.DBT_ANALYTICS.mart_bom_cost_buildup
),

-- Latest FMC cost (from the standard price in the existing pipeline)
fmc_cost as (
    select
        material_number,
        plant_code,
        standard_cost_per_unit  as fmc_standard_cost_usd
    from APC_DEPLOY_DB.DBT_ANALYTICS.mart_product_cost
    where fiscal_year = (select max(fiscal_year) from APC_DEPLOY_DB.DBT_ANALYTICS.mart_product_cost)
    qualify row_number() over (
        partition by material_number, plant_code
        order by period desc
    ) = 1
),

comparison as (
    select
        coalesce(b.material_number, f.material_number) as material_number,
        coalesce(b.plant_code, f.plant_code)           as plant_code,
        f.fmc_standard_cost_usd,
        b.bom_total_cost_usd,
        b.fully_loaded_cost_usd,
        b.component_count,
        b.max_bom_depth,
        -- Variance: BOM build-up vs FMC reported
        round(coalesce(b.fully_loaded_cost_usd, 0)
              - coalesce(f.fmc_standard_cost_usd, 0), 2) as cost_variance_usd,
        round(100.0 * (coalesce(b.fully_loaded_cost_usd, 0)
                       - coalesce(f.fmc_standard_cost_usd, 0))
              / nullif(f.fmc_standard_cost_usd, 0), 1)   as cost_variance_pct,
        -- Gap classification
        case
            when b.bom_total_cost_usd is null then 'MISSING_BOM'
            when f.fmc_standard_cost_usd is null then 'MISSING_FMC'
            when abs(coalesce(b.fully_loaded_cost_usd, 0)
                     - coalesce(f.fmc_standard_cost_usd, 0))
                 / nullif(f.fmc_standard_cost_usd, 0) > 0.10 then 'HIGH_VARIANCE'
            when abs(coalesce(b.fully_loaded_cost_usd, 0)
                     - coalesce(f.fmc_standard_cost_usd, 0))
                 / nullif(f.fmc_standard_cost_usd, 0) > 0.05 then 'MEDIUM_VARIANCE'
            else 'RECONCILED'
        end as reconciliation_status
    from bom_cost b
    full outer join fmc_cost f
        on b.material_number = f.material_number
        and b.plant_code = f.plant_code
)

select * from comparison
        )
[0m17:10:48.699781 [debug] [Thread-3 (]: Opening a new connection, currently in state init
[0m17:10:55.863080 [debug] [Thread-3 (]: SQL status: SUCCESS 1 in 7.163 seconds
[0m17:10:55.866476 [info ] [Thread-3 (]: 3 of 3 OK created sql dynamic_table model DBT_ANALYTICS.mart_fmc_vs_bom ........ [[32mSUCCESS 1[0m in 7.19s]
[0m17:10:55.867395 [debug] [Thread-3 (]: Finished running node model.apc.mart_fmc_vs_bom
[0m17:10:55.870616 [debug] [Dummy-1   ]: Connection 'master' was properly closed.
[0m17:10:55.871424 [debug] [Dummy-1   ]: Connection 'model.apc.int_bom_costed' was properly closed.
[0m17:10:55.872006 [debug] [Dummy-1   ]: Connection 'model.apc.mart_fmc_vs_bom' was properly closed.
[0m17:10:55.872565 [debug] [Dummy-1   ]: Connection 'model.apc.mart_bom_cost_buildup' was properly closed.
[0m17:10:55.873255 [info ] [Dummy-1   ]: 
[0m17:10:55.873876 [info ] [Dummy-1   ]: Finished running 3 dynamic table models in 0 hours 0 minutes and 21.99 seconds (21.99s).
[0m17:10:55.875027 [debug] [Dummy-1   ]: Command end result
[0m17:10:55.923179 [debug] [Dummy-1   ]: Wrote artifact WritableManifest to /tmp/dbt/target/manifest.json
[0m17:10:55.925527 [debug] [Dummy-1   ]: Wrote artifact SemanticManifest to /tmp/dbt/target/semantic_manifest.json
[0m17:10:55.931846 [debug] [Dummy-1   ]: Wrote artifact RunExecutionResult to /tmp/dbt/target/run_results.json
[0m17:10:55.932443 [info ] [Dummy-1   ]: 
[0m17:10:55.933127 [info ] [Dummy-1   ]: [32mCompleted successfully[0m
[0m17:10:55.933705 [info ] [Dummy-1   ]: 
[0m17:10:55.934350 [info ] [Dummy-1   ]: Done. PASS=3 WARN=0 ERROR=0 SKIP=0 TOTAL=3
[0m17:10:55.936225 [debug] [Dummy-1   ]: Resource report: {"command_name": "run", "command_success": true, "command_wall_clock_time": 23.730091, "process_in_blocks": "0", "process_kernel_time": 0.82, "process_mem_max_rss": "507852", "process_out_blocks": "0", "process_user_time": 5.04}
[0m17:10:55.936965 [debug] [Dummy-1   ]: Command `cli run` succeeded at 17:10:55.936621 after 23.73 seconds
[0m17:10:55.937583 [debug] [Dummy-1   ]: Flushing usage events


============================== 17:16:15.634856 | 9e851cd8-8988-4c2e-9877-53a77b55790f ==============================
[0m17:16:15.634856 [info ] [Dummy-1   ]: Running with dbt=1.9.4
[0m17:16:15.635939 [debug] [Dummy-1   ]: running dbt with arguments {'printer_width': '80', 'indirect_selection': 'eager', 'write_json': 'True', 'log_cache_events': 'False', 'partial_parse': 'True', 'cache_selected_only': 'False', 'warn_error': 'None', 'debug': 'False', 'version_check': 'True', 'log_path': '/tmp/dbt/logs', 'profiles_dir': '/tmp/dbt/', 'fail_fast': 'False', 'use_colors': 'True', 'use_experimental_parser': 'False', 'no_print': 'None', 'quiet': 'False', 'empty': 'None', 'warn_error_options': 'WarnErrorOptions(include=[], exclude=[])', 'invocation_command': 'dbt ', 'introspect': 'True', 'log_format': 'default', 'target_path': '/tmp/dbt/target/', 'static_parser': 'True', 'send_anonymous_usage_stats': 'False'}
[0m17:16:15.933530 [info ] [Dummy-1   ]: Registered adapter: snowflake=1.9.2
[0m17:16:15.979505 [debug] [Dummy-1   ]: checksum: 53ed91fada2233efb98368d1716b44ab532c83a9c293cf1890b7905d5b45fb25, vars: {}, profile: , target: dev, version: 1.9.4
[0m17:16:16.324105 [debug] [Dummy-1   ]: Partial parsing enabled: 0 files deleted, 0 files added, 1 files changed.
[0m17:16:16.325602 [debug] [Dummy-1   ]: Partial parsing: updated file: apc://seeds/brand_ta_mapping.csv
[0m17:16:16.853322 [debug] [Dummy-1   ]: Wrote artifact WritableManifest to /tmp/dbt/target/manifest.json
[0m17:16:16.855891 [debug] [Dummy-1   ]: Wrote artifact SemanticManifest to /tmp/dbt/target/semantic_manifest.json
[0m17:16:16.910705 [info ] [Dummy-1   ]: Found 40 models, 89 data tests, 6 seeds, 15 sources, 474 macros
[0m17:16:16.914589 [info ] [Dummy-1   ]: 
[0m17:16:16.915260 [info ] [Dummy-1   ]: Concurrency: 4 threads (target='dev')
[0m17:16:16.915821 [info ] [Dummy-1   ]: 
[0m17:16:16.916722 [debug] [Dummy-1   ]: Acquiring new snowflake connection 'master'
[0m17:16:16.918808 [debug] [ThreadPool]: Acquiring new snowflake connection 'list_APC_DEPLOY_DB'
[0m17:16:17.003922 [debug] [ThreadPool]: Using snowflake connection "list_APC_DEPLOY_DB"
[0m17:16:17.004694 [debug] [ThreadPool]: On list_APC_DEPLOY_DB: /* {"app": "dbt", "dbt_version": "1.9.4", "profile_name": "default", "target_name": "dev", "connection_name": "list_APC_DEPLOY_DB"} */
show terse schemas in database APC_DEPLOY_DB
    limit 10000
[0m17:16:17.005303 [debug] [ThreadPool]: Opening a new connection, currently in state init
[0m17:16:17.859671 [debug] [ThreadPool]: SQL status: SUCCESS 9 in 0.854 seconds
[0m17:16:17.870766 [debug] [ThreadPool]: Re-using an available connection from the pool (formerly list_APC_DEPLOY_DB, now list_APC_DEPLOY_DB_DBT_ANALYTICS_DBT_ANALYTICS)
[0m17:16:17.872254 [debug] [ThreadPool]: Acquiring new snowflake connection 'list_APC_DEPLOY_DB_DBT_ANALYTICS'
[0m17:16:17.889589 [debug] [ThreadPool]: Using snowflake connection "list_APC_DEPLOY_DB_DBT_ANALYTICS_DBT_ANALYTICS"
[0m17:16:17.897292 [debug] [ThreadPool]: Using snowflake connection "list_APC_DEPLOY_DB_DBT_ANALYTICS"
[0m17:16:17.898034 [debug] [ThreadPool]: On list_APC_DEPLOY_DB_DBT_ANALYTICS_DBT_ANALYTICS: /* {"app": "dbt", "dbt_version": "1.9.4", "profile_name": "default", "target_name": "dev", "connection_name": "list_APC_DEPLOY_DB_DBT_ANALYTICS_DBT_ANALYTICS"} */
alter session set quoted_identifiers_ignore_case = false;
[0m17:16:17.898797 [debug] [ThreadPool]: On list_APC_DEPLOY_DB_DBT_ANALYTICS: /* {"app": "dbt", "dbt_version": "1.9.4", "profile_name": "default", "target_name": "dev", "connection_name": "list_APC_DEPLOY_DB_DBT_ANALYTICS"} */
alter session set quoted_identifiers_ignore_case = false;
[0m17:16:17.899433 [debug] [ThreadPool]: Opening a new connection, currently in state init
[0m17:16:17.900024 [debug] [ThreadPool]: Opening a new connection, currently in state init
[0m17:16:18.725024 [debug] [ThreadPool]: SQL status: SUCCESS 1 in 0.825 seconds
[0m17:16:18.730152 [debug] [ThreadPool]: Using snowflake connection "list_APC_DEPLOY_DB_DBT_ANALYTICS_DBT_ANALYTICS"
[0m17:16:18.730846 [debug] [ThreadPool]: On list_APC_DEPLOY_DB_DBT_ANALYTICS_DBT_ANALYTICS: /* {"app": "dbt", "dbt_version": "1.9.4", "profile_name": "default", "target_name": "dev", "connection_name": "list_APC_DEPLOY_DB_DBT_ANALYTICS_DBT_ANALYTICS"} */
show objects in APC_DEPLOY_DB.DBT_ANALYTICS_DBT_ANALYTICS
    limit 10000
    
;
[0m17:16:18.772359 [debug] [ThreadPool]: SQL status: SUCCESS 1 in 0.872 seconds
[0m17:16:18.774700 [debug] [ThreadPool]: Using snowflake connection "list_APC_DEPLOY_DB_DBT_ANALYTICS"
[0m17:16:18.775379 [debug] [ThreadPool]: On list_APC_DEPLOY_DB_DBT_ANALYTICS: /* {"app": "dbt", "dbt_version": "1.9.4", "profile_name": "default", "target_name": "dev", "connection_name": "list_APC_DEPLOY_DB_DBT_ANALYTICS"} */
show objects in APC_DEPLOY_DB.DBT_ANALYTICS
    limit 10000
    
;
[0m17:16:18.862279 [debug] [ThreadPool]: SQL status: SUCCESS 6 in 0.131 seconds
[0m17:16:18.947550 [debug] [ThreadPool]: SQL status: SUCCESS 40 in 0.171 seconds
[0m17:16:18.954267 [debug] [ThreadPool]: Using snowflake connection "list_APC_DEPLOY_DB_DBT_ANALYTICS_DBT_ANALYTICS"
[0m17:16:18.957686 [debug] [ThreadPool]: Using snowflake connection "list_APC_DEPLOY_DB_DBT_ANALYTICS"
[0m17:16:18.958461 [debug] [ThreadPool]: On list_APC_DEPLOY_DB_DBT_ANALYTICS_DBT_ANALYTICS: /* {"app": "dbt", "dbt_version": "1.9.4", "profile_name": "default", "target_name": "dev", "connection_name": "list_APC_DEPLOY_DB_DBT_ANALYTICS_DBT_ANALYTICS"} */
alter session unset quoted_identifiers_ignore_case;
[0m17:16:18.959101 [debug] [ThreadPool]: On list_APC_DEPLOY_DB_DBT_ANALYTICS: /* {"app": "dbt", "dbt_version": "1.9.4", "profile_name": "default", "target_name": "dev", "connection_name": "list_APC_DEPLOY_DB_DBT_ANALYTICS"} */
alter session unset quoted_identifiers_ignore_case;
[0m17:16:19.111162 [debug] [ThreadPool]: SQL status: SUCCESS 1 in 0.150 seconds
[0m17:16:19.112368 [debug] [ThreadPool]: SQL status: SUCCESS 1 in 0.153 seconds
[0m17:16:19.147318 [debug] [Thread-2 (]: Began running node seed.apc.brand_ta_mapping
[0m17:16:19.148358 [info ] [Thread-2 (]: 1 of 1 START seed file DBT_ANALYTICS_DBT_ANALYTICS.brand_ta_mapping ............ [RUN]
[0m17:16:19.149269 [debug] [Thread-2 (]: Re-using an available connection from the pool (formerly list_APC_DEPLOY_DB_DBT_ANALYTICS_DBT_ANALYTICS, now seed.apc.brand_ta_mapping)
[0m17:16:19.149900 [debug] [Thread-2 (]: Began compiling node seed.apc.brand_ta_mapping
[0m17:16:19.150535 [debug] [Thread-2 (]: Began executing node seed.apc.brand_ta_mapping
[0m17:16:19.205196 [debug] [Thread-2 (]: Applying DROP to: "APC_DEPLOY_DB"."DBT_ANALYTICS_DBT_ANALYTICS"."BRAND_TA_MAPPING"
[0m17:16:19.214694 [debug] [Thread-2 (]: Using snowflake connection "seed.apc.brand_ta_mapping"
[0m17:16:19.215616 [debug] [Thread-2 (]: On seed.apc.brand_ta_mapping: /* {"app": "dbt", "dbt_version": "1.9.4", "profile_name": "default", "target_name": "dev", "node_id": "seed.apc.brand_ta_mapping"} */
drop table if exists "APC_DEPLOY_DB"."DBT_ANALYTICS_DBT_ANALYTICS"."BRAND_TA_MAPPING" cascade
[0m17:16:19.216437 [debug] [Thread-2 (]: Opening a new connection, currently in state init
[0m17:16:20.297747 [debug] [Thread-2 (]: SQL status: SUCCESS 1 in 1.081 seconds
[0m17:16:20.307111 [debug] [Thread-2 (]: Using snowflake connection "seed.apc.brand_ta_mapping"
[0m17:16:20.308020 [debug] [Thread-2 (]: On seed.apc.brand_ta_mapping: /* {"app": "dbt", "dbt_version": "1.9.4", "profile_name": "default", "target_name": "dev", "node_id": "seed.apc.brand_ta_mapping"} */
create table APC_DEPLOY_DB.DBT_ANALYTICS_DBT_ANALYTICS.brand_ta_mapping (material_number text,brand text,therapeutic_area text,country text,legal_entity text)
[0m17:16:20.612994 [debug] [Thread-2 (]: SQL status: SUCCESS 1 in 0.304 seconds
[0m17:16:20.629287 [debug] [Thread-2 (]: Using snowflake connection "seed.apc.brand_ta_mapping"
[0m17:16:20.630130 [debug] [Thread-2 (]: On seed.apc.brand_ta_mapping: /* {"app": "dbt", "dbt_version": "1.9.4", "profile_name": "default", "target_name": "dev", "node_id": "seed.apc.brand_ta_mapping"} */
BEGIN
[0m17:16:20.778843 [debug] [Thread-2 (]: SQL status: SUCCESS 1 in 0.148 seconds
[0m17:16:20.780130 [debug] [Thread-2 (]: Using snowflake connection "seed.apc.brand_ta_mapping"
[0m17:16:20.780832 [debug] [Thread-2 (]: On seed.apc.brand_ta_mapping: /* {"app": "dbt", "dbt_version": "1.9.4", "profile_name": "default", "target_name": "dev", "node_id": "seed.apc.brand_ta_mapping"} */
insert into APC_DEPLOY_DB.DBT_ANALYTICS_DBT_ANALYTICS.brand_ta_mapping (material_number, brand, therapeutic_area, country, legal_entity) values
            (%s,%s,%s,%s,%s),(%s,%s,%s,%s,%s),(%s,%s,%s,%s,%s),(%s,%s,%s,%s,%s),(%s,%s,%s,%s,%s),(%s,%s,%s,%s,%s),(%s,%s,%s,%s,%s),(%s,%s,%s,%s,%s),(%s,%s,%s,%s,%s),(%s,%s,%s,%s,%s)...
[0m17:16:21.332357 [debug] [Thread-2 (]: SQL status: SUCCESS 10 in 0.551 seconds
[0m17:16:21.333274 [debug] [Thread-2 (]: Using snowflake connection "seed.apc.brand_ta_mapping"
[0m17:16:21.333940 [debug] [Thread-2 (]: On seed.apc.brand_ta_mapping: /* {"app": "dbt", "dbt_version": "1.9.4", "profile_name": "default", "target_name": "dev", "node_id": "seed.apc.brand_ta_mapping"} */
COMMIT
[0m17:16:21.762912 [debug] [Thread-2 (]: SQL status: SUCCESS 1 in 0.428 seconds
[0m17:16:21.769645 [debug] [Thread-2 (]: Writing runtime SQL for node "seed.apc.brand_ta_mapping"
[0m17:16:21.801710 [info ] [Thread-2 (]: 1 of 1 OK loaded seed file DBT_ANALYTICS_DBT_ANALYTICS.brand_ta_mapping ........ [[32mCREATE 10[0m in 2.65s]
[0m17:16:21.802703 [debug] [Thread-2 (]: Finished running node seed.apc.brand_ta_mapping
[0m17:16:21.806092 [debug] [Dummy-1   ]: Connection 'master' was properly closed.
[0m17:16:21.806774 [debug] [Dummy-1   ]: Connection 'seed.apc.brand_ta_mapping' was properly closed.
[0m17:16:21.807346 [debug] [Dummy-1   ]: Connection 'list_APC_DEPLOY_DB_DBT_ANALYTICS' was properly closed.
[0m17:16:21.807967 [info ] [Dummy-1   ]: 
[0m17:16:21.808742 [info ] [Dummy-1   ]: Finished running 1 seed in 0 hours 0 minutes and 4.89 seconds (4.89s).
[0m17:16:21.809720 [debug] [Dummy-1   ]: Command end result
[0m17:16:21.860262 [debug] [Dummy-1   ]: Wrote artifact WritableManifest to /tmp/dbt/target/manifest.json
[0m17:16:21.862951 [debug] [Dummy-1   ]: Wrote artifact SemanticManifest to /tmp/dbt/target/semantic_manifest.json
[0m17:16:21.869600 [debug] [Dummy-1   ]: Wrote artifact RunExecutionResult to /tmp/dbt/target/run_results.json
[0m17:16:21.870236 [info ] [Dummy-1   ]: 
[0m17:16:21.871015 [info ] [Dummy-1   ]: [32mCompleted successfully[0m
[0m17:16:21.871565 [info ] [Dummy-1   ]: 
[0m17:16:21.872150 [info ] [Dummy-1   ]: Done. PASS=1 WARN=0 ERROR=0 SKIP=0 TOTAL=1
[0m17:16:21.874013 [debug] [Dummy-1   ]: Resource report: {"command_name": "seed", "command_success": true, "command_wall_clock_time": 6.3171916, "process_in_blocks": "0", "process_kernel_time": 0.94, "process_mem_max_rss": "459060", "process_out_blocks": "0", "process_user_time": 4.98}
[0m17:16:21.874757 [debug] [Dummy-1   ]: Command `cli seed` succeeded at 17:16:21.874398 after 6.32 seconds
[0m17:16:21.875420 [debug] [Dummy-1   ]: Flushing usage events


============================== 17:16:45.053275 | f7d37cbe-f7e6-41d3-85da-698eaac07586 ==============================
[0m17:16:45.053275 [info ] [Dummy-1   ]: Running with dbt=1.9.4
[0m17:16:45.054377 [debug] [Dummy-1   ]: running dbt with arguments {'printer_width': '80', 'indirect_selection': 'eager', 'log_cache_events': 'False', 'write_json': 'True', 'partial_parse': 'True', 'cache_selected_only': 'False', 'profiles_dir': '/tmp/dbt/', 'fail_fast': 'False', 'debug': 'False', 'log_path': '/tmp/dbt/logs', 'version_check': 'True', 'warn_error': 'None', 'use_colors': 'True', 'use_experimental_parser': 'False', 'empty': 'False', 'quiet': 'False', 'no_print': 'None', 'log_format': 'default', 'invocation_command': 'dbt ', 'static_parser': 'True', 'introspect': 'True', 'target_path': '/tmp/dbt/target/', 'warn_error_options': 'WarnErrorOptions(include=[], exclude=[])', 'send_anonymous_usage_stats': 'False'}
[0m17:16:45.347801 [info ] [Dummy-1   ]: Registered adapter: snowflake=1.9.2
[0m17:16:45.393008 [debug] [Dummy-1   ]: checksum: 53ed91fada2233efb98368d1716b44ab532c83a9c293cf1890b7905d5b45fb25, vars: {}, profile: , target: dev, version: 1.9.4
[0m17:16:45.736604 [debug] [Dummy-1   ]: Partial parsing enabled: 0 files deleted, 0 files added, 0 files changed.
[0m17:16:45.737355 [debug] [Dummy-1   ]: Partial parsing enabled, no changes found, skipping parsing
[0m17:16:45.956803 [debug] [Dummy-1   ]: Wrote artifact WritableManifest to /tmp/dbt/target/manifest.json
[0m17:16:45.959440 [debug] [Dummy-1   ]: Wrote artifact SemanticManifest to /tmp/dbt/target/semantic_manifest.json
[0m17:16:46.012309 [info ] [Dummy-1   ]: Found 40 models, 89 data tests, 6 seeds, 15 sources, 474 macros
[0m17:16:46.016399 [info ] [Dummy-1   ]: 
[0m17:16:46.017279 [info ] [Dummy-1   ]: Concurrency: 4 threads (target='dev')
[0m17:16:46.017945 [info ] [Dummy-1   ]: 
[0m17:16:46.018957 [debug] [Dummy-1   ]: Acquiring new snowflake connection 'master'
[0m17:16:46.021143 [debug] [ThreadPool]: Acquiring new snowflake connection 'list_APC_DEPLOY_DB'
[0m17:16:46.109379 [debug] [ThreadPool]: Using snowflake connection "list_APC_DEPLOY_DB"
[0m17:16:46.110115 [debug] [ThreadPool]: On list_APC_DEPLOY_DB: /* {"app": "dbt", "dbt_version": "1.9.4", "profile_name": "default", "target_name": "dev", "connection_name": "list_APC_DEPLOY_DB"} */
show terse schemas in database APC_DEPLOY_DB
    limit 10000
[0m17:16:46.110704 [debug] [ThreadPool]: Opening a new connection, currently in state init
[0m17:16:47.129554 [debug] [ThreadPool]: SQL status: SUCCESS 9 in 1.019 seconds
[0m17:16:47.140064 [debug] [ThreadPool]: Re-using an available connection from the pool (formerly list_APC_DEPLOY_DB, now list_APC_DEPLOY_DB_DBT_ANALYTICS)
[0m17:16:47.141555 [debug] [ThreadPool]: Acquiring new snowflake connection 'list_APC_DEPLOY_DB_DBT_ANALYTICS_DBT_ANALYTICS'
[0m17:16:47.159667 [debug] [ThreadPool]: Using snowflake connection "list_APC_DEPLOY_DB_DBT_ANALYTICS"
[0m17:16:47.167589 [debug] [ThreadPool]: Using snowflake connection "list_APC_DEPLOY_DB_DBT_ANALYTICS_DBT_ANALYTICS"
[0m17:16:47.168397 [debug] [ThreadPool]: On list_APC_DEPLOY_DB_DBT_ANALYTICS: /* {"app": "dbt", "dbt_version": "1.9.4", "profile_name": "default", "target_name": "dev", "connection_name": "list_APC_DEPLOY_DB_DBT_ANALYTICS"} */
alter session set quoted_identifiers_ignore_case = false;
[0m17:16:47.169233 [debug] [ThreadPool]: On list_APC_DEPLOY_DB_DBT_ANALYTICS_DBT_ANALYTICS: /* {"app": "dbt", "dbt_version": "1.9.4", "profile_name": "default", "target_name": "dev", "connection_name": "list_APC_DEPLOY_DB_DBT_ANALYTICS_DBT_ANALYTICS"} */
alter session set quoted_identifiers_ignore_case = false;
[0m17:16:47.169929 [debug] [ThreadPool]: Opening a new connection, currently in state init
[0m17:16:47.170496 [debug] [ThreadPool]: Opening a new connection, currently in state init
[0m17:16:47.959653 [debug] [ThreadPool]: SQL status: SUCCESS 1 in 0.790 seconds
[0m17:16:47.964660 [debug] [ThreadPool]: Using snowflake connection "list_APC_DEPLOY_DB_DBT_ANALYTICS"
[0m17:16:47.965355 [debug] [ThreadPool]: On list_APC_DEPLOY_DB_DBT_ANALYTICS: /* {"app": "dbt", "dbt_version": "1.9.4", "profile_name": "default", "target_name": "dev", "connection_name": "list_APC_DEPLOY_DB_DBT_ANALYTICS"} */
show objects in APC_DEPLOY_DB.DBT_ANALYTICS
    limit 10000
    
;
[0m17:16:48.029656 [debug] [ThreadPool]: SQL status: SUCCESS 1 in 0.859 seconds
[0m17:16:48.032047 [debug] [ThreadPool]: Using snowflake connection "list_APC_DEPLOY_DB_DBT_ANALYTICS_DBT_ANALYTICS"
[0m17:16:48.032755 [debug] [ThreadPool]: On list_APC_DEPLOY_DB_DBT_ANALYTICS_DBT_ANALYTICS: /* {"app": "dbt", "dbt_version": "1.9.4", "profile_name": "default", "target_name": "dev", "connection_name": "list_APC_DEPLOY_DB_DBT_ANALYTICS_DBT_ANALYTICS"} */
show objects in APC_DEPLOY_DB.DBT_ANALYTICS_DBT_ANALYTICS
    limit 10000
    
;
[0m17:16:48.148643 [debug] [ThreadPool]: SQL status: SUCCESS 40 in 0.182 seconds
[0m17:16:48.152018 [debug] [ThreadPool]: Using snowflake connection "list_APC_DEPLOY_DB_DBT_ANALYTICS"
[0m17:16:48.152680 [debug] [ThreadPool]: On list_APC_DEPLOY_DB_DBT_ANALYTICS: /* {"app": "dbt", "dbt_version": "1.9.4", "profile_name": "default", "target_name": "dev", "connection_name": "list_APC_DEPLOY_DB_DBT_ANALYTICS"} */
alter session unset quoted_identifiers_ignore_case;
[0m17:16:48.194798 [debug] [ThreadPool]: SQL status: SUCCESS 6 in 0.161 seconds
[0m17:16:48.197335 [debug] [ThreadPool]: Using snowflake connection "list_APC_DEPLOY_DB_DBT_ANALYTICS_DBT_ANALYTICS"
[0m17:16:48.197987 [debug] [ThreadPool]: On list_APC_DEPLOY_DB_DBT_ANALYTICS_DBT_ANALYTICS: /* {"app": "dbt", "dbt_version": "1.9.4", "profile_name": "default", "target_name": "dev", "connection_name": "list_APC_DEPLOY_DB_DBT_ANALYTICS_DBT_ANALYTICS"} */
alter session unset quoted_identifiers_ignore_case;
[0m17:16:48.375358 [debug] [ThreadPool]: SQL status: SUCCESS 1 in 0.177 seconds
[0m17:16:48.383585 [debug] [ThreadPool]: SQL status: SUCCESS 1 in 0.230 seconds
[0m17:16:48.414677 [debug] [Thread-2 (]: Began running node model.apc.mart_cogm_evolution
[0m17:16:48.415614 [info ] [Thread-2 (]: 1 of 1 START sql dynamic_table model DBT_ANALYTICS.mart_cogm_evolution ......... [RUN]
[0m17:16:48.416462 [debug] [Thread-2 (]: Re-using an available connection from the pool (formerly list_APC_DEPLOY_DB_DBT_ANALYTICS, now model.apc.mart_cogm_evolution)
[0m17:16:48.417096 [debug] [Thread-2 (]: Began compiling node model.apc.mart_cogm_evolution
[0m17:16:48.430462 [debug] [Thread-2 (]: Writing injected SQL for node "model.apc.mart_cogm_evolution"
[0m17:16:48.431441 [debug] [Thread-2 (]: Began executing node model.apc.mart_cogm_evolution
[0m17:16:48.465135 [debug] [Thread-2 (]: Applying REPLACE to: "APC_DEPLOY_DB"."DBT_ANALYTICS"."MART_COGM_EVOLUTION"
[0m17:16:48.477663 [debug] [Thread-2 (]: Writing runtime sql for node "model.apc.mart_cogm_evolution"
[0m17:16:48.480857 [debug] [Thread-2 (]: Using snowflake connection "model.apc.mart_cogm_evolution"
[0m17:16:48.481747 [debug] [Thread-2 (]: On model.apc.mart_cogm_evolution: /* {"app": "dbt", "dbt_version": "1.9.4", "profile_name": "default", "target_name": "dev", "node_id": "model.apc.mart_cogm_evolution"} */
create or replace dynamic table APC_DEPLOY_DB.DBT_ANALYTICS.mart_cogm_evolution
        target_lag = '1 hour'
        warehouse = APC_DEPLOY_WH
        refresh_mode = AUTO

        initialize = ON_CREATE

        as (
            -- Mart: COGM evolution tracked by site/brand/country/TA over time.
-- Co-authored with CoCo

with costs as (
    select
        pc.material_number,
        pc.material_description,
        pc.plant_code,
        pc.fiscal_year,
        pc.period,
        pc.actual_cost_per_unit,
        pc.standard_cost_per_unit,
        pc.cost_variance_pct,
        pc.variance_flag
    from APC_DEPLOY_DB.DBT_ANALYTICS.mart_product_cost pc
    where pc.material_type = 'FERT'
),

-- Enrich with brand/TA/country dimensions from seed
dimensioned as (
    select
        c.material_number,
        c.material_description,
        c.plant_code,
        pl.plant_name,
        pl.country as country_code,
        bt.brand,
        bt.therapeutic_area,
        bt.country as market_country,
        bt.legal_entity,
        c.fiscal_year,
        c.period,
        c.actual_cost_per_unit,
        c.standard_cost_per_unit,
        c.cost_variance_pct,
        c.variance_flag,
        -- Period-over-period cost change
        c.actual_cost_per_unit - lag(c.actual_cost_per_unit) over (
            partition by c.material_number, c.plant_code
            order by c.fiscal_year, c.period
        ) as cost_change_vs_prior,
        -- Rolling 3-period average
        avg(c.actual_cost_per_unit) over (
            partition by c.material_number, c.plant_code
            order by c.fiscal_year, c.period
            rows between 2 preceding and current row
        ) as rolling_3m_avg_cost
    from costs c
    left join APC_DEPLOY_DB.DBT_ANALYTICS.stg_plant pl
        on c.plant_code = pl.plant_code
    left join APC_DEPLOY_DB.DBT_ANALYTICS_DBT_ANALYTICS.brand_ta_mapping bt
        on c.material_number = bt.material_number
)

select
    *,
    -- YoY comparison flag
    case
        when cost_change_vs_prior > 0 and cost_variance_pct > 5 then 'ESCALATING'
        when cost_change_vs_prior < 0 then 'IMPROVING'
        else 'STABLE'
    end as cost_trajectory
from dimensioned
        )
[0m17:16:48.482491 [debug] [Thread-2 (]: Opening a new connection, currently in state init
[0m17:16:55.808733 [debug] [Thread-2 (]: SQL status: SUCCESS 1 in 7.326 seconds
[0m17:16:55.835589 [info ] [Thread-2 (]: 1 of 1 OK created sql dynamic_table model DBT_ANALYTICS.mart_cogm_evolution .... [[32mSUCCESS 1[0m in 7.42s]
[0m17:16:55.836641 [debug] [Thread-2 (]: Finished running node model.apc.mart_cogm_evolution
[0m17:16:55.839946 [debug] [Dummy-1   ]: Connection 'master' was properly closed.
[0m17:16:55.840602 [debug] [Dummy-1   ]: Connection 'model.apc.mart_cogm_evolution' was properly closed.
[0m17:16:55.841176 [debug] [Dummy-1   ]: Connection 'list_APC_DEPLOY_DB_DBT_ANALYTICS_DBT_ANALYTICS' was properly closed.
[0m17:16:55.841781 [info ] [Dummy-1   ]: 
[0m17:16:55.842439 [info ] [Dummy-1   ]: Finished running 1 dynamic table model in 0 hours 0 minutes and 9.82 seconds (9.82s).
[0m17:16:55.843416 [debug] [Dummy-1   ]: Command end result
[0m17:16:55.893713 [debug] [Dummy-1   ]: Wrote artifact WritableManifest to /tmp/dbt/target/manifest.json
[0m17:16:55.896231 [debug] [Dummy-1   ]: Wrote artifact SemanticManifest to /tmp/dbt/target/semantic_manifest.json
[0m17:16:55.902826 [debug] [Dummy-1   ]: Wrote artifact RunExecutionResult to /tmp/dbt/target/run_results.json
[0m17:16:55.903444 [info ] [Dummy-1   ]: 
[0m17:16:55.904235 [info ] [Dummy-1   ]: [32mCompleted successfully[0m
[0m17:16:55.904819 [info ] [Dummy-1   ]: 
[0m17:16:55.905461 [info ] [Dummy-1   ]: Done. PASS=1 WARN=0 ERROR=0 SKIP=0 TOTAL=1
[0m17:16:55.907329 [debug] [Dummy-1   ]: Resource report: {"command_name": "run", "command_success": true, "command_wall_clock_time": 10.931762, "process_in_blocks": "0", "process_kernel_time": 0.79, "process_mem_max_rss": "452276", "process_out_blocks": "0", "process_user_time": 4.59}
[0m17:16:55.908072 [debug] [Dummy-1   ]: Command `cli run` succeeded at 17:16:55.907708 after 10.93 seconds
[0m17:16:55.908834 [debug] [Dummy-1   ]: Flushing usage events
